            { tag='div', class='col-12 col-inherit', buttons=[text='King's College London', url='/'] }
              { tag='nav', class='header__nav', buttons=[text='Menu', url='/faculties-departments', text='Search', url='/faculties-departments'] }
              { tag='li', buttons=[text='Study', url='https://www.kcl.ac.uk/study'] }
              { tag='li', buttons=[text='Undergraduate', url='https://www.kcl.ac.uk/study/undergraduate'] }
              { tag='li', buttons=[text='Postgraduate Taught', url='https://www.kcl.ac.uk/study/postgraduate-taught'] }
              { tag='li', buttons=[text='Postgraduate Research', url='https://www.kcl.ac.uk/study/postgraduate-research'] }
              { tag='li', buttons=[text='International', url='https://www.kcl.ac.uk/study/international'] }
              { tag='li', buttons=[text='Study Abroad', url='https://www.kcl.ac.uk/study/abroad-opportunities'] }
              { tag='li', buttons=[text='Social Mobility', url='https://www.kcl.ac.uk/study/social-mobility'] }
              { tag='li', buttons=[text='Visit King's', url='https://www.kcl.ac.uk/visit/'] }
              { tag='li', buttons=[text='International Foundation', url='https://www.kcl.ac.uk/international-foundation'] }
              { tag='li', buttons=[text='Language Centre', url='https://www.kcl.ac.uk/language-centre'] }
              { tag='li', buttons=[text='Professional Education', url='https://www.kcl.ac.uk/professional-education'] }
              { tag='li', buttons=[text='Summer & Winter Programmes', url='https://www.kcl.ac.uk/summer/index.aspx'] }
              { tag='li', buttons=[text='Accommodation', url='https://www.kcl.ac.uk/accommodation/index.aspx'] }
              { tag='li', buttons=[text='Student news', url='https://www.kcl.ac.uk/students/news.aspx'] }
              { tag='li', buttons=[text='Student services', url='https://www.kcl.ac.uk/student-life'] }
              { tag='li', buttons=[text='Mental Health and Wellbeing', url='https://www.kcl.ac.uk/smhw'] }
              { tag='li', buttons=[text='Academic Calendar', url='https://self-service.kcl.ac.uk/article/KA-01913/en-us'] }
              { tag='li', buttons=[text='King's Sport', url='https://www.kcl.ac.uk/sport'] }
              { tag='li', buttons=[text='Libraries & Collections', url='https://www.kcl.ac.uk/library/index.aspx'] }
              { tag='li', buttons=[text='Student's Union', url='https://www.kclsu.org/'] }
              { tag='li', buttons=[text='Careers', url='https://www.kcl.ac.uk/careers'] }
              { tag='li', buttons=[text='Language Centre', url='https://www.kcl.ac.uk/language-centre'] }
              { tag='li', buttons=[text='King's IT', url='https://www.kcl.ac.uk/it/index.aspx'] }
              { tag='li', buttons=[text='Student Services Online', url='https://self-service.kcl.ac.uk/'] }
              { tag='li', buttons=[text='Research & innovation', url='https://www.kcl.ac.uk/research'] }
              { tag='li', buttons=[text='Explore', url='https://www.kcl.ac.uk/research/explore'] }
              { tag='li', buttons=[text='Impact', url='https://www.kcl.ac.uk/research/impact'] }
              { tag='li', buttons=[text='Research environment', url='https://www.kcl.ac.uk/research/research-environment'] }
              { tag='li', buttons=[text='Funding', url='https://www.kcl.ac.uk/research/funding'] }
              { tag='li', buttons=[text='Facilities', url='https://www.kcl.ac.uk/research/facilities'] }
              { tag='li', buttons=[text='Partnerships', url='https://www.kcl.ac.uk/research/partnerships'] }
              { tag='li', buttons=[text='King's Health Partners', url='https://www.kingshealthpartners.org'] }
              { tag='li', buttons=[text='King's Doctoral College', url='https://www.kcl.ac.uk/doctoralcollege'] }
              { tag='li', buttons=[text='Our faculties', url='https://www.kcl.ac.uk/faculties-departments.aspx'] }
              { tag='li', buttons=[text='Arts & Humanities', url='https://www.kcl.ac.uk/artshums/index.aspx'] }
              { tag='li', buttons=[text='Business', url='https://www.kcl.ac.uk/business/index.aspx'] }
              { tag='li', buttons=[text='Dentistry, Oral & Craniofacial Sciences', url='https://www.kcl.ac.uk/dentistry/index.aspx'] }
              { tag='li', buttons=[text='Law', url='https://www.kcl.ac.uk/law/index.aspx'] }
              { tag='li', buttons=[text='Life Sciences & Medicine', url='https://www.kcl.ac.uk/lsm/index.aspx'] }
              { tag='li', buttons=[text='Natural, Mathematical & Engineering Sciences', url='https://www.kcl.ac.uk/nmes/index.aspx'] }
              { tag='li', buttons=[text='Nursing, Midwifery & Palliative Care', url='https://www.kcl.ac.uk/nmpc/index.aspx'] }
              { tag='li', buttons=[text='Psychiatry, Psychology & Neuroscience', url='https://www.kcl.ac.uk/ioppn/index.aspx'] }
              { tag='li', buttons=[text='Social Science & Public Policy', url='https://www.kcl.ac.uk/sspp/index.aspx'] }
              { tag='li', buttons=[text='About', url='https://www.kcl.ac.uk/about'] }
              { tag='li', buttons=[text='History', url='https://www.kcl.ac.uk/about/history.aspx'] }
              { tag='li', buttons=[text='Strategy', url='https://www.kcl.ac.uk/about/strategy'] }
              { tag='li', buttons=[text='Learning & Teaching', url='https://www.kcl.ac.uk/about/strategy/learning-and-teaching'] }
              { tag='li', buttons=[text='Our People', url='https://www.kcl.ac.uk/about/our-people'] }
              { tag='li', buttons=[text='Work at King's', url='https://www.kcl.ac.uk/jobs'] }
              { tag='li', buttons=[text='Partnerships', url='https://www.kcl.ac.uk/about/partnerships'] }
              { tag='li', buttons=[text='Governance, Policies & Procedures', url='https://www.kcl.ac.uk/about/governance-policies-and-procedures'] }
              { tag='li', buttons=[text='Professional & Support Services', url='https://www.kcl.ac.uk/professional-services'] }
              { tag='li', buttons=[text='Diversity & Inclusion', url='https://www.kcl.ac.uk/about/governance-policies-and-procedures/diversity-inclusivity.aspx'] }
              { tag='li', buttons=[text='Financial information', url='https://www.kcl.ac.uk/about/governance-policies-and-procedures/financial-information'] }
              { tag='li', buttons=[text='King's Impact', url='https://www.kcl.ac.uk/impact'] }
              { tag='li', buttons=[text='King's Venues', url='https://www.kcl.ac.uk/kingsvenues'] }
              { tag='li', class='no-children d-xl-none', buttons=[text='Search', url='/search'] }
              { tag='li', buttons=[text='Students', url='https://www.kcl.ac.uk/students/news.aspx'] }
              { tag='li', buttons=[text='Staff', url='https://internal.kcl.ac.uk/index.aspx'] }
              { tag='li', buttons=[text='Alumni', url='https://www.kcl.ac.uk/alumni/index.aspx'] }
              { tag='div', class='col-12 col-md-6', buttons=[text='Faculty of Arts & Humanities', url=''] }
                      { tag='h2', class='h2', buttons=[text='Faculty of Arts & Humanities', url='/artshums'] }
                        { tag='li', buttons=[text='Department of Classics', url='/classics'] }
                        { tag='li', buttons=[text='Department of Culture, Media & Creative Industries', url='/cmci'] }
                        { tag='li', buttons=[text='Department of Digital Humanities', url='/ddh'] }
                        { tag='li', buttons=[text='Department of English', url='/english'] }
                        { tag='li', buttons=[text='Department of Film Studies', url='/film-studies'] }
                        { tag='li', buttons=[text='Department of History', url='/history'] }
                        { tag='li', buttons=[text='Department of Interdisciplinary Humanities', url='/interhums'] }
                        { tag='li', buttons=[text='Department of Languages, Literatures and Cultures', url='/dllc'] }
                        { tag='li', buttons=[text='Department of Music', url='/music'] }
                        { tag='li', buttons=[text='Department of Philosophy', url='/philosophy'] }
                        { tag='li', buttons=[text='Department of Theology & Religious Studies', url='/trs'] }
              { tag='div', class='col-12 col-md-6', buttons=[text='King’s Business School', url=''] }
                      { tag='h2', class='h2', buttons=[text='King’s Business School', url='/business'] }
              { tag='div', class='col-12 col-md-6', buttons=[text='Faculty of Dentistry, Oral & Craniofacial Sciences', url=''] }
                      { tag='h2', class='h2', buttons=[text='Faculty of Dentistry, Oral & Craniofacial Sciences', url='/dentistry'] }
              { tag='div', class='col-12 col-md-6', buttons=[text='The Dickson Poon School of Law', url=''] }
                      { tag='h2', class='h2', buttons=[text='The Dickson Poon School of Law', url='/law'] }
              { tag='div', class='col-12 col-md-6', buttons=[text='Faculty of Life Sciences & Medicine', url=''] }
                      { tag='h2', class='h2', buttons=[text='Faculty of Life Sciences & Medicine', url='/lsm'] }
                        { tag='li', buttons=[text='School of Basic & Medical Biosciences', url='/bmb'] }
                        { tag='li', buttons=[text='School of Biomedical Engineering & Imaging Sciences', url='/bmeis'] }
                        { tag='li', buttons=[text='School of Cancer & Pharmaceutical Sciences', url='/scps'] }
                        { tag='li', buttons=[text='School of Cardiovascular and Metabolic Medicine & Sciences', url='/scmms'] }
                        { tag='li', buttons=[text='School of Immunology & Microbial Sciences', url='/sims'] }
                        { tag='li', buttons=[text='School of Life Course & Population Sciences', url='/slcps'] }
              { tag='div', class='col-12 col-md-6', buttons=[text='Faculty of Natural, Mathematical & Engineering Sciences', url=''] }
                      { tag='h2', class='h2', buttons=[text='Faculty of Natural, Mathematical & Engineering Sciences', url='/nmes'] }
                        { tag='li', buttons=[text='Department of Chemistry', url='/chemistry'] }
                        { tag='li', buttons=[text='Department of Engineering', url='/nms/depts/engineering'] }
                        { tag='li', buttons=[text='Department of Informatics', url='/informatics'] }
                        { tag='li', buttons=[text='Department of Mathematics', url='/mathematics'] }
                        { tag='li', buttons=[text='Department of Physics', url='/physics'] }
              { tag='div', class='col-12 col-md-6', buttons=[text='Florence Nightingale Faculty of Nursing, Midwifery & Palliative Care', url=''] }
                      { tag='h2', class='h2', buttons=[text='Florence Nightingale Faculty of Nursing, Midwifery & Palliative Care', url='/nmpc'] }
                        { tag='li', buttons=[text='Cicely Saunders Institute of Palliative Care, Policy & Rehabilitation', url='/cicelysaunders'] }
                        { tag='li', buttons=[text='Department of Adult Nursing', url='/nmpc/departments/adult-nursing'] }
                        { tag='li', buttons=[text='Department of Child & Family Health', url='/nmpc/departments/child-family-health'] }
                        { tag='li', buttons=[text='Department of Mental Health Nursing', url='/nmpc/departments/mental-health-nursing'] }
                        { tag='li', buttons=[text='Department of Midwifery', url='/nmpc/departments/midwifery'] }
                        { tag='li', buttons=[text='Digital Health and Applied Technology Assessment', url='/nmpc/research/research-divisions#section-1'] }
                        { tag='li', buttons=[text='Division of Care in Long Term Conditions', url='/nmpc/research/research-divisions#section-2'] }
                        { tag='li', buttons=[text='Division of Methodologies', url='/nmpc/research/research-divisions#section-3'] }
              { tag='div', class='col-12 col-md-6', buttons=[text='Institute of Psychiatry, Psychology & Neuroscience', url=''] }
                      { tag='h2', class='h2', buttons=[text='Institute of Psychiatry, Psychology & Neuroscience', url='/ioppn'] }
                        { tag='li', buttons=[text='School of Academic Psychiatry', url='/academic-psychiatry'] }
                            { tag='li', buttons=[text='Department of Addictions Sciences', url='/academic-psychiatry/about/departments/addictions'] }
                            { tag='li', buttons=[text='Department of Child & Adolescent Psychiatry', url='/academic-psychiatry/about/departments/child-adolescent-psychiatry'] }
                            { tag='li', buttons=[text='Department of Forensic and Neurodevelopmental Science', url='/academic-psychiatry/about/departments/forensic-neurodevelopmental-sciences'] }
                            { tag='li', buttons=[text='Department of Psychological Medicine', url='/academic-psychiatry/about/departments/psychological-medicine'] }
                            { tag='li', buttons=[text='Department of Psychosis Studies', url='/academic-psychiatry/about/departments/psychosis'] }
                        { tag='li', buttons=[text='School of Mental Health & Psychological Sciences', url='/mental-health-and-psychological-sciences'] }
                            { tag='li', buttons=[text='Department of Biostatistics & Health Informatics', url='/psychology-systems-sciences/about/departments/biostatistics-and-health-informatics'] }
                            { tag='li', buttons=[text='Department of Health Service & Population Research', url='/hspr'] }
                            { tag='li', buttons=[text='Department of Psychology', url='/psychology-systems-sciences/about/departments/psychology'] }
                            { tag='li', buttons=[text='Social, Genetic & Developmental Psychiatry Centre', url='/psychology-systems-sciences/about/departments/social-genetic-and-developmental-psychiatry'] }
                        { tag='li', buttons=[text='School of Neuroscience', url='/neuroscience'] }
                            { tag='li', buttons=[text='Centre for Developmental Neurobiology', url='/neuroscience/about/departments/developmental-neurobiology'] }
                            { tag='li', buttons=[text='Department of Basic & Clinical Neuroscience', url='/neuroscience/about/departments/basic-clinical-neuroscience'] }
                            { tag='li', buttons=[text='Department of Neuroimaging', url='/neuroscience/about/departments/neuroimaging'] }
                            { tag='li', buttons=[text='Wolfson Sensory, Pain and Regeneration Centre', url='/neuroscience/about/departments/wolfson'] }
              { tag='div', class='col-12 col-md-6', buttons=[text='Faculty of Social Science & Public Policy', url=''] }
                      { tag='h2', class='h2', buttons=[text='Faculty of Social Science & Public Policy', url='/sspp'] }
                        { tag='li', buttons=[text='School for Government', url='/sfg'] }
                        { tag='li', buttons=[text='School of Education, Communication & Society', url='/ecs'] }
                        { tag='li', buttons=[text='School of Global Affairs', url='/global-affairs'] }
                            { tag='li', buttons=[text='African Leadership Centre', url='/alc'] }
                            { tag='li', buttons=[text='Department of Geography', url='/geography'] }
                            { tag='li', buttons=[text='Department of Global Health & Social Medicine', url='/ghsm'] }
                            { tag='li', buttons=[text='Department of International Development', url='/did'] }
                            { tag='li', buttons=[text='King’s Brazil Institute', url='/kbi'] }
                            { tag='li', buttons=[text='King’s India Institute', url='/kii'] }
                            { tag='li', buttons=[text='Lau China Institute', url='/lci'] }
                            { tag='li', buttons=[text='Menzies Australia Institute', url='/menzies'] }
                        { tag='li', buttons=[text='School of Politics & Economics', url='/politics-economics'] }
                            { tag='li', buttons=[text='Department of European & International Studies', url='/eis'] }
                            { tag='li', buttons=[text='Department of Political Economy', url='/political-economy'] }
                            { tag='li', buttons=[text='King’s Russia Institute', url='/kri'] }
                        { tag='li', buttons=[text='School of Security Studies', url='/security-studies'] }
                            { tag='li', buttons=[text='Defence Studies Department', url='/dsd'] }
                            { tag='li', buttons=[text='Department of War Studies', url='/warstudies'] }
                            { tag='li', buttons=[text='King's Institute for Applied Security Studies', url='/kiass'] }
                        { tag='li', buttons=[text='The Policy Institute', url='https://www.kcl.ac.uk/policy-institute'] }
              { tag='li', buttons=[text='Facebook', url='https://www.facebook.com/kingscollegelondon'] }
              { tag='li', buttons=[text='Twitter', url='https://www.twitter.com/kingscollegelon'] }
              { tag='li', buttons=[text='Instagram', url='https://www.instagram.com/lifeatkings'] }
              { tag='li', buttons=[text='LinkedIn', url='https://www.linkedin.com/company/7198'] }
              { tag='li', buttons=[text='YouTube', url='https://www.youtube.com/user/kingscollegelondon'] }
                        { tag='li', buttons=[text='Degree courses', url='https://www.kcl.ac.uk/study/undergraduate'] }
                        { tag='li', buttons=[text='Postgraduate taught', url='https://www.kcl.ac.uk/study/postgraduate-taught'] }
                        { tag='li', buttons=[text='Postgraduate research', url='https://www.kcl.ac.uk/study/postgraduate-research'] }
                        { tag='li', buttons=[text='International students', url='https://www.kcl.ac.uk/study/international'] }
                        { tag='li', buttons=[text='Summer schools', url='https://www.kcl.ac.uk/summer/index.aspx'] }
                        { tag='li', buttons=[text='Student experience', url='https://www.kcl.ac.uk/student-experience'] }
                        { tag='li', buttons=[text='New students', url='https://www.kcl.ac.uk/new-students'] }
                        { tag='li', buttons=[text='Staff', url='https://internal.kcl.ac.uk/index.aspx'] }
                        { tag='li', buttons=[text='Alumni', url='https://www.kcl.ac.uk/alumni/index.aspx'] }
                        { tag='li', buttons=[text='Libraries & Collections', url='https://www.kcl.ac.uk/library/index.aspx'] }
                        { tag='li', buttons=[text='Accommodation', url='https://www.kcl.ac.uk/accommodation/index.aspx'] }
                        { tag='li', buttons=[text='IT', url='https://www.kcl.ac.uk/it/index.aspx'] }
                        { tag='li', buttons=[text='News Centre', url='https://www.kcl.ac.uk/news'] }
                        { tag='li', buttons=[text='Events', url='https://www.kcl.ac.uk/events'] }
                        { tag='li', buttons=[text='Students union', url='https://www.kclsu.org/'] }
                        { tag='li', buttons=[text='Visit King’s', url='https://www.kcl.ac.uk/visit'] }
                        { tag='li', buttons=[text='Job opportunities', url='https://www.kcl.ac.uk/jobs'] }
                      { tag='p', buttons=[text='+44 (0)20 7836 5454', url='tel:+44(0)2078365454'] }
              { tag='div', class='footer__item', buttons=[text='', url='/'] }
              { tag='li', buttons=[text='Terms & conditions', url='https://www.kcl.ac.uk/terms'] }
              { tag='li', buttons=[text='Privacy policy', url='https://www.kcl.ac.uk/terms/privacy'] }
              { tag='li', buttons=[text='Modern slavery statement', url='https://www.kcl.ac.uk/policyhub/modern-slavery-act-transparency-statement'] }
              { tag='li', buttons=[text='Accessibility', url='https://www.kcl.ac.uk/sitehelp/accessibility'] }
              { tag='li', buttons=[text='Cookies', url='https://www.kcl.ac.uk/sitehelp/cookie'] }
