          { tag='div', class='container', buttons=[text='Recommended pages', url=''] }
            { tag='div', class='search-form__fields form--inline__fields', buttons=[text='Search', url='/schools/colleges-schools-departments'] }
              { tag='li', buttons=[text='Welcome', url='https://www.birmingham.ac.uk/welcome/index.aspx'] }
              { tag='li', buttons=[text='Undergraduate open days', url='https://www.birmingham.ac.uk/study/undergraduate/open-days'] }
              { tag='li', buttons=[text='Postgraduate open days', url='https://www.birmingham.ac.uk/study/postgraduate/open-events'] }
              { tag='li', buttons=[text='Accommodation', url='https://www.birmingham.ac.uk/archive/accommodation/index.aspx'] }
              { tag='li', buttons=[text='Information for teachers', url='https://www.birmingham.ac.uk/teachers/index.aspx'] }
              { tag='li', buttons=[text='Maps and directions', url='https://www.birmingham.ac.uk/contact/directions/index.aspx'] }
              { tag='li', buttons=[text='Sport and fitness', url='https://www.sportandfitness.bham.ac.uk/'] }
              { tag='li', buttons=[text='Contact us', url='https://www.birmingham.ac.uk/contact/index.aspx'] }
            { tag='li', class='breadcrumbs__item', buttons=[text='Home', url='/index'] }
            { tag='li', class='breadcrumbs__item', buttons=[text='Schools and Departments', url='/schools'] }
            { tag='li', class='breadcrumbs__item', buttons=[text='Colleges, Schools and Departments', url='/schools/colleges-schools-departments'] }
              { tag='nav', class='menu', buttons=[text='In 'Schools and Departments'', url=''] }
                  { tag='li', class='nav__item', buttons=[text='Schools and Departments', url='/schools'] }
                  { tag='li', class='nav__item', buttons=[text='College of Arts and Law', url='https://www.birmingham.ac.uk/about/college-of-arts-and-law'] }
                  { tag='li', class='nav__item', buttons=[text='College of Engineering and Physical Sciences', url='https://www.birmingham.ac.uk/university/colleges/eps/index.aspx'] }
                  { tag='li', class='nav__item', buttons=[text='College of Life and Environmental Sciences', url='http://www.birmingham.ac.uk/university/colleges/les/index.aspx'] }
                  { tag='li', class='nav__item', buttons=[text='College of Medicine and Health', url='https://www.birmingham.ac.uk/university/colleges/mds/index.aspx'] }
                  { tag='li', class='nav__item', buttons=[text='College of Social Sciences', url='http://www.birmingham.ac.uk/university/colleges/socsci/index.aspx'] }
                { tag='li', buttons=[text='Accounting', url='/schools/business/departments/accounting'] }
                { tag='li', buttons=[text='African Studies and Anthropology', url='https://www.birmingham.ac.uk/about/college-of-arts-and-law/african-studies-and-anthropology'] }
                { tag='li', buttons=[text='Applied Health Sciences', url='/research/applied-health'] }
                { tag='li', buttons=[text='Art History, Curating and Visual Studies', url='https://www.birmingham.ac.uk/about/college-of-arts-and-law/art-history-curating-and-visual-studies'] }
                { tag='li', buttons=[text='Arts and Law', url='https://www.birmingham.ac.uk/about/college-of-arts-and-law'] }
                { tag='li', buttons=[text='Biomedical Sciences', url='/schools/biomedical-sciences'] }
                { tag='li', buttons=[text='Biosciences', url='https://www.birmingham.ac.uk/about/college-of-life-and-environmental-sciences/school-of-biosciences'] }
                { tag='li', buttons=[text='Birmingham Business School', url='/schools/business'] }
                { tag='li', buttons=[text='Birmingham Clinical Trials Unit (BCTU)', url='/research/bctu'] }
                { tag='li', buttons=[text='Birmingham Energy Institute', url='https://birmingham.ac.uk/research/centres-institutes/birmingham-energy-institute'] }
                { tag='li', buttons=[text='Birmingham International Academy (BIA)', url='/international/bia'] }
                { tag='li', buttons=[text='Birmingham Institute for Quantum Technologies', url='https://www.birmingham.ac.uk/research/centres-institutes/quantum-technologies'] }
                { tag='li', buttons=[text='Birmingham Law School', url='https://www.birmingham.ac.uk/about/college-of-arts-and-law/birmingham-law-school'] }
                { tag='li', buttons=[text='Birmingham Medical School', url='/schools/medical-school'] }
                { tag='li', buttons=[text='Cancer and Genomic Sciences', url='/research/cancer-genomics'] }
                { tag='li', buttons=[text='Cancer Research UK Clinical Trials Unit (CRCTU)', url='https://www.birmingham.ac.uk/research/crctu'] }
                { tag='li', buttons=[text='Cardiovascular Sciences', url='/research/cardiovascular-sciences'] }
                { tag='li', buttons=[text='Chemical Engineering', url='https://www.birmingham.ac.uk/about/college-of-engineering-and-physical-sciences/chemical-engineering'] }
                { tag='li', buttons=[text='Chemistry', url='https://www.birmingham.ac.uk/about/college-of-engineering-and-physical-sciences/chemistry'] }
                { tag='li', buttons=[text='Civil Engineering', url='https://www.birmingham.ac.uk/about/college-of-engineering-and-physical-sciences/civil-engineering'] }
                { tag='li', buttons=[text='Classics, Ancient History and Archaeology', url='https://www.birmingham.ac.uk/about/college-of-arts-and-law/classics-ancient-history-and-archaeology'] }
                { tag='li', buttons=[text='Clinical Immunology Services', url='/facilities/clinical-immunology-services'] }
                { tag='li', buttons=[text='Computer Science', url='https://www.birmingham.ac.uk/about/college-of-engineering-and-physical-sciences/computer-science'] }
                { tag='li', buttons=[text='Dentistry', url='/schools/dentistry'] }
                { tag='li', buttons=[text='Drama and Theatre Arts', url='https://www.birmingham.ac.uk/drama'] }
                { tag='li', buttons=[text='Economics', url='/schools/business/departments/economics'] }
                { tag='li', buttons=[text='Electronic, Electrical and Systems Engineering', url='https://www.birmingham.ac.uk/about/college-of-engineering-and-physical-sciences/electronic-electrical-systems-engineering'] }
                { tag='li', buttons=[text='Engineering', url='https://www.birmingham.ac.uk/about/college-of-engineering-and-physical-sciences/engineering'] }
                { tag='li', buttons=[text='Engineering and Physical Sciences', url='https://www.birmingham.ac.uk/about/college-of-engineering-and-physical-sciences'] }
                { tag='li', buttons=[text='English Literature', url='https://www.birmingham.ac.uk/about/college-of-arts-and-law/english-literature'] }
                { tag='li', buttons=[text='English, Drama and Creative Studies', url='https://www.birmingham.ac.uk/edacs'] }
                { tag='li', buttons=[text='Film and Creative Writing', url='https://www.birmingham.ac.uk/fcw'] }
                { tag='li', buttons=[text='Finance', url='/schools/business/departments/finance'] }
                { tag='li', buttons=[text='Graduate School', url='https://intranet.birmingham.ac.uk/student/graduateschool/index.aspx'] }
                { tag='li', buttons=[text='Gravitational Wave Astronomy', url='https://www.birmingham.ac.uk/research/centres-institutes/gravitational-wave-astronomy'] }
                { tag='li', buttons=[text='Healthcare Technologies Institute', url='https://www.birmingham.ac.uk/research/centres-institutes/healthcare-technologies'] }
                { tag='li', buttons=[text='Health Sciences', url='https://www.birmingham.ac.uk/health-sciences'] }
                { tag='li', buttons=[text='Health Services Management Centre', url='/schools/social-policy/departments/health-services-management-centre'] }
                { tag='li', buttons=[text='History', url='https://www.birmingham.ac.uk/history'] }
                { tag='li', buttons=[text='History and Cultures', url='https://www.birmingham.ac.uk/historycultures'] }
                { tag='li', buttons=[text='Immunology and Immunotherapy', url='https://www.birmingham.ac.uk/immunology-immunotherapy'] }
                { tag='li', buttons=[text='Infection, Inflammation and Immunology', url='https://www.birmingham.ac.uk/infection-inflammation-and-immunology'] }
                { tag='li', buttons=[text='Inflammation and Ageing', url='https://birmingham.ac.uk/inflammation-ageing'] }
                { tag='li', buttons=[text='Interdisciplinary Data Science and AI', url='https://www.birmingham.ac.uk/research/centres-institutes/interdisciplinary-data-science-and-ai'] }
                { tag='li', buttons=[text='International Development', url='/schools/government/departments/international-development'] }
                { tag='li', buttons=[text='Languages, Cultures, Art History and Music', url='https://www.birmingham.ac.uk/about/college-of-arts-and-law/languages-cultures-art-history-and-music'] }
                { tag='li', buttons=[text='Law', url='https://www.birmingham.ac.uk/about/college-of-arts-and-law/birmingham-law-school'] }
                { tag='li', buttons=[text='Liberal Arts and Sciences', url='https://www.birmingham.ac.uk/about/college-of-arts-and-law/liberal-arts-and-sciences'] }
                { tag='li', buttons=[text='Life and Environmental Sciences', url='https://www.birmingham.ac.uk/about/college-of-life-and-environmental-sciences'] }
                { tag='li', buttons=[text='Linguistics and Communication', url='https://www.birmingham.ac.uk/about/college-of-arts-and-law/linguistics-and-communication'] }
                { tag='li', buttons=[text='Management', url='/schools/business/departments/management'] }
                { tag='li', buttons=[text='Marketing', url='/schools/business/departments/marketing'] }
                { tag='li', buttons=[text='Mathematics', url='https://www.birmingham.ac.uk/about/college-of-engineering-and-physical-sciences/mathematics'] }
                { tag='li', buttons=[text='Mechanical Engineering', url='https://www.birmingham.ac.uk/about/college-of-engineering-and-physical-sciences/mechanical-engineering'] }
                { tag='li', buttons=[text='Medicine and Health', url='/university/colleges/mds'] }
                { tag='li', buttons=[text='Medical Sciences', url='https://www.birmingham.ac.uk/medical-sciences'] }
                { tag='li', buttons=[text='Medicine and Health Graduate School', url='https://www.birmingham.ac.uk/schools/mds-graduate-school/index.aspx'] }
                { tag='li', buttons=[text='Medical School', url='/schools/medical-school'] }
                { tag='li', buttons=[text='Metabolism and Systems Science', url='/research/metabolism-systems'] }
                { tag='li', buttons=[text='Microbes, Infection and Microbiomes', url='https://www.birmingham.ac.uk/about/college-of-medicine-and-health/microbes-infection-and-microbiomes'] }
                { tag='li', buttons=[text='Microbiology and Infection', url='https://www.birmingham.ac.uk/research/centres-institutes/microbiology-and-infection'] }
                { tag='li', buttons=[text='Modern Languages', url='https://www.birmingham.ac.uk/about/college-of-arts-and-law/modern-languages'] }
                { tag='li', buttons=[text='Music', url='https://www.birmingham.ac.uk/about/college-of-arts-and-law/music'] }
                { tag='li', buttons=[text='Nursing and Midwifery', url='/schools/nursing'] }
                { tag='li', buttons=[text='Pharmacy', url='/schools/pharmacy'] }
                { tag='li', buttons=[text='Philosophy', url='https://www.birmingham.ac.uk/about/college-of-arts-and-law/philosophy'] }
                { tag='li', buttons=[text='Philosophy, Theology and Religion', url='https://www.birmingham.ac.uk/about/college-of-arts-and-law/philosophy-theology-and-religion'] }
                { tag='li', buttons=[text='Physics and Astronomy', url='https://www.birmingham.ac.uk/about/college-of-engineering-and-physical-sciences/physics-and-astronomy'] }
                { tag='li', buttons=[text='Political Science and International Studies', url='/schools/government/departments/political-science-international-studies'] }
                { tag='li', buttons=[text='Psychology', url='https://www.birmingham.ac.uk/about/college-of-life-and-environmental-sciences/school-of-psychology'] }
                { tag='li', buttons=[text='Public Administration and Policy', url='https://www.birmingham.ac.uk/schools/government/departments/public-administration-and-policy/index.aspx'] }
                { tag='li', buttons=[text='Shakespeare Institute', url='https://www.birmingham.ac.uk/shakespeare'] }
                { tag='li', buttons=[text='Social Policy and Society', url='/schools/social-policy'] }
                { tag='li', buttons=[text='Social Policy, Sociology and Criminology', url='/schools/social-policy/departments/social-policy-sociology-criminology'] }
                { tag='li', buttons=[text='Social Sciences', url='http://www.birmingham.ac.uk/university/colleges/socsci'] }
                { tag='li', buttons=[text='Social Work and Social Care', url='/schools/social-policy/departments/social-work-social-care'] }
                { tag='li', buttons=[text='Strategy and International Business', url='/schools/business/departments/strategy-and-international-business'] }
                { tag='li', buttons=[text='Theology and Religion', url='https://www.birmingham.ac.uk/about/college-of-arts-and-law/theology-and-religion'] }
        { tag='section', class='duo__panel', buttons=[text='Undergraduate prospectus', url='', text='Request a prospectus', url='/study/undergraduate/prospectus'] }
        { tag='section', class='duo__panel', buttons=[text='Our impact: find out about recent advances', url='', text='Explore our Research Spotlights', url='/research/spotlights'] }
