    { tag='header', class='globalHeader', buttons=[text='', url='/'] }
            { tag='li', class='globalHeader__navItem--first', buttons=[text='', url='/'] }
            { tag='li', class='globalNavigation__navItem', buttons=[text='close', url=''] }
            { tag='li', class='globalHeader__navItem', buttons=[text='search', url=''] }
                { tag='li', buttons=[text='Home', url='', text='Home', url='/'] }
                { tag='li', class='globalNavigation__sections--tablink', buttons=[text='For students', url='', text='For studentskeyboard_arrow_right', url=''] }
                { tag='li', class='globalNavigation__sections--tablink', buttons=[text='For industry', url='', text='For industrykeyboard_arrow_right', url=''] }
                { tag='li', class='globalNavigation__sections--tablink', buttons=[text='Research', url='', text='Researchkeyboard_arrow_right', url=''] }
              { tag='div', class='globalNavigation__explore', buttons=[text='Explore', url=''] }
                      { tag='li', buttons=[text='Courses', url='/courses'] }
                      { tag='li', buttons=[text='Events', url='/events'] }
                      { tag='li', buttons=[text='News', url='/news'] }
                      { tag='li', buttons=[text='Stories', url='/stories'] }
                      { tag='li', buttons=[text='People', url='https://profiles.uts.edu.au/'] }
              { tag='div', class='globalNavigation__for-you', buttons=[text='For you', url=''] }
                  { tag='li', buttons=[text='Libraryarrow_right_alt', url='https://www.lib.uts.edu.au/'] }
                  { tag='li', buttons=[text='Staffarrow_right_alt', url='https://staff.uts.edu.au/'] }
                  { tag='li', buttons=[text='Alumniarrow_right_alt', url='/for-students/alumni'] }
                  { tag='li', buttons=[text='Current studentsarrow_right_alt', url='/for-students/current-students'] }
              { tag='div', class='globalNavigation__section', buttons=[text='undoBack', url=''] }
                      { tag='section', class='globalNavigation__column', buttons=[text='Study at UTS', url=''] }
                          { tag='li', class='globalNavigation__link-wrapper', buttons=[text='arrow_right_altFind a course', url='/courses'] }
                          { tag='li', class='globalNavigation__link-wrapper', buttons=[text='arrow_right_altCourse areas', url='/for-students#courseareas'] }
                          { tag='li', class='globalNavigation__link-wrapper', buttons=[text='arrow_right_altUndergraduate students', url='/for-students/undergraduate'] }
                          { tag='li', class='globalNavigation__link-wrapper', buttons=[text='arrow_right_altPostgraduate students', url='/for-students/postgraduate'] }
                          { tag='li', class='globalNavigation__link-wrapper', buttons=[text='arrow_right_altResearch Masters and PhD', url='/research/graduate/future-research-students'] }
                          { tag='li', class='globalNavigation__link-wrapper', buttons=[text='arrow_right_altOnline study and short courses', url='https://open.uts.edu.au/'] }
                      { tag='section', class='globalNavigation__column', buttons=[text='Student information', url=''] }
                          { tag='li', class='globalNavigation__link-wrapper', buttons=[text='arrow_right_altCurrent students', url='/for-students/current-students'] }
                          { tag='li', class='globalNavigation__link-wrapper', buttons=[text='arrow_right_altNew UTS students', url='/for-students/new-students'] }
                          { tag='li', class='globalNavigation__link-wrapper', buttons=[text='arrow_right_altGraduates (Alumni)', url='/for-students/alumni'] }
                          { tag='li', class='globalNavigation__link-wrapper', buttons=[text='arrow_right_altHigh school students', url='/for-students/high-school-students'] }
                          { tag='li', class='globalNavigation__link-wrapper', buttons=[text='arrow_right_altIndigenous students', url='/for-students/indigenous-students'] }
                          { tag='li', class='globalNavigation__link-wrapper', buttons=[text='arrow_right_altInternational students', url='/for-students/international'] }
                      { tag='section', class='globalNavigation__column', buttons=[text='Admissions', url=''] }
                          { tag='li', class='globalNavigation__link-wrapper', buttons=[text='arrow_right_altHow to apply', url='/for-students/admissions-entry/how-to-apply'] }
                          { tag='li', class='globalNavigation__link-wrapper', buttons=[text='arrow_right_altEntry pathways', url='/for-students/admissions-entry/pathways'] }
                          { tag='li', class='globalNavigation__link-wrapper', buttons=[text='arrow_right_altEligibility', url='/for-students/admissions-entry/eligibility'] }
                  { tag='div', class='globalNavigation__cta-wrapper', buttons=[text='arrow_right_altVisit our hub for students', url='/for-students'] }
                  { tag='div', class='globalNavigation__for-you-wrapper', buttons=[text='For you', url=''] }
                        { tag='li', buttons=[text='Libraryarrow_right_alt', url='https://www.lib.uts.edu.au/'] }
                        { tag='li', buttons=[text='Staffarrow_right_alt', url='https://staff.uts.edu.au/'] }
                        { tag='li', buttons=[text='Alumniarrow_right_alt', url='/for-students/alumni'] }
                        { tag='li', buttons=[text='Current studentsarrow_right_alt', url='/for-students/current-students'] }
                  { tag='div', class='globalNavigation__popular-links-wrapper', buttons=[text='POPULAR LINKS', url=''] }
                        { tag='li', buttons=[text='Apply for a coursearrow_right_alt', url='/for-students/admissions-entry/how-to-apply'] }
                        { tag='li', buttons=[text='Current studentsarrow_right_alt', url='/for-students/current-students'] }
                        { tag='li', buttons=[text='Scholarshipsarrow_right_alt', url='/for-students/admissions-entry/scholarships'] }
              { tag='div', class='globalNavigation__section', buttons=[text='undoBack', url=''] }
                      { tag='section', class='globalNavigation__column', buttons=[text='Featured industries', url=''] }
                          { tag='li', class='globalNavigation__link-wrapper', buttons=[text='arrow_right_altAgriculture and food', url='/for-industry/agriculture-food'] }
                          { tag='li', class='globalNavigation__link-wrapper', buttons=[text='arrow_right_altDefence and space', url='/for-industry/defence-space'] }
                          { tag='li', class='globalNavigation__link-wrapper', buttons=[text='arrow_right_altEnergy and transport', url='/for-industry/energy-transport'] }
                          { tag='li', class='globalNavigation__link-wrapper', buttons=[text='arrow_right_altGovernment and policy', url='/for-industry/governance-policy'] }
                          { tag='li', class='globalNavigation__link-wrapper', buttons=[text='arrow_right_altHealth and medical', url='/for-industry/health-medical'] }
                          { tag='li', class='globalNavigation__link-wrapper', buttons=[text='arrow_right_altCorporate training', url='https://plus.uts.edu.au/'] }
                      { tag='section', class='globalNavigation__column', buttons=[text='Explore', url=''] }
                          { tag='li', class='globalNavigation__link-wrapper', buttons=[text='arrow_right_altTech Central', url='/for-industry/tech-central'] }
                          { tag='li', class='globalNavigation__link-wrapper', buttons=[text='arrow_right_altCase studies', url='/for-industry/case-studies'] }
                          { tag='li', class='globalNavigation__link-wrapper', buttons=[text='arrow_right_altResearch', url='/research'] }
                  { tag='div', class='globalNavigation__cta-wrapper', buttons=[text='arrow_right_altVisit our hub for industry', url='/for-industry'] }
                  { tag='div', class='globalNavigation__for-you-wrapper', buttons=[text='For you', url=''] }
                        { tag='li', buttons=[text='Libraryarrow_right_alt', url='https://www.lib.uts.edu.au/'] }
                        { tag='li', buttons=[text='Staffarrow_right_alt', url='https://staff.uts.edu.au/'] }
                        { tag='li', buttons=[text='Alumniarrow_right_alt', url='/for-students/alumni'] }
                        { tag='li', buttons=[text='Current studentsarrow_right_alt', url='/for-students/current-students'] }
                  { tag='div', class='globalNavigation__popular-links-wrapper', buttons=[text='POPULAR LINKS', url=''] }
                        { tag='li', buttons=[text='Find a UTS expertarrow_right_alt', url='https://profiles.uts.edu.au/'] }
                        { tag='li', buttons=[text='Partner with usarrow_right_alt', url='/for-industry/how-to-partner-with-uts'] }
              { tag='div', class='globalNavigation__section', buttons=[text='undoBack', url=''] }
                      { tag='section', class='globalNavigation__column', buttons=[text='Explore', url=''] }
                          { tag='li', class='globalNavigation__link-wrapper', buttons=[text='arrow_right_altExplore our research', url='/research/explore'] }
                          { tag='li', class='globalNavigation__link-wrapper', buttons=[text='arrow_right_altResearch centres and institutes', url='/research/centres'] }
                          { tag='li', class='globalNavigation__link-wrapper', buttons=[text='arrow_right_altGraduate research', url='/research/graduate'] }
                          { tag='li', class='globalNavigation__link-wrapper', buttons=[text='arrow_right_altResearch partnerships', url='/research'] }
                  { tag='div', class='globalNavigation__cta-wrapper', buttons=[text='arrow_right_altVisit our hub for research', url='/research'] }
                  { tag='div', class='globalNavigation__for-you-wrapper', buttons=[text='For you', url=''] }
                        { tag='li', buttons=[text='Libraryarrow_right_alt', url='https://www.lib.uts.edu.au/'] }
                        { tag='li', buttons=[text='Staffarrow_right_alt', url='https://staff.uts.edu.au/'] }
                        { tag='li', buttons=[text='Alumniarrow_right_alt', url='/for-students/alumni'] }
                        { tag='li', buttons=[text='Current studentsarrow_right_alt', url='/for-students/current-students'] }
                  { tag='div', class='globalNavigation__popular-links-wrapper', buttons=[text='POPULAR LINKS', url=''] }
                        { tag='li', buttons=[text='Find a UTS expertarrow_right_alt', url='https://profiles.uts.edu.au/'] }
                        { tag='li', buttons=[text='Research centres and institutesarrow_right_alt', url='/research/centres'] }
            { tag='li', class='globalNavigation__navItem--first', buttons=[text='', url='/'] }
            { tag='li', class='globalHeader__navItem', buttons=[text='menu', url=''] }
            { tag='li', class='globalHeader__navItem', buttons=[text='close', url=''] }
        { tag='li', class='globalHeader__navItem', buttons=[text='menu', url=''] }
        { tag='li', class='globalHeader__navItem', buttons=[text='search', url=''] }
            { tag='li', class='breadcrumb_item', buttons=[text='home', url='/'] }
            { tag='li', class='breadcrumb_item', buttons=[text='About UTS', url='/about'] }
                { tag='div', class='wysiwygIndented__header-text', buttons=[text='Driving innovation and excellence', url=''] }
            { tag='div', class='wysiwyg-user-content-output pt-none pb-none', buttons=[text='Faculty of Design and Society', url=''] }
                { tag='div', class='listingGrid__header-text', buttons=[text='Arts and Social Sciences disciplines', url=''] }
                  { tag='div', class='buttonContainer__layout buttonContainer__layout--right buttonContainer__layout--middle', buttons=[text='Explore FASSarrow_forward', url='/about/faculties/arts-and-social-sciences'] }
                  { tag='div', class='newsCard__image-wrapper', buttons=[text='', url='/about/faculties/arts-and-social-sciences/communication'] }
                  { tag='div', class='newsCard__infoWrapper', buttons=[text='School of Communication', url='/about/faculties/arts-and-social-sciences/communication'] }
                    { tag='a', buttons=[text='School of Communication', url=''] }
                    { tag='div', class='newsCard__button', buttons=[text='Explore the schoolarrow_forward', url='/about/faculties/arts-and-social-sciences/communication'] }
                  { tag='div', class='newsCard__image-wrapper', buttons=[text='', url='/about/faculties/arts-and-social-sciences/international-studies-education'] }
                  { tag='div', class='newsCard__infoWrapper', buttons=[text='School of International Studies and Education', url='/about/faculties/arts-and-social-sciences/international-studies-education'] }
                    { tag='a', buttons=[text='School of International Studies and Education', url=''] }
                    { tag='div', class='newsCard__button', buttons=[text='Explore the schoolarrow_forward', url='/about/faculties/arts-and-social-sciences/international-studies-education'] }
                { tag='div', class='buttonContainer__layout buttonContainer__layout--left buttonContainer__layout--middle', buttons=[text='Explore FASSarrow_forward', url='/about/faculties/arts-and-social-sciences'] }
                { tag='div', class='listingGrid__header-text', buttons=[text='Design, Architecture and Built Environment disciplines', url=''] }
                  { tag='div', class='buttonContainer__layout buttonContainer__layout--right buttonContainer__layout--middle', buttons=[text='Explore DABarrow_forward', url='/about/faculties/design-architecture-and-building'] }
                  { tag='div', class='newsCard__image-wrapper', buttons=[text='', url='/about/faculties/design-architecture-and-building/design'] }
                  { tag='div', class='newsCard__infoWrapper', buttons=[text='School of Design', url='/about/faculties/design-architecture-and-building/design'] }
                    { tag='a', buttons=[text='School of Design', url=''] }
                    { tag='div', class='newsCard__button', buttons=[text='Explore the schoolarrow_forward', url='/about/faculties/design-architecture-and-building/design'] }
                  { tag='div', class='newsCard__image-wrapper', buttons=[text='', url='/about/faculties/design-architecture-and-building/architecture'] }
                  { tag='div', class='newsCard__infoWrapper', buttons=[text='School of Architecture', url='/about/faculties/design-architecture-and-building/architecture'] }
                    { tag='a', buttons=[text='School of Architecture', url=''] }
                    { tag='div', class='newsCard__button', buttons=[text='Explore the schoolarrow_forward', url='/about/faculties/design-architecture-and-building/architecture'] }
                  { tag='div', class='newsCard__image-wrapper', buttons=[text='', url='/about/faculties/design-architecture-and-building/built-environment'] }
                  { tag='div', class='newsCard__infoWrapper', buttons=[text='School of Built Environment', url='/about/faculties/design-architecture-and-building/built-environment'] }
                    { tag='a', buttons=[text='School of Built Environment', url=''] }
                    { tag='div', class='newsCard__button', buttons=[text='Explore the schoolarrow_forward', url='/about/faculties/design-architecture-and-building/built-environment'] }
                { tag='div', class='buttonContainer__layout buttonContainer__layout--left buttonContainer__layout--middle', buttons=[text='Explore DABarrow_forward', url='/about/faculties/design-architecture-and-building'] }
                { tag='div', class='listingGrid__header-text', buttons=[text='UTS Business School', url=''] }
                  { tag='div', class='buttonContainer__layout buttonContainer__layout--right buttonContainer__layout--middle', buttons=[text='Explore the UTS Business Schoolarrow_forward', url='/about/faculties/business'] }
                  { tag='div', class='newsCard__image-wrapper', buttons=[text='', url='https://www.uts.edu.au/about/uts-business-school/accounting-department'] }
                  { tag='div', class='newsCard__infoWrapper', buttons=[text='Accounting Department', url='https://www.uts.edu.au/about/uts-business-school/accounting-department'] }
                    { tag='a', buttons=[text='Accounting Department', url=''] }
                    { tag='div', class='newsCard__button', buttons=[text='Explore the departmentarrow_forward', url='https://www.uts.edu.au/about/uts-business-school/accounting-department'] }
                  { tag='div', class='newsCard__image-wrapper', buttons=[text='', url='https://www.uts.edu.au/about/uts-business-school/economics-department'] }
                  { tag='div', class='newsCard__infoWrapper', buttons=[text='Economics Department', url='https://www.uts.edu.au/about/uts-business-school/economics-department'] }
                    { tag='a', buttons=[text='Economics Department', url=''] }
                    { tag='div', class='newsCard__button', buttons=[text='Explore the departmentarrow_forward', url='https://www.uts.edu.au/about/uts-business-school/economics-department'] }
                  { tag='div', class='newsCard__image-wrapper', buttons=[text='', url='https://www.uts.edu.au/about/uts-business-school/finance-department'] }
                  { tag='div', class='newsCard__infoWrapper', buttons=[text='Finance Department', url='https://www.uts.edu.au/about/uts-business-school/finance-department'] }
                    { tag='a', buttons=[text='Finance Department', url=''] }
                    { tag='div', class='newsCard__button', buttons=[text='Explore the departmentarrow_forward', url='https://www.uts.edu.au/about/uts-business-school/finance-department'] }
                  { tag='div', class='newsCard__image-wrapper', buttons=[text='', url='https://www.uts.edu.au/about/uts-business-school/management-department'] }
                  { tag='div', class='newsCard__infoWrapper', buttons=[text='Management Department', url='https://www.uts.edu.au/about/uts-business-school/management-department'] }
                    { tag='a', buttons=[text='Management Department', url=''] }
                    { tag='div', class='newsCard__button', buttons=[text='Explore the departmentarrow_forward', url='https://www.uts.edu.au/about/uts-business-school/management-department'] }
                  { tag='div', class='newsCard__image-wrapper', buttons=[text='', url='https://www.uts.edu.au/about/uts-business-school/marketing-department'] }
                  { tag='div', class='newsCard__infoWrapper', buttons=[text='Marketing Department', url='https://www.uts.edu.au/about/uts-business-school/marketing-department'] }
                    { tag='a', buttons=[text='Marketing Department', url=''] }
                    { tag='div', class='newsCard__button', buttons=[text='Explore the departmentarrow_forward', url='https://www.uts.edu.au/about/uts-business-school/marketing-department'] }
                { tag='div', class='buttonContainer__layout buttonContainer__layout--left buttonContainer__layout--middle', buttons=[text='Explore the UTS Business Schoolarrow_forward', url='/about/faculties/business'] }
                { tag='div', class='listingGrid__header-text', buttons=[text='Faculty of Engineering and Information Technology', url=''] }
                  { tag='div', class='buttonContainer__layout buttonContainer__layout--right buttonContainer__layout--middle', buttons=[text='Explore FEITarrow_forward', url='/about/faculties/engineering-and-information-technology'] }
                  { tag='div', class='newsCard__image-wrapper', buttons=[text='', url='/about/faculties/engineering-and-information-technology/biomedical-engineering'] }
                  { tag='div', class='newsCard__infoWrapper', buttons=[text='School of Biomedical Engineering', url='/about/faculties/engineering-and-information-technology/biomedical-engineering'] }
                    { tag='a', buttons=[text='School of Biomedical Engineering', url=''] }
                    { tag='div', class='newsCard__button', buttons=[text='Explore the schoolarrow_forward', url='/about/faculties/engineering-and-information-technology/biomedical-engineering'] }
                  { tag='div', class='newsCard__image-wrapper', buttons=[text='', url='/about/faculties/engineering-and-information-technology/civil-and-environmental-engineering'] }
                  { tag='div', class='newsCard__infoWrapper', buttons=[text='School of Civil and Environmental Engineering', url='/about/faculties/engineering-and-information-technology/civil-and-environmental-engineering'] }
                    { tag='a', buttons=[text='School of Civil and Environmental Engineering', url=''] }
                    { tag='div', class='newsCard__button', buttons=[text='Explore the schoolarrow_forward', url='/about/faculties/engineering-and-information-technology/civil-and-environmental-engineering'] }
                  { tag='div', class='newsCard__image-wrapper', buttons=[text='', url='/about/faculties/engineering-and-information-technology/computer-science'] }
                  { tag='div', class='newsCard__infoWrapper', buttons=[text='School of Computer Science', url='/about/faculties/engineering-and-information-technology/computer-science'] }
                    { tag='a', buttons=[text='School of Computer Science', url=''] }
                    { tag='div', class='newsCard__button', buttons=[text='Explore the schoolarrow_forward', url='/about/faculties/engineering-and-information-technology/computer-science'] }
                  { tag='div', class='newsCard__image-wrapper', buttons=[text='', url='/about/faculties/engineering-and-information-technology/electrical-and-data-engineering'] }
                  { tag='div', class='newsCard__infoWrapper', buttons=[text='School of Electrical and Data Engineering', url='/about/faculties/engineering-and-information-technology/electrical-and-data-engineering'] }
                    { tag='a', buttons=[text='School of Electrical and Data Engineering', url=''] }
                    { tag='div', class='newsCard__button', buttons=[text='Explore the schoolarrow_forward', url='/about/faculties/engineering-and-information-technology/electrical-and-data-engineering'] }
                  { tag='div', class='newsCard__image-wrapper', buttons=[text='', url='/about/faculties/engineering-and-information-technology/mechanical-and-mechatronic-engineering'] }
                  { tag='div', class='newsCard__infoWrapper', buttons=[text='School of Mechanical and Mechatronic Engineering', url='/about/faculties/engineering-and-information-technology/mechanical-and-mechatronic-engineering'] }
                    { tag='a', buttons=[text='School of Mechanical and Mechatronic Engineering', url=''] }
                    { tag='div', class='newsCard__button', buttons=[text='Explore the schoolarrow_forward', url='/about/faculties/engineering-and-information-technology/mechanical-and-mechatronic-engineering'] }
                  { tag='div', class='newsCard__image-wrapper', buttons=[text='', url='/about/faculties/engineering-and-information-technology/professional-practice-and-leadership'] }
                  { tag='div', class='newsCard__infoWrapper', buttons=[text='School of Professional Practice and Leadership', url='/about/faculties/engineering-and-information-technology/professional-practice-and-leadership'] }
                    { tag='a', buttons=[text='School of Professional Practice and Leadership', url=''] }
                    { tag='div', class='newsCard__button', buttons=[text='Explore the schoolarrow_forward', url='/about/faculties/engineering-and-information-technology/professional-practice-and-leadership'] }
                { tag='div', class='buttonContainer__layout buttonContainer__layout--left buttonContainer__layout--middle', buttons=[text='Explore FEITarrow_forward', url='/about/faculties/engineering-and-information-technology'] }
                { tag='div', class='listingGrid__header-text', buttons=[text='Faculty of Health', url=''] }
                  { tag='div', class='buttonContainer__layout buttonContainer__layout--right buttonContainer__layout--middle', buttons=[text='Explore the Faculty of Healtharrow_forward', url='/about/faculties/health'] }
                  { tag='div', class='newsCard__image-wrapper', buttons=[text='', url='/about/faculties/health/nursing-and-midwifery'] }
                  { tag='div', class='newsCard__infoWrapper', buttons=[text='School of Nursing and Midwifery', url='/about/faculties/health/nursing-and-midwifery'] }
                    { tag='a', buttons=[text='School of Nursing and Midwifery', url=''] }
                    { tag='div', class='newsCard__button', buttons=[text='Explore the schoolarrow_forward', url='/about/faculties/health/nursing-and-midwifery'] }
                  { tag='div', class='newsCard__image-wrapper', buttons=[text='', url='/about/faculties/health/public-health'] }
                  { tag='div', class='newsCard__infoWrapper', buttons=[text='School of Public Health', url='/about/faculties/health/public-health'] }
                    { tag='a', buttons=[text='School of Public Health', url=''] }
                    { tag='div', class='newsCard__button', buttons=[text='Explore the schoolarrow_forward', url='/about/faculties/health/public-health'] }
                  { tag='div', class='newsCard__image-wrapper', buttons=[text='', url='/about/faculties/health/sport-exercise-and-rehabilitation'] }
                  { tag='div', class='newsCard__infoWrapper', buttons=[text='School of Sport, Exercise and Rehabilitation', url='/about/faculties/health/sport-exercise-and-rehabilitation'] }
                    { tag='a', buttons=[text='School of Sport, Exercise and Rehabilitation', url=''] }
                    { tag='div', class='newsCard__button', buttons=[text='Explore the schoolarrow_forward', url='/about/faculties/health/sport-exercise-and-rehabilitation'] }
                  { tag='div', class='newsCard__image-wrapper', buttons=[text='', url='/about/faculties/graduate-school-of-health'] }
                  { tag='div', class='newsCard__infoWrapper', buttons=[text='Graduate School of Health', url='/about/faculties/graduate-school-of-health'] }
                    { tag='a', buttons=[text='Graduate School of Health', url=''] }
                    { tag='div', class='newsCard__button', buttons=[text='Explore the schoolarrow_forward', url='/about/faculties/graduate-school-of-health'] }
                { tag='div', class='buttonContainer__layout buttonContainer__layout--left buttonContainer__layout--middle', buttons=[text='Explore the Faculty of Healtharrow_forward', url='/about/faculties/health'] }
              { tag='div', class='fiftyFiftyContent__textContainer', buttons=[text='Graduate Research School', url=''] }
                { tag='div', class='buttonContainer__layout buttonContainer__layout--left buttonContainer__layout--middle', buttons=[text='Explore the Graduate Research Schoolarrow_forward', url='/research/graduate'] }
              { tag='div', class='fiftyFiftyContent__textContainer md:order-first', buttons=[text='Faculty of Law', url=''] }
                { tag='div', class='buttonContainer__layout buttonContainer__layout--left buttonContainer__layout--middle', buttons=[text='Explore the Faculty of Lawarrow_forward', url='/about/faculties/law'] }
                { tag='div', class='listingGrid__header-text', buttons=[text='Faculty of Science', url=''] }
                  { tag='div', class='buttonContainer__layout buttonContainer__layout--right buttonContainer__layout--middle', buttons=[text='Explore the Faculty of Sciencearrow_forward', url='/about/faculties/science'] }
                  { tag='div', class='newsCard__image-wrapper', buttons=[text='', url='/about/faculties/science/life-sciences'] }
                  { tag='div', class='newsCard__infoWrapper', buttons=[text='School of Life Sciences', url='/about/faculties/science/life-sciences'] }
                    { tag='a', buttons=[text='School of Life Sciences', url=''] }
                    { tag='div', class='newsCard__button', buttons=[text='Explore the schoolarrow_forward', url='/about/faculties/science/life-sciences'] }
                  { tag='div', class='newsCard__image-wrapper', buttons=[text='', url='/about/faculties/science/mathematical-and-physical-sciences'] }
                  { tag='div', class='newsCard__infoWrapper', buttons=[text='School of Mathematics and Physical Sciences', url='/about/faculties/science/mathematical-and-physical-sciences'] }
                    { tag='a', buttons=[text='School of Mathematics and Physical Sciences', url=''] }
                    { tag='div', class='newsCard__button', buttons=[text='Explore the schoolarrow_forward', url='/about/faculties/science/mathematical-and-physical-sciences'] }
                { tag='div', class='buttonContainer__layout buttonContainer__layout--left buttonContainer__layout--middle', buttons=[text='Explore the Faculty of Sciencearrow_forward', url='/about/faculties/science'] }
              { tag='div', class='fiftyFiftyContent__textContainer', buttons=[text='Transdisciplinary School', url=''] }
                { tag='div', class='buttonContainer__layout buttonContainer__layout--left buttonContainer__layout--middle', buttons=[text='Explore the TD Schoolarrow_forward', url='/about/faculties/transdisciplinary-school'] }
                { tag='div', class='relatedContent__header-text', buttons=[text='Events and webinars', url=''] }
                  { tag='section', buttons=[text='', url='/events/tour-the-climate-change-cluster-and-deep-green-biotech-hub', text='Tour the Climate Change Cluster and Deep Green Biotech Hub', url='/events/tour-the-climate-change-cluster-and-deep-green-biotech-hub', text='Learn morearrow_forward', url='/events/tour-the-climate-change-cluster-and-deep-green-biotech-hub'] }
                  { tag='a', class='eventCard__title-link', buttons=[text='Tour the Climate Change Cluster and Deep Green Biotech Hub', url=''] }
                  { tag='section', buttons=[text='', url='/events/postgraduate-communication-on-demand-videos', text='Postgraduate Communication on-demand videos', url='/events/postgraduate-communication-on-demand-videos', text='Learn morearrow_forward', url='/events/postgraduate-communication-on-demand-videos'] }
                  { tag='a', class='eventCard__title-link', buttons=[text='Postgraduate Communication on-demand videos', url=''] }
                  { tag='section', buttons=[text='', url='/events/sneak-peek-exciting-new-course-changes-for-creative-production-and-communication', text='Sneak Peek: Exciting New Course Changes for Creative Production and Communication', url='/events/sneak-peek-exciting-new-course-changes-for-creative-production-and-communication', text='Learn morearrow_forward', url='/events/sneak-peek-exciting-new-course-changes-for-creative-production-and-communication'] }
                  { tag='a', class='eventCard__title-link', buttons=[text='Sneak Peek: Exciting New Course Changes for Creative Production and Communication', url=''] }
                  { tag='section', buttons=[text='', url='/events/uts-campus-tour', text='UTS campus tours', url='/events/uts-campus-tour', text='Learn morearrow_forward', url='/events/uts-campus-tour'] }
                  { tag='a', class='eventCard__title-link', buttons=[text='UTS campus tours', url=''] }
                            { tag='section', buttons=[text='', url='/events/tour-the-climate-change-cluster-and-deep-green-biotech-hub', text='Tour the Climate Change Cluster and Deep Green Biotech Hub', url='/events/tour-the-climate-change-cluster-and-deep-green-biotech-hub', text='Learn morearrow_forward', url='/events/tour-the-climate-change-cluster-and-deep-green-biotech-hub'] }
                            { tag='a', class='eventCard__title-link', buttons=[text='Tour the Climate Change Cluster and Deep Green Biotech Hub', url=''] }
                            { tag='section', buttons=[text='', url='/events/postgraduate-communication-on-demand-videos', text='Postgraduate Communication on-demand videos', url='/events/postgraduate-communication-on-demand-videos', text='Learn morearrow_forward', url='/events/postgraduate-communication-on-demand-videos'] }
                            { tag='a', class='eventCard__title-link', buttons=[text='Postgraduate Communication on-demand videos', url=''] }
                            { tag='section', buttons=[text='', url='/events/sneak-peek-exciting-new-course-changes-for-creative-production-and-communication', text='Sneak Peek: Exciting New Course Changes for Creative Production and Communication', url='/events/sneak-peek-exciting-new-course-changes-for-creative-production-and-communication', text='Learn morearrow_forward', url='/events/sneak-peek-exciting-new-course-changes-for-creative-production-and-communication'] }
                            { tag='a', class='eventCard__title-link', buttons=[text='Sneak Peek: Exciting New Course Changes for Creative Production and Communication', url=''] }
                            { tag='section', buttons=[text='', url='/events/uts-campus-tour', text='UTS campus tours', url='/events/uts-campus-tour', text='Learn morearrow_forward', url='/events/uts-campus-tour'] }
                            { tag='a', class='eventCard__title-link', buttons=[text='UTS campus tours', url=''] }
                            { tag='div', class='carousel__prev-btn-wrapper carousel__prev-btn-wrapper--mobile', buttons=[text='arrow_back', url=''] }
                            { tag='div', class='carousel__controls-button-wrapper', buttons=[text='arrow_forward', url=''] }
                              { tag='div', class='carousel__prev-btn-wrapper', buttons=[text='arrow_back', url=''] }
      { tag='section', class='footer__aoc', buttons=[text='Acknowledgement of Country', url=''] }
              { tag='address', class='footer__contact-wrapper', buttons=[text='Get in touch with UTS', url='/contact-us'] }
                { tag='div', class='footer__image-list-wrapper', buttons=[text='Follow us', url=''] }
                    { tag='li', buttons=[text='', url='https://instagram.com/utsengage'] }
                    { tag='li', buttons=[text='', url='https://linkedin.com/company/166678'] }
                    { tag='li', buttons=[text='', url='https://youtube.com/user/utschannel'] }
                    { tag='li', buttons=[text='', url='https://www.tiktok.com/@uts_sydney'] }
                    { tag='li', buttons=[text='', url='https://facebook.com/UTSEngage'] }
                    { tag='li', buttons=[text='', url='https://mp.weixin.qq.com/s?__biz=MzIzNDYxODExNw==&mid=2247512139&idx=1&sn=c4d29626dfc41a5e3650987e6ef0757a&chksm=e8f15c21df86d5377ea827409b97f2dca9b411cf591ad2ae99e1e68f7937dd40ee2ee520f287&token=1511493526&lang=zh_CN#rd'] }
                { tag='div', class='footer__image-list-wrapper', buttons=[text='A member of', url=''] }
                    { tag='li', class='footer__image-list-item', buttons=[text='', url='https://atn.edu.au/'] }
                  { tag='div', class='footer__links-section-wrapper', buttons=[text='Study', url=''] }
                      { tag='li', class='footer__links-list', buttons=[text='Find a course', url='/courses'] }
                      { tag='li', class='footer__links-list', buttons=[text='Undergraduate', url='/for-students/undergraduate'] }
                      { tag='li', class='footer__links-list', buttons=[text='Postgraduate', url='/for-students/postgraduate'] }
                      { tag='li', class='footer__links-list', buttons=[text='How to apply', url='/for-students/admissions-entry/how-to-apply'] }
                      { tag='li', class='footer__links-list', buttons=[text='Scholarships and prizes', url='/for-students/admissions-entry/scholarships'] }
                      { tag='li', class='footer__links-list', buttons=[text='International students', url='/for-students/international'] }
                      { tag='li', class='footer__links-list', buttons=[text='Campus maps', url='https://maps.uts.edu.au/'] }
                      { tag='li', class='footer__links-list', buttons=[text='Accommodation', url='/for-students/current-students/support/uts-housing-service'] }
                  { tag='div', class='footer__links-section-wrapper', buttons=[text='Engage', url=''] }
                      { tag='li', class='footer__links-list', buttons=[text='Find an expert', url='https://profiles.uts.edu.au/'] }
                      { tag='li', class='footer__links-list', buttons=[text='Industry', url='/for-industry'] }
                      { tag='li', class='footer__links-list', buttons=[text='News', url='/news'] }
                      { tag='li', class='footer__links-list', buttons=[text='Events', url='/events'] }
                      { tag='li', class='footer__links-list', buttons=[text='Experience UTS', url='/for-students/experience-uts'] }
                      { tag='li', class='footer__links-list', buttons=[text='Research', url='/research'] }
                      { tag='li', class='footer__links-list', buttons=[text='Stories', url='/stories'] }
                      { tag='li', class='footer__links-list', buttons=[text='Alumni', url='/for-students/alumni'] }
                  { tag='div', class='footer__links-section-wrapper', buttons=[text='About', url=''] }
                      { tag='li', class='footer__links-list', buttons=[text='Who we are', url='/about'] }
                      { tag='li', class='footer__links-list', buttons=[text='Faculties', url='/about/faculties'] }
                      { tag='li', class='footer__links-list', buttons=[text='Learning and teaching', url='/about/uts-vision/teaching'] }
                      { tag='li', class='footer__links-list', buttons=[text='Sustainability', url='/about/uts-vision/initiatives/uts-sustainability'] }
                      { tag='li', class='footer__links-list', buttons=[text='Initiatives', url='/about/uts-vision/initiatives'] }
                      { tag='li', class='footer__links-list', buttons=[text='Equity, diversity and inclusion', url='/about/uts-vision/initiatives/social-justice-uts/equity-diversity-and-inclusion'] }
                      { tag='li', class='footer__links-list', buttons=[text='Campus and locations', url='/about/locations-facilities'] }
                      { tag='li', class='footer__links-list', buttons=[text='Awards and rankings', url='/about/why-uts'] }
                      { tag='li', class='footer__links-list', buttons=[text='Leadership and governance', url='/about/leadership-governance'] }
                  { tag='div', class='footer__links-section-wrapper', buttons=[text='Staff and students', url=''] }
                      { tag='li', class='footer__links-list', buttons=[text='Current students', url='/for-students/current-students'] }
                      { tag='li', class='footer__links-list', buttons=[text='Help and support', url='/help-support'] }
                      { tag='li', class='footer__links-list', buttons=[text='Library', url='https://www.lib.uts.edu.au/'] }
                      { tag='li', class='footer__links-list', buttons=[text='Policies', url='/about/leadership-governance/policies'] }
                      { tag='li', class='footer__links-list', buttons=[text='StaffConnect', url='https://staff.uts.edu.au/'] }
                      { tag='li', class='footer__links-list', buttons=[text='Working at UTS', url='/staff/jobs-at-uts'] }
                      { tag='li', class='footer__links-list', buttons=[text='UTS Handbook', url='https://coursehandbook.uts.edu.au/'] }
                      { tag='li', class='footer__links-list', buttons=[text='Contact us', url='/contact-us'] }
            { tag='li', buttons=[text='Privacy', url='/about/leadership-governance/web-statements/privacy'] }
            { tag='li', buttons=[text='Copyright', url='/about/leadership-governance/web-statements/copyright'] }
            { tag='li', buttons=[text='Disclaimer', url='/about/leadership-governance/web-statements/disclaimer'] }
            { tag='li', buttons=[text='Accessibility', url='/about/leadership-governance/web-statements/accessibility-statement'] }
      { tag='div', class='stickyCta__button-only', buttons=[text='arrow_upward', url=''] }
