                { tag='li', class='utility-menu-item', buttons=[text='Newsroom', url='/news'] }
                { tag='li', class='utility-menu-item', buttons=[text='Events', url='/events'] }
                { tag='li', class='utility-menu-item', buttons=[text='Safety', url='https://services.anu.edu.au/campus-environment/safety-security'] }
                { tag='li', class='utility-menu-item', buttons=[text='Maps', url='/maps'] }
                { tag='li', class='utility-menu-item', buttons=[text='Services', url='https://services.anu.edu.au/'] }
                { tag='li', class='utility-menu-item', buttons=[text='Library', url='https://anulib.anu.edu.au/'] }
                { tag='li', class='utility-menu-item', buttons=[text='Jobs', url='/jobs'] }
                { tag='li', class='utility-menu-item', buttons=[text='Directories', url='/directories'] }
            { tag='nav', buttons=[text='Main navigation', url=''] }
                  { tag='li', buttons=[text='About', url='/about'] }
                      { tag='li', buttons=[text='Academic Colleges', url='/about/academic-colleges'] }
                      { tag='li', buttons=[text='University Executive', url='/about/university-executive'] }
                      { tag='li', buttons=[text='Campuses & facilities', url='/about/campuses-facilities'] }
                      { tag='li', buttons=[text='Strategic planning', url='/about/strategic-planning'] }
                      { tag='li', buttons=[text='Global engagement', url='/about/global-engagement'] }
                      { tag='li', buttons=[text='Awards & achievements', url='/about/awards-achievements'] }
                      { tag='li', buttons=[text='Governance', url='/about/governance'] }
                      { tag='li', buttons=[text='Our history', url='/about/our-history'] }
                      { tag='li', buttons=[text='Strategic initiatives', url='/about/strategic-initiatives'] }
                      { tag='li', buttons=[text='Our external engagement', url='/about/our-external-engagement'] }
                      { tag='li', buttons=[text='Renew ANU', url='/about/renew-anu'] }
                  { tag='li', buttons=[text='Study', url='https://study.anu.edu.au/'] }
                  { tag='li', buttons=[text='Research', url='https://research.anu.edu.au/'] }
                  { tag='li', buttons=[text='Giving', url='/giving'] }
                      { tag='li', buttons=[text='How to give', url='/giving/how-to-give'] }
                      { tag='li', buttons=[text='Donor information', url='/donor-information'] }
                      { tag='li', buttons=[text='Impact stories', url='/giving/impact-stories'] }
                      { tag='li', buttons=[text='Report to Donors', url='/giving/report-to-donors'] }
                      { tag='li', buttons=[text='Support ANU', url='/giving/support-anu'] }
                      { tag='li', buttons=[text='Support students', url='/giving/support-australias-students'] }
                      { tag='li', buttons=[text='Kambri Scholars', url='/giving/kambri-scholars'] }
                  { tag='li', buttons=[text='Alumni', url='/alumni'] }
                      { tag='li', buttons=[text='Benefits & services', url='/alumni/benefits-services'] }
                      { tag='li', buttons=[text='Events', url='/alumni/events'] }
                      { tag='li', buttons=[text='News', url='/alumni/news'] }
                      { tag='li', buttons=[text='Awards', url='/alumni/awards'] }
                      { tag='li', buttons=[text='Our alumni', url='/alumni/our-alumni'] }
                      { tag='li', buttons=[text='Get involved', url='/alumni/get-involved'] }
                  { tag='li', buttons=[text='Current Students', url='/students'] }
                      { tag='li', buttons=[text='Student life', url='/students/student-life'] }
                      { tag='li', buttons=[text='Accommodation', url='/students/accommodation'] }
                      { tag='li', buttons=[text='Scholarships', url='/students/scholarships'] }
                      { tag='li', buttons=[text='Program admin', url='/students/program-administration'] }
                      { tag='li', buttons=[text='Academic skills', url='/students/academic-skills'] }
                      { tag='li', buttons=[text='Accessibility', url='/students/accessibility'] }
                      { tag='li', buttons=[text='Health, safety & wellbeing', url='/students/health-safety-wellbeing'] }
                      { tag='li', buttons=[text='Careers & opportunities', url='/students/careers-opportunities'] }
                      { tag='li', buttons=[text='Graduation', url='/students/graduation'] }
                      { tag='li', buttons=[text='Learning platforms', url='/students/learning-platforms'] }
                      { tag='li', buttons=[text='Contacts', url='/students/contacts'] }
                      { tag='li', buttons=[text='Information for', url='/students/information-for'] }
                  { tag='li', buttons=[text='First Nations', url='/first-nations'] }
                { tag='div', class='anu-wf-mega-menu-item', buttons=[text='About', url='/about'] }
                        { tag='h1', class='h4', buttons=[text='About ANU', url='/about'] }
                          { tag='li', buttons=[text='Academic Colleges', url='/about/academic-colleges'] }
                          { tag='li', buttons=[text='University Executive', url='/about/university-executive'] }
                          { tag='li', buttons=[text='Campuses & facilities', url='/about/campuses-facilities'] }
                          { tag='li', buttons=[text='Strategic planning', url='/about/strategic-planning'] }
                          { tag='li', buttons=[text='Global engagement', url='/about/global-engagement'] }
                          { tag='li', buttons=[text='Awards & achievements', url='/about/awards-achievements'] }
                          { tag='li', buttons=[text='Governance', url='/about/governance'] }
                          { tag='li', buttons=[text='Our history', url='/about/our-history'] }
                          { tag='li', buttons=[text='Strategic initiatives', url='/about/strategic-initiatives'] }
                          { tag='li', buttons=[text='Our external engagement', url='/about/our-external-engagement'] }
                          { tag='li', buttons=[text='Renew ANU', url='/about/renew-anu'] }
                { tag='div', class='anu-wf-mega-menu-item', buttons=[text='Study', url='https://study.anu.edu.au/'] }
                { tag='div', class='anu-wf-mega-menu-item', buttons=[text='Research', url='https://research.anu.edu.au/'] }
                { tag='div', class='anu-wf-mega-menu-item', buttons=[text='Giving', url='/giving'] }
                        { tag='h1', class='h4', buttons=[text='Giving', url='/giving'] }
                          { tag='li', buttons=[text='How to give', url='/giving/how-to-give'] }
                          { tag='li', buttons=[text='Donor information', url='/donor-information'] }
                          { tag='li', buttons=[text='Impact stories', url='/giving/impact-stories'] }
                          { tag='li', buttons=[text='Report to Donors', url='/giving/report-to-donors'] }
                          { tag='li', buttons=[text='Support ANU', url='/giving/support-anu'] }
                          { tag='li', buttons=[text='Support students', url='/giving/support-australias-students'] }
                          { tag='li', buttons=[text='Kambri Scholars', url='/giving/kambri-scholars'] }
                            { tag='div', buttons=[text='Give now', url='https://engage.anu.edu.au/giving/search'] }
                              { tag='div', class='list-item', buttons=[text='First Nations Portfolio', url='https://www.anu.edu.au/giving/support-us/first-nations-portfolio'] }
                              { tag='div', class='list-item', buttons=[text='Leading in our region', url='https://www.anu.edu.au/giving/support-us/leading-in-our-region'] }
                              { tag='div', class='list-item', buttons=[text='Transforming our world', url='https://www.anu.edu.au/giving/support-us/transforming-our-world'] }
                { tag='div', class='anu-wf-mega-menu-item', buttons=[text='Alumni', url='/alumni'] }
                        { tag='h1', class='h4', buttons=[text='Alumni', url='/alumni'] }
                          { tag='li', buttons=[text='Benefits & services', url='/alumni/benefits-services'] }
                          { tag='li', buttons=[text='Events', url='/alumni/events'] }
                          { tag='li', buttons=[text='News', url='/alumni/news'] }
                          { tag='li', buttons=[text='Awards', url='/alumni/awards'] }
                          { tag='li', buttons=[text='Our alumni', url='/alumni/our-alumni'] }
                          { tag='li', buttons=[text='Get involved', url='/alumni/get-involved'] }
                { tag='div', class='anu-wf-mega-menu-item', buttons=[text='Current Students', url='/students'] }
                        { tag='h1', class='h4', buttons=[text='Current students', url='/students'] }
                          { tag='li', buttons=[text='Student life', url='/students/student-life'] }
                          { tag='li', buttons=[text='Accommodation', url='/students/accommodation'] }
                          { tag='li', buttons=[text='Scholarships', url='/students/scholarships'] }
                          { tag='li', buttons=[text='Program admin', url='/students/program-administration'] }
                          { tag='li', buttons=[text='Academic skills', url='/students/academic-skills'] }
                          { tag='li', buttons=[text='Accessibility', url='/students/accessibility'] }
                          { tag='li', buttons=[text='Health, safety & wellbeing', url='/students/health-safety-wellbeing'] }
                          { tag='li', buttons=[text='Careers & opportunities', url='/students/careers-opportunities'] }
                          { tag='li', buttons=[text='Graduation', url='/students/graduation'] }
                          { tag='li', buttons=[text='Learning platforms', url='/students/learning-platforms'] }
                          { tag='li', buttons=[text='Contacts', url='/students/contacts'] }
                          { tag='li', buttons=[text='Information for', url='/students/information-for'] }
                              { tag='header', buttons=[text='Information for', url=''] }
                                { tag='h3', buttons=[text='Information for', url='/current-students/information-for'] }
                                  { tag='li', buttons=[text='New students', url='/students/information-for/new-students'] }
                                  { tag='li', buttons=[text='Students with a disability', url='/students/information-for/students-with-a-disability'] }
                                  { tag='li', buttons=[text='Current International students', url='/students/information-for/current-international-students'] }
                                  { tag='li', buttons=[text='Indigenous students', url='/students/information-for/indigenous-students'] }
                              { tag='div', class='list-item', buttons=[text='Email', url='https://outlook.office.com/mail/'] }
                              { tag='div', class='list-item', buttons=[text='Wattle', url='https://wattlecourses.anu.edu.au'] }
                              { tag='div', class='list-item', buttons=[text='Canvas', url='https://canvas.anu.edu.au/'] }
                              { tag='div', class='list-item', buttons=[text='ANUHub', url='https://selfservice.sas.anu.edu.au/psp/sscsprod/?cmd=login&languageCd=ENG'] }
                              { tag='div', class='list-item', buttons=[text='Timetable', url='https://www.anu.edu.au/students/program-administration/timetabling/access-and-support-for-mytimetable'] }
                              { tag='div', class='list-item', buttons=[text='Programs & courses', url='http://programsandcourses.anu.edu.au/'] }
                              { tag='div', class='list-item', buttons=[text='Library', url='http://anulib.anu.edu.au'] }
                              { tag='div', class='list-item', buttons=[text='ANUOK', url='https://services.anu.edu.au/campus-environment/safety-security/anuok-app'] }
                              { tag='div', class='list-item', buttons=[text='Figtree', url='https://i12.figtreesystems.com.au/dds410606'] }
                { tag='div', class='anu-wf-mega-menu-item', buttons=[text='First Nations', url='/first-nations'] }
                                  { tag='div', class='bg-black p-2 b-2 overlap-child', buttons=[text='Immersia 2025: Ready. Steady. Immerse', url=''] }
                                    { tag='div', class='my-2', buttons=[text='Visit our website', url='https://immersia.anu.edu.au/'] }
                                  { tag='div', class='bg-black p-2 b-2 overlap-child', buttons=[text='Accommodation guarantee extended to all students', url=''] }
                                    { tag='div', class='my-2', buttons=[text='Learn more', url='https://study.anu.edu.au/accommodation'] }
                                            { tag='div', class='col-12 mb-1', buttons=[text='Immersia 2025: Ready. Steady. Immerse', url=''] }
                                              { tag='div', buttons=[text='Visit our website', url='https://immersia.anu.edu.au/'] }
                                            { tag='div', class='col-12 mb-1', buttons=[text='Accommodation guarantee extended to all students', url=''] }
                                              { tag='div', buttons=[text='Learn more', url='https://study.anu.edu.au/accommodation'] }
                                { tag='div', class='my-4 text-center', buttons=[text='Study at ANU', url=''] }
                                  { tag='form', buttons=[text='GO', url='https://programsandcourses.anu.edu.au/Search'] }
                                        { tag='div', buttons=[text='', url='https://study.anu.edu.au/related-information/information-undergraduate-students'] }
                                        { tag='div', class='p-2 text-center', buttons=[text='Undergraduate students', url=''] }
                                          { tag='h3', buttons=[text='Undergraduate students', url='https://study.anu.edu.au/related-information/information-undergraduate-students'] }
                                        { tag='div', buttons=[text='', url='https://study.anu.edu.au/related-information/information-postgraduate-students'] }
                                        { tag='div', class='p-2 text-center', buttons=[text='Postgraduate students', url=''] }
                                          { tag='h3', buttons=[text='Postgraduate students', url='https://study.anu.edu.au/related-information/information-postgraduate-students'] }
                                        { tag='div', buttons=[text='', url='https://study.anu.edu.au/related-information/information-postgraduate-research-students'] }
                                        { tag='div', class='p-2 text-center', buttons=[text='Postgraduate research students', url=''] }
                                          { tag='h3', buttons=[text='Postgraduate research students', url='https://study.anu.edu.au/related-information/information-postgraduate-research-students'] }
                                        { tag='div', buttons=[text='', url='https://study.anu.edu.au/related-information/information-prospective-international-students'] }
                                        { tag='div', class='p-2 text-center', buttons=[text='Prospective international students', url=''] }
                                          { tag='h3', buttons=[text='Prospective international students', url='https://study.anu.edu.au/related-information/information-prospective-international-students'] }
                                { tag='div', class='text-center my-4', buttons=[text='Find out more about', url=''] }
                                  { tag='p', class='large', buttons=[text='Degree structures', url='https://programsandcourses.anu.edu.au/Search', text='Admission', url='https://study.anu.edu.au/apply', text='Scholarships', url='https://study.anu.edu.au/scholarships', text='Accommodation', url='https://study.anu.edu.au/accommodation', text='Campus life', url='https://study.anu.edu.au/study/student-experience', text='Indigenous support', url='/students/information-for/indigenous-students'] }
                                  { tag='div', class='col-lg-7', buttons=[text='Study at ANU', url=''] }
                                  { tag='form', class='d-flex', buttons=[text='', url='https://programsandcourses.anu.edu.au/Search'] }
                                  { tag='div', class='col-sm-6 col-lg-3 col-12', buttons=[text='Undergraduate students', url='https://study.anu.edu.au/related-information/information-undergraduate-students'] }
                                  { tag='div', class='col-sm-6 col-lg-3 col-12', buttons=[text='Postgraduate students', url='https://study.anu.edu.au/related-information/information-postgraduate-students'] }
                                  { tag='div', class='col-sm-6 col-lg-3 col-12', buttons=[text='Postgraduate research students', url='https://study.anu.edu.au/related-information/information-postgraduate-research-students'] }
                                  { tag='div', class='col-sm-6 col-lg-3 col-12', buttons=[text='International students', url='https://study.anu.edu.au/related-information/information-prospective-international-students'] }
                                  { tag='span', buttons=[text='Study
            options', url='https://study.anu.edu.au/study-options'] }
                                  { tag='span', buttons=[text='Apply to ANU', url='https://study.anu.edu.au/apply'] }
                                  { tag='span', buttons=[text='Accept your offer', url='https://study.anu.edu.au/accept-your-offer'] }
                                  { tag='span', buttons=[text='Fees &
            payments', url='https://www.anu.edu.au/students/program-administration/fees-payments'] }
                                  { tag='span', buttons=[text='Scholarships', url='https://study.anu.edu.au/scholarships'] }
                                  { tag='span', buttons=[text='Accommodation', url='https://study.anu.edu.au/accommodation'] }
                              { tag='div', class='field field--name-body field--type-text-with-summary field--label-hidden field__item', buttons=[text='Latest news', url=''] }
                                    { tag='div', class='col-lg-8 col-12 p-0 bg-tint', buttons=[text='', url='/news/all-news/abrupt-antarctic-changes-could-have-catastrophic-consequences-for-generations-to-come-if-emissions'] }
                                    { tag='div', class='col-lg-4 col-12 p-4 bg-tint d-flex flex-column', buttons=[text='Abrupt Antarctic changes could have catastrophic consequences for generations to come if emissions don’t fall', url=''] }
                                      { tag='h2', buttons=[text='Abrupt Antarctic changes could have catastrophic consequences for generations to come if emissions don’t fall', url='/news/all-news/abrupt-antarctic-changes-could-have-catastrophic-consequences-for-generations-to-come-if-emissions'] }
                                        { tag='div', class='shadow-light', buttons=[text='', url='/news/all-news/microearthquakes-in-new-zealands-southern-alps-more-common-during-spring-and-summer'] }
                                          { tag='div', class='p-3', buttons=[text='Microearthquakes in New Zealand’s Southern Alps more common during spring and summer', url=''] }
                                            { tag='h3', buttons=[text='Microearthquakes in New Zealand’s Southern Alps more common during spring and summer', url='/news/all-news/microearthquakes-in-new-zealands-southern-alps-more-common-during-spring-and-summer'] }
                                        { tag='div', class='shadow-light', buttons=[text='', url='/news/all-news/ultimate-dinner-party-guests-dispersed-communities-attending-feast-in-ancient-iran-gifted-boars'] }
                                          { tag='div', class='p-3', buttons=[text='‘Ultimate dinner party guests’: Dispersed communities attending feast in ancient Iran gifted boars sourced from distant lands', url=''] }
                                            { tag='h3', buttons=[text='‘Ultimate dinner party guests’: Dispersed communities attending feast in ancient Iran gifted boars sourced from distant lands', url='/news/all-news/ultimate-dinner-party-guests-dispersed-communities-attending-feast-in-ancient-iran-gifted-boars'] }
                                        { tag='div', class='shadow-light', buttons=[text='', url='/news/all-news/18-million-in-federal-funding-to-turbocharge-anu-research'] }
                                          { tag='div', class='p-3', buttons=[text='$18 million in federal funding to turbocharge ANU research', url=''] }
                                            { tag='h3', buttons=[text='$18 million in federal funding to turbocharge ANU research', url='/news/all-news/18-million-in-federal-funding-to-turbocharge-anu-research'] }
                                { tag='div', class='my-4 d-flex flex-column flex-md-row justify-content-md-around', buttons=[text='More ANU news', url='/news', text='VC's blog', url='/news/news-from-the-vc', text='For journalists', url='/news/for-journalists'] }
                                { tag='div', class='col-lg-7', buttons=[text='Latest news', url=''] }
                                        { tag='div', class='shadow-light br-20 p-3 mr-n-5 bg-white', buttons=[text='Abrupt Antarctic changes could have catastrophic consequences for generations to come if emissions don’t fall', url=''] }
                                            { tag='strong', buttons=[text='Abrupt Antarctic changes could have catastrophic consequences for generations to come if emissions don’t fall', url='/news/all-news/abrupt-antarctic-changes-could-have-catastrophic-consequences-for-generations-to-come-if-emissions'] }
                                          { tag='p', class='readmore text-right', buttons=[text='Read more', url='/news/all-news/abrupt-antarctic-changes-could-have-catastrophic-consequences-for-generations-to-come-if-emissions'] }
                                        { tag='div', class='w100', buttons=[text='Microearthquakes in New Zealand’s Southern Alps more common during spring and summer', url=''] }
                                          { tag='div', class='overlap d-sm-block d-none', buttons=[text='', url='/news/all-news/microearthquakes-in-new-zealands-southern-alps-more-common-during-spring-and-summer'] }
                                          { tag='h3', class='h4 my-2 mx-1', buttons=[text='Microearthquakes in New Zealand’s Southern Alps more common during spring and summer', url='/news/all-news/microearthquakes-in-new-zealands-southern-alps-more-common-during-spring-and-summer'] }
                                        { tag='div', class='w100', buttons=[text='‘Ultimate dinner party guests’: Dispersed communities attending feast in ancient Iran gifted boars sourced from distant lands', url=''] }
                                          { tag='div', class='overlap d-sm-block d-none', buttons=[text='', url='/news/all-news/ultimate-dinner-party-guests-dispersed-communities-attending-feast-in-ancient-iran-gifted-boars'] }
                                          { tag='h3', class='h4 my-2 mx-1', buttons=[text='‘Ultimate dinner party guests’: Dispersed communities attending feast in ancient Iran gifted boars sourced from distant lands', url='/news/all-news/ultimate-dinner-party-guests-dispersed-communities-attending-feast-in-ancient-iran-gifted-boars'] }
                                        { tag='div', class='w100', buttons=[text='$18 million in federal funding to turbocharge ANU research', url=''] }
                                          { tag='div', class='overlap d-sm-block d-none', buttons=[text='', url='/news/all-news/18-million-in-federal-funding-to-turbocharge-anu-research'] }
                                          { tag='h3', class='h4 my-2 mx-1', buttons=[text='$18 million in federal funding to turbocharge ANU research', url='/news/all-news/18-million-in-federal-funding-to-turbocharge-anu-research'] }
                                          { tag='div', class='px-3 py-2', buttons=[text='More ANU news', url='', text='VC's blog', url='', text='For journalists', url=''] }
                                          { tag='h3', class='mb-2', buttons=[text='More ANU news', url='https://www.anu.edu.au/news'] }
                                          { tag='h3', class='mb-2', buttons=[text='VC's blog', url='https://www.anu.edu.au/news/news-from-the-vc'] }
                                          { tag='h3', class='mb-2', buttons=[text='For journalists', url='https://www.anu.edu.au/news/for-journalists'] }
                                { tag='div', class='overlap', buttons=[text='', url='https://www.anu.edu.au/about/renew-anu/faqs-for-current-and-future-students-reg…'] }
                                    { tag='div', class='bg-black p-2 b-0 overlap-child', buttons=[text='ANU is evolving for a stronger future', url=''] }
                                      { tag='h2', buttons=[text='ANU is evolving for a stronger future', url='https://www.anu.edu.au/about/renew-anu/faqs-for-current-and-future-students-reg…'] }
                                        { tag='div', class='col bg-black-70 p-3', buttons=[text='ANU is evolving for a stronger future', url=''] }
                                          { tag='h2', class='mb-2', buttons=[text='ANU is evolving for a stronger future', url='https://www.anu.edu.au/about/renew-anu/faqs-for-current-and-future-students-regarding-the-renew-anu-program-of-organisational-change'] }
                                    { tag='div', class='text-center my-4', buttons=[text='Research & innovation', url=''] }
                                          { tag='div', class='col-lg-6 col-12 order-lg-2', buttons=[text='', url='/culture-creativity-societies'] }
                                          { tag='div', class='col-lg-6 col-12 order-lg-1 align-self-center', buttons=[text='Culture, creativity & societies', url=''] }
                                            { tag='h3', class='px-4 py-2', buttons=[text='Culture, creativity & societies', url='/culture-creativity-societies'] }
                                          { tag='div', class='col-lg-6 col-12', buttons=[text='', url='/environment-sustainability'] }
                                          { tag='div', class='col-lg-6 col-12 align-self-center', buttons=[text='Environment & sustainability', url=''] }
                                            { tag='h3', class='px-4 py-2', buttons=[text='Environment & sustainability', url='/environment-sustainability'] }
                                          { tag='div', class='col-lg-6 col-12 order-lg-2', buttons=[text='', url='/future-security'] }
                                          { tag='div', class='col-lg-6 col-12 order-lg-1 align-self-center', buttons=[text='Future security', url=''] }
                                            { tag='h3', class='px-4 py-2', buttons=[text='Future security', url='/future-security'] }
                                          { tag='div', class='col-lg-6 col-12', buttons=[text='', url='/health-medicine'] }
                                          { tag='div', class='col-lg-6 col-12 align-self-center', buttons=[text='Health & medicine', url=''] }
                                            { tag='h3', class='px-4 py-2', buttons=[text='Health & medicine', url='/health-medicine'] }
                                          { tag='div', class='col-lg-6 col-12 order-lg-2', buttons=[text='', url='/our-regional-global-context'] }
                                          { tag='div', class='col-lg-6 col-12 order-lg-1 align-self-center', buttons=[text='Our regional & global context', url=''] }
                                            { tag='h3', class='px-4 py-2', buttons=[text='Our regional & global context', url='/our-regional-global-context'] }
                                          { tag='div', class='col-lg-6 col-12', buttons=[text='', url='/science-innovative-technology'] }
                                          { tag='div', class='col-lg-6 col-12 align-self-center', buttons=[text='Science & innovative technology', url=''] }
                                            { tag='h3', class='px-4 py-2', buttons=[text='Science & innovative technology', url='/science-innovative-technology'] }
                                    { tag='div', class='text-center my-4', buttons=[text='Find out more about', url=''] }
                                      { tag='p', class='large', buttons=[text='Research initiatives', url='/research/research-initiatives', text='ANU innovation', url='research/innovation', text='Higher Degrees by Research', url='https://study.anu.edu.au/related-information/information-postgraduate-research-students'] }
                                  { tag='div', class='mt-0 mb-2 ml-lg-2', buttons=[text='Research & innovation', url='', text='Learn more', url='https://research.anu.edu.au/'] }
                                  { tag='div', class='bdr-thick bdr-bottom-grey mb-2', buttons=[text='', url='https://research.anu.edu.au/our-research#researchAreas'] }
                                          { tag='div', class='p-1', buttons=[text='Culture, creativity & societies', url=''] }
                                              { tag='strong', buttons=[text='Culture, creativity & societies', url='https://research.anu.edu.au/our-research#researchAreas'] }
                                  { tag='div', class='bdr-thick bdr-bottom-grey mb-2', buttons=[text='', url='https://research.anu.edu.au/our-research#researchAreas'] }
                                          { tag='div', class='p-1', buttons=[text='Environment & sustainability', url=''] }
                                              { tag='strong', buttons=[text='Environment & sustainability', url='https://research.anu.edu.au/our-research#researchAreas'] }
                                  { tag='div', class='bdr-thick bdr-bottom-grey mb-2', buttons=[text='', url='https://research.anu.edu.au/our-research#researchAreas'] }
                                          { tag='div', class='p-1', buttons=[text='Future security', url=''] }
                                              { tag='strong', buttons=[text='Future security', url='https://research.anu.edu.au/our-research#researchAreas'] }
                                  { tag='div', class='bdr-thick bdr-bottom-grey mb-2', buttons=[text='', url='https://research.anu.edu.au/our-research#researchAreas'] }
                                          { tag='div', class='p-1', buttons=[text='Health & medicine', url=''] }
                                              { tag='strong', buttons=[text='Health & medicine', url='https://research.anu.edu.au/our-research#researchAreas'] }
                                  { tag='div', class='bdr-thick bdr-bottom-grey mb-2', buttons=[text='', url='https://research.anu.edu.au/our-research#researchAreas'] }
                                          { tag='div', class='p-1', buttons=[text='Our regional & global context', url=''] }
                                              { tag='strong', buttons=[text='Our regional & global context', url='https://research.anu.edu.au/our-research#researchAreas'] }
                                  { tag='div', class='bdr-thick bdr-bottom-grey mb-2', buttons=[text='', url='https://research.anu.edu.au/our-research#researchAreas'] }
                                          { tag='div', class='p-1', buttons=[text='Science & innovative technology', url=''] }
                                              { tag='strong', buttons=[text='Science & innovative technology', url='https://research.anu.edu.au/our-research#researchAreas'] }
                                  { tag='span', buttons=[text='Research initiatives', url='https://research.anu.edu.au/research-initiatives'] }
                                  { tag='span', buttons=[text='ANU innovation', url='https://research.anu.edu.au/partner-with-us/technology-marketplace'] }
                                  { tag='span', buttons=[text='Higher Degrees by Research', url='https://study.anu.edu.au/related-information/information-postgraduate-research-students'] }
                                  { tag='div', class='row w100 mb-1 views-col col-1', buttons=[text='', url='/culture-creativity-societies'] }
                                        { tag='div', class='v-align col-8 col-sm-9', buttons=[text='Culture, creativity & societies', url=''] }
                                            { tag='strong', buttons=[text='Culture, creativity & societies', url='/culture-creativity-societies'] }
                                  { tag='div', class='row w100 mb-1 views-col col-1', buttons=[text='', url='/environment-sustainability'] }
                                        { tag='div', class='v-align col-8 col-sm-9', buttons=[text='Environment & sustainability', url=''] }
                                            { tag='strong', buttons=[text='Environment & sustainability', url='/environment-sustainability'] }
                                  { tag='div', class='row w100 mb-1 views-col col-1', buttons=[text='', url='/future-security'] }
                                        { tag='div', class='v-align col-8 col-sm-9', buttons=[text='Future security', url=''] }
                                            { tag='strong', buttons=[text='Future security', url='/future-security'] }
                                  { tag='div', class='row w100 mb-1 views-col col-1', buttons=[text='', url='/health-medicine'] }
                                        { tag='div', class='v-align col-8 col-sm-9', buttons=[text='Health & medicine', url=''] }
                                            { tag='strong', buttons=[text='Health & medicine', url='/health-medicine'] }
                                  { tag='div', class='row w100 mb-1 views-col col-1', buttons=[text='', url='/our-regional-global-context'] }
                                        { tag='div', class='v-align col-8 col-sm-9', buttons=[text='Our regional & global context', url=''] }
                                            { tag='strong', buttons=[text='Our regional & global context', url='/our-regional-global-context'] }
                                  { tag='div', class='row w100 mb-1 views-col col-1', buttons=[text='', url='/science-innovative-technology'] }
                                        { tag='div', class='v-align col-8 col-sm-9', buttons=[text='Science & innovative technology', url=''] }
                                            { tag='strong', buttons=[text='Science & innovative technology', url='/science-innovative-technology'] }
                                  { tag='span', buttons=[text='Research initiatives', url='https://study.anu.edu.au/study-options'] }
                                  { tag='span', buttons=[text='ANU innovation', url='https://study.anu.edu.au/apply'] }
                                  { tag='span', buttons=[text='Higher Degrees by Research', url='https://study.anu.edu.au/accept-your-offer'] }
                                { tag='div', buttons=[text='Academic colleges', url=''] }
                                    { tag='li', buttons=[text='ANU College of Arts & Social Sciences', url='https://cass.anu.edu.au/'] }
                                    { tag='li', buttons=[text='ANU College of Asia & the Pacific', url='https://asiapacific.anu.edu.au/'] }
                                    { tag='li', buttons=[text='ANU College of Business & Economics', url='https://cbe.anu.edu.au/welcome-cbe'] }
                                    { tag='li', buttons=[text='ANU College of Engineering, Computing and Cybernetics', url='https://cecc.anu.edu.au/'] }
                                    { tag='li', buttons=[text='ANU College of Health & Medicine', url='https://health.anu.edu.au/'] }
                                    { tag='li', buttons=[text='ANU College of Law', url='https://law.anu.edu.au/'] }
                                    { tag='li', buttons=[text='ANU College of Science', url='https://science.anu.edu.au/'] }
                                { tag='div', buttons=[text='Research', url='', text='Divisions', url=''] }
                                { tag='li', buttons=[text='Researcher search', url='https://researchers.anu.edu.au/'] }
                                { tag='li', buttons=[text='Expert media contacts', url='/news/for-journalists'] }
                                { tag='li', buttons=[text='Library branches', url='https://anulib.anu.edu.au/using-library/branches'] }
                                { tag='li', buttons=[text='ANU Press', url='https://press.anu.edu.au/'] }
                                { tag='li', buttons=[text='ANU Archives', url='http://archives.anu.edu.au/'] }
                                { tag='li', buttons=[text='Business units', url='https://services.anu.edu.au/business-units'] }
                                { tag='li', buttons=[text='Staff directory', url='http://www.anu.edu.au/_anu/staffdir/search.php'] }
                                { tag='li', buttons=[text='Systems', url='https://services.anu.edu.au/information-technology/software-systems'] }
                                { tag='div', buttons=[text='Admission', url='', text='Resources', url=''] }
                                { tag='li', buttons=[text='Undergraduate', url='https://study.anu.edu.au/related-information/information-undergraduate-students'] }
                                { tag='li', buttons=[text='International', url='https://study.anu.edu.au/related-information/information-prospective-international-students'] }
                                { tag='li', buttons=[text='Postgraduate coursework', url='https://study.anu.edu.au/related-information/information-postgraduate-students'] }
                                { tag='li', buttons=[text='Postgraduate research', url='https://study.anu.edu.au/related-information/information-postgraduate-research-students'] }
                                { tag='li', buttons=[text='Maps', url='/maps'] }
                                { tag='li', buttons=[text='Jobs', url='/jobs'] }
                                { tag='li', buttons=[text='Safety', url='https://services.anu.edu.au/campus-environment/safety-security'] }
                                { tag='li', buttons=[text='Calendar', url='/directories/university-calendar'] }
                                { tag='li', buttons=[text='Websites', url='/directories/website-directory'] }
                                { tag='div', class='mb-3', buttons=[text='Apply to study', url='https://study.anu.edu.au/apply'] }
                                { tag='div', class='mb-3', buttons=[text='Give to ANU', url='/giving/support-us'] }
                                { tag='div', class='mb-3', buttons=[text='Join our alumni', url='/alumni/benefits-services'] }
                                { tag='div', class='mb-3', buttons=[text='Contact us', url='https://study.anu.edu.au/contact-us'] }
                                      { tag='div', class='col-lg-7', buttons=[text='More information', url=''] }
                                      { tag='li', buttons=[text='ANU College of Arts & Social Sciences', url='https://cass.anu.edu.au/'] }
                                      { tag='li', buttons=[text='ANU College of Asia & the
                    Pacific', url='https://asiapacific.anu.edu.au/'] }
                                      { tag='li', buttons=[text='ANU College of Business &
                    Economics', url='https://cbe.anu.edu.au/welcome-cbe'] }
                                      { tag='li', buttons=[text='ANU College of
                Systems & Society', url='https://systems.anu.edu.au/'] }
                                      { tag='li', buttons=[text='ANU College of Law, Governance & Policy', url='https://clgp.anu.edu.au/'] }
                                      { tag='li', buttons=[text='ANU College of
                Science & Medicine', url='https://science.anu.edu.au/'] }
                                          { tag='li', buttons=[text='Undergraduate', url='https://study.anu.edu.au/related-information/information-undergraduate-students'] }
                                          { tag='li', buttons=[text='International', url='https://study.anu.edu.au/related-information/information-prospective-international-students'] }
                                          { tag='li', buttons=[text='Postgraduate
                            coursework', url='https://study.anu.edu.au/related-information/information-postgraduate-students'] }
                                          { tag='li', buttons=[text='Postgraduate
                            research', url='https://study.anu.edu.au/related-information/information-postgraduate-research-students'] }
                                          { tag='li', buttons=[text='Researcher search', url='https://researchportalplus.anu.edu.au'] }
                                          { tag='li', buttons=[text='Expert media contacts', url='/news/for-journalists'] }
                                          { tag='li', buttons=[text='Library
                            branches', url='https://anulib.anu.edu.au/using-library/branches'] }
                                          { tag='li', buttons=[text='ANU Press', url='https://press.anu.edu.au/'] }
                                          { tag='li', buttons=[text='ANU Archives', url='http://archives.anu.edu.au/'] }
                                          { tag='li', buttons=[text='Maps', url='/maps'] }
                                          { tag='li', buttons=[text='Jobs', url='/jobs'] }
                                          { tag='li', buttons=[text='Safety', url='https://services.anu.edu.au/campus-environment/safety-security'] }
                                          { tag='li', buttons=[text='Calendar', url='/directories/university-calendar'] }
                                          { tag='li', buttons=[text='Websites', url='/directories/website-directory'] }
                                          { tag='li', buttons=[text='Business units', url='https://services.anu.edu.au/business-units'] }
                                          { tag='li', buttons=[text='Staff directory', url='http://www.anu.edu.au/_anu/staffdir/search.php'] }
                                          { tag='li', buttons=[text='Systems', url='https://services.anu.edu.au/information-technology/software-systems'] }
                                      { tag='div', class='col-lg-12 col-md-3 col-6', buttons=[text='Apply
                    to study', url='https://study.anu.edu.au/study-options'] }
                                      { tag='div', class='col-lg-12 col-md-3 col-6', buttons=[text='Give
                    to ANU', url='https://anu.edu.au/giving/support-us'] }
                                      { tag='div', class='col-lg-12 col-md-3 col-6', buttons=[text='Connect with alumni', url='https://anu.edu.au/alumni'] }
                                      { tag='div', class='col-lg-12 col-md-3 col-6', buttons=[text='Contact
                    us', url='https://study.anu.edu.au/contact-us'] }
