        { tag='div', class='rb-block-container', buttons=[text='Close', url=''] }
            { tag='div', class='rb-buttongroup rb-formgroup', buttons=[text='Search', url='https://www.liverpool.ac.uk/search/'] }
            { tag='p', class='rb-search--global__popular', buttons=[text='Undergraduate', url='https://www.liverpool.ac.uk/undergraduate/', text='Postgraduate', url='https://www.liverpool.ac.uk/postgraduate-taught/', text='PhD', url='https://www.liverpool.ac.uk/study/postgraduate-research/', text='Accommodation', url='https://www.liverpool.ac.uk/accommodation/', text='Research', url='https://www.liverpool.ac.uk/research/', text='International students', url='https://www.liverpool.ac.uk/international/'] }
            { tag='p', buttons=[text='A-Z index', url='https://www.liverpool.ac.uk/a-z/'] }
      { tag='div', class='rb-header__global rb-header__container', buttons=[text='Home', url='https://www.liverpool.ac.uk/'] }
            { tag='li', buttons=[text='Study', url='https://www.liverpool.ac.uk/study/', text='OpenStudymenu', url=''] }
            { tag='li', buttons=[text='Student life', url='https://www.liverpool.ac.uk/student-life/', text='OpenStudent lifemenu', url=''] }
            { tag='li', buttons=[text='Research and innovation', url='https://www.liverpool.ac.uk/research/', text='OpenResearch and innovationmenu', url=''] }
            { tag='li', buttons=[text='Global', url='https://www.liverpool.ac.uk/global/', text='OpenGlobalmenu', url=''] }
            { tag='li', buttons=[text='About us', url='https://www.liverpool.ac.uk/about/', text='OpenAbout usmenu', url=''] }
          { tag='div', class='rb-block-container', buttons=[text='CloseBack', url=''] }
            { tag='div', class='rb-megamenu__label', buttons=[text='Study', url='//www.liverpool.ac.uk/study/'] }
              { tag='li', buttons=[text='View all courses', url='//www.liverpool.ac.uk/courses/'] }
                  { tag='li', buttons=[text='Undergraduate', url='//www.liverpool.ac.uk/undergraduate/'] }
                  { tag='li', buttons=[text='Postgraduate taught', url='//www.liverpool.ac.uk/postgraduate-taught/'] }
                  { tag='li', buttons=[text='Postgraduate research', url='//www.liverpool.ac.uk/postgraduate-research/'] }
                  { tag='li', buttons=[text='Continuing education', url='//www.liverpool.ac.uk/continuing-education/'] }
                  { tag='li', buttons=[text='Continuing professional development', url='//www.liverpool.ac.uk/cpd/'] }
                  { tag='li', buttons=[text='Online study', url='//www.liverpool.ac.uk/study/online/'] }
              { tag='li', buttons=[text='International', url='//www.liverpool.ac.uk/international/'] }
                  { tag='li', buttons=[text='Global opportunities', url='//www.liverpool.ac.uk/global-opportunities'] }
              { tag='li', buttons=[text='XJTLU', url='//www.liverpool.ac.uk/xjtlu/'] }
                  { tag='li', buttons=[text='The XJTLU partnership', url='//www.liverpool.ac.uk/xjtlu/the-xjtlu-partnership/'] }
              { tag='li', buttons=[text='Paying for your studies', url='//www.liverpool.ac.uk/study/fees-and-funding/'] }
                  { tag='li', buttons=[text='Tuition fees', url='//www.liverpool.ac.uk/study/fees-and-funding/tuition-fees/'] }
                  { tag='li', buttons=[text='Scholarships and bursaries', url='//www.liverpool.ac.uk/study/fees-and-funding/scholarships-and-bursaries/'] }
                  { tag='li', buttons=[text='Loans and grants', url='//www.liverpool.ac.uk/study/fees-and-funding/loans-and-grants/'] }
              { tag='li', buttons=[text='Graduation', url='//www.liverpool.ac.uk/graduation/'] }
              { tag='li', buttons=[text='Widening participation', url='//www.liverpool.ac.uk/widening-participation/'] }
              { tag='li', buttons=[text='Visit us', url='//www.liverpool.ac.uk/undergraduate/open-days-and-visits/'] }
                  { tag='li', buttons=[text='On-campus events', url='//www.liverpool.ac.uk/undergraduate/open-days-and-visits/on-campus-events/'] }
                  { tag='li', buttons=[text='Virtual tour', url='//www.liverpool.ac.uk/virtual-tour/'] }
              { tag='li', buttons=[text='Contact us', url='//www.liverpool.ac.uk/about/contact-us/'] }
                  { tag='li', buttons=[text='Term dates and semesters', url='//www.liverpool.ac.uk/term-dates/'] }
          { tag='div', class='rb-block-container', buttons=[text='CloseBack', url=''] }
            { tag='div', class='rb-megamenu__label', buttons=[text='Student life', url='//www.liverpool.ac.uk/student-life/'] }
              { tag='li', buttons=[text='Life on campus', url='//www.liverpool.ac.uk/student-life/life-on-campus/'] }
                  { tag='li', buttons=[text='Facilities', url='//www.liverpool.ac.uk/about/our-campus/facilities/'] }
                  { tag='li', buttons=[text='Library', url='https://www.liverpool.ac.uk/library/'] }
                  { tag='li', buttons=[text='Study areas', url='//www.liverpool.ac.uk/student-life/life-on-campus/study-spaces/'] }
                  { tag='li', buttons=[text='Food and drink', url='//www.liverpool.ac.uk/food-and-drink/'] }
                  { tag='li', buttons=[text='Events', url='//www.liverpool.ac.uk/events/'] }
              { tag='li', buttons=[text='Life in Liverpool', url='//www.liverpool.ac.uk/student-life/living-in-liverpool/'] }
                  { tag='li', buttons=[text='Why choose Liverpool?', url='//www.liverpool.ac.uk/study/why-liverpool/'] }
                  { tag='li', buttons=[text='Getting to Liverpool', url='//www.liverpool.ac.uk/student-life/living-in-liverpool/getting-here/'] }
                  { tag='li', buttons=[text='Getting around Liverpool', url='//www.liverpool.ac.uk/student-life/living-in-liverpool/getting-around/'] }
              { tag='li', buttons=[text='Accommodation', url='//www.liverpool.ac.uk/accommodation/'] }
                  { tag='li', buttons=[text='Find accommodation', url='//www.liverpool.ac.uk/accommodation/find-accommodation/'] }
                  { tag='li', buttons=[text='Life in halls', url='//www.liverpool.ac.uk/accommodation/life-at-halls/'] }
              { tag='li', buttons=[text='Guild of Students', url='//www.liverpool.ac.uk/student-life/guild-of-students'] }
              { tag='li', buttons=[text='Sport at Liverpool', url='//www.liverpool.ac.uk/sports/'] }
              { tag='li', buttons=[text='Student support', url='//www.liverpool.ac.uk/studentsupport/'] }
                  { tag='li', buttons=[text='Mental health and wellbeing', url='//www.liverpool.ac.uk/studentsupport/mental-wellbeing/'] }
                  { tag='li', buttons=[text='Visas and immigration', url='//www.liverpool.ac.uk/studentsupport/visas-and-immigration/'] }
                  { tag='li', buttons=[text='Book an appointment', url='//www.liverpool.ac.uk/studentsupport/book-an-appointment/'] }
              { tag='li', buttons=[text='Careers', url='//www.liverpool.ac.uk/careers/'] }
              { tag='li', buttons=[text='Welcome week', url='//www.liverpool.ac.uk/welcome/'] }
              { tag='li', buttons=[text='Money advice', url='https://www.liverpool.ac.uk/studentsupport/money-advice/'] }
                  { tag='li', buttons=[text='Managing your money', url='//www.liverpool.ac.uk/studentsupport/money-advice/managing-the-cost-of-living/'] }
          { tag='div', class='rb-block-container', buttons=[text='CloseBack', url=''] }
            { tag='div', class='rb-megamenu__label', buttons=[text='Research and innovation', url='//www.liverpool.ac.uk/research/'] }
              { tag='li', buttons=[text='Research frontiers', url='//www.liverpool.ac.uk/research/frontiers/'] }
                  { tag='li', buttons=[text='AI for life', url='//www.liverpool.ac.uk/research/frontiers/ai-for-life/'] }
                  { tag='li', buttons=[text='Infection resilience', url='//www.liverpool.ac.uk/research/frontiers/infection-resilience/'] }
                  { tag='li', buttons=[text='Materials discovery', url='//www.liverpool.ac.uk/research/frontiers/materials-discovery/'] }
                  { tag='li', buttons=[text='Particle physics', url='//www.liverpool.ac.uk/research/frontiers/particle-physics/'] }
                  { tag='li', buttons=[text='Therapeutics innovation', url='//www.liverpool.ac.uk/research/frontiers/therapeutics-innovation/'] }
              { tag='li', buttons=[text='Interdisciplinary Centre for Sustainability Research', url='//www.liverpool.ac.uk/research/interdisciplinary-centre-for-sustainability-research/'] }
              { tag='li', buttons=[text='Business and collaboration', url='//www.liverpool.ac.uk/collaborate/'] }
                  { tag='li', buttons=[text='Collaborations and partnerships', url='//www.liverpool.ac.uk/collaborate/collaborations-and-partnerships/'] }
                  { tag='li', buttons=[text='Enterprise: Collaborate with us', url='//www.liverpool.ac.uk/collaborate/enterprise/'] }
                  { tag='li', buttons=[text='Consultancy', url='//www.liverpool.ac.uk/collaborate/consultancy/'] }
                  { tag='li', buttons=[text='Contact us', url='//www.liverpool.ac.uk/collaborate/contact/'] }
              { tag='li', buttons=[text='Facilities and equipment', url='//www.liverpool.ac.uk/research/facilities/'] }
              { tag='li', buttons=[text='Research groups', url='//www.liverpool.ac.uk/a-z/research/'] }
                  { tag='li', buttons=[text='Find a researcher', url='//www.liverpool.ac.uk/people/search'] }
              { tag='li', buttons=[text='Research excellence framework (REF)', url='//www.liverpool.ac.uk/ref/'] }
                  { tag='li', buttons=[text='Our impact', url='//www.liverpool.ac.uk/ref/our-impact/'] }
              { tag='li', buttons=[text='Postgraduate research', url='//www.liverpool.ac.uk/research/postgraduate-research/'] }
                  { tag='li', buttons=[text='Doctoral Training', url='https://www.liverpool.ac.uk/doctoral-training/'] }
              { tag='li', buttons=[text='Fellowships', url='//www.liverpool.ac.uk/research/fellowships/'] }
              { tag='li', buttons=[text='Research environment', url='//www.liverpool.ac.uk/research/research-environment/'] }
              { tag='li', buttons=[text='Researcher support', url='//www.liverpool.ac.uk/researcher/'] }
              { tag='li', buttons=[text='Research news', url='//www.liverpool.ac.uk/research/news/'] }
                  { tag='li', buttons=[text='Original Ideas podcast', url='//www.liverpool.ac.uk/research/original-ideas/'] }
          { tag='div', class='rb-block-container', buttons=[text='CloseBack', url=''] }
            { tag='div', class='rb-megamenu__label', buttons=[text='Global Liverpool', url='//www.liverpool.ac.uk/global/'] }
              { tag='li', buttons=[text='Partnerships', url='//www.liverpool.ac.uk/global/partnerships/'] }
                  { tag='li', buttons=[text='Strategic partners', url='//www.liverpool.ac.uk/global/partnerships/strategic-partners/'] }
                  { tag='li', buttons=[text='Global networks', url='//www.liverpool.ac.uk/global/partnerships/global-networks/'] }
                  { tag='li', buttons=[text='Transnational education partners', url='//www.liverpool.ac.uk/global/partnerships/transnational-education/'] }
                  { tag='li', buttons=[text='Collaborate with us', url='//www.liverpool.ac.uk/global/partnerships/partnership-enquiries/'] }
              { tag='li', buttons=[text='Global study opportunities', url='//www.liverpool.ac.uk/global/study-opportunities'] }
                  { tag='li', buttons=[text='Study abroad', url='//www.liverpool.ac.uk/global-opportunities/liverpool-students/'] }
                  { tag='li', buttons=[text='Study in Liverpool', url='//www.liverpool.ac.uk/global-opportunities/visiting-students/'] }
                  { tag='li', buttons=[text='Study in China', url='//www.liverpool.ac.uk/xjtlu/'] }
                  { tag='li', buttons=[text='Study in India', url='https://www.bengaluru.liverpool.ac.uk/'] }
              { tag='li', buttons=[text='Achievements and rankings', url='//www.liverpool.ac.uk/global/achievements/'] }
              { tag='li', buttons=[text='Our global city', url='//www.liverpool.ac.uk/global/global-city/'] }
              { tag='li', buttons=[text='Sustainability', url='//www.liverpool.ac.uk/global/sustainability/'] }
              { tag='li', buttons=[text='Our global team', url='//www.liverpool.ac.uk/global/our-people/'] }
                  { tag='li', buttons=[text='Leadership team', url='//www.liverpool.ac.uk/global/our-people/leadership-team/'] }
                  { tag='li', buttons=[text='Global contacts', url='//www.liverpool.ac.uk/global/our-people/contact-us/'] }
                  { tag='li', buttons=[text='Our global community', url='//www.liverpool.ac.uk/global/our-people/global-community/'] }
          { tag='div', class='rb-block-container', buttons=[text='CloseBack', url=''] }
            { tag='div', class='rb-megamenu__label', buttons=[text='About us', url='//www.liverpool.ac.uk/about/'] }
              { tag='li', buttons=[text='The University', url='//www.liverpool.ac.uk/about/the-university/'] }
                  { tag='li', buttons=[text='Our history', url='//www.liverpool.ac.uk/about/the-university/our-history/'] }
                  { tag='li', buttons=[text='Strategy and vision', url='//www.liverpool.ac.uk/about/the-university/strategy-and-vision/'] }
                  { tag='li', buttons=[text='People and culture', url='//www.liverpool.ac.uk/about/the-university/people-and-culture/'] }
                  { tag='li', buttons=[text='Rankings and reputation', url='//www.liverpool.ac.uk/about/the-university/rankings-and-reputation/'] }
                  { tag='li', buttons=[text='Reports, policies and governance documents', url='//www.liverpool.ac.uk/about/the-university/reports-policies-and-governance/'] }
                  { tag='li', buttons=[text='Our structure', url='//www.liverpool.ac.uk/about/the-university/our-structure/'] }
                  { tag='li', buttons=[text='Work at Liverpool', url='//www.liverpool.ac.uk/working/'] }
              { tag='li', buttons=[text='Our city, our inspiration', url='//www.liverpool.ac.uk/about/our-city/'] }
                  { tag='li', buttons=[text='Discover Liverpool', url='//www.liverpool.ac.uk/about/our-city/discover-liverpool/'] }
                  { tag='li', buttons=[text='Our commitment to the Liverpool City Region', url='//www.liverpool.ac.uk/about/our-city/commitment/'] }
              { tag='li', buttons=[text='Professional Services', url='//www.liverpool.ac.uk/professional-services/'] }
                  { tag='li', buttons=[text='IT Services', url='//www.liverpool.ac.uk/it/'] }
                  { tag='li', buttons=[text='Human Resources', url='//www.liverpool.ac.uk/hr/'] }
                  { tag='li', buttons=[text='Legal', url='//www.liverpool.ac.uk/legal/'] }
              { tag='li', buttons=[text='Our campus', url='//www.liverpool.ac.uk/about/our-campus/'] }
                  { tag='li', buttons=[text='Campus facilities', url='https://www.liverpool.ac.uk/about/our-campus/facilities/'] }
                  { tag='li', buttons=[text='Libraries', url='https://www.liverpool.ac.uk/library/'] }
                  { tag='li', buttons=[text='Sports facilities', url='//www.liverpool.ac.uk/sports/'] }
              { tag='li', buttons=[text='Sustainability', url='//www.liverpool.ac.uk/sustainability/'] }
              { tag='li', buttons=[text='Equality, diversity and inclusion', url='//www.liverpool.ac.uk/equality-diversity-inclusion/'] }
              { tag='li', buttons=[text='News', url='//news.liverpool.ac.uk'] }
              { tag='li', buttons=[text='Events', url='//www.liverpool.ac.uk/events/'] }
                  { tag='li', buttons=[text='Hire an event space', url='//www.liverpool.ac.uk/conferences-and-events/'] }
              { tag='li', buttons=[text='Visit us', url='https://www.liverpool.ac.uk/about/visit-us/'] }
                  { tag='li', buttons=[text='Museums and Collections', url='https://www.liverpool.ac.uk/about/visit-us/museums-and-collections/'] }
                  { tag='li', buttons=[text='Getting here', url='//www.liverpool.ac.uk/about/visit-us/getting-here/'] }
                  { tag='li', buttons=[text='Maps', url='//www.liverpool.ac.uk/maps/'] }
                  { tag='li', buttons=[text='Car parking', url='//www.liverpool.ac.uk/maps/visiting/car-parking/'] }
              { tag='li', buttons=[text='Contact us', url='//www.liverpool.ac.uk/about/contact-us/'] }
            { tag='li', buttons=[text='News', url='https://news.liverpool.ac.uk/'] }
            { tag='li', buttons=[text='Jobs', url='https://www.liverpool.ac.uk/working/'] }
            { tag='li', buttons=[text='Donate', url='https://www.liverpool.ac.uk/giving/'] }
            { tag='li', buttons=[text='A-Z', url='https://www.liverpool.ac.uk/a-z/'] }
            { tag='li', buttons=[text='Alumni', url='https://www.liverpool.ac.uk/alumni/'] }
            { tag='li', buttons=[text='Staff', url='https://staff.liverpool.ac.uk/'] }
            { tag='li', buttons=[text='Students', url='https://student.liverpool.ac.uk/'] }
        { tag='search', class='rb-search rb-search--global rb-header__global__search', buttons=[text='Search the site', url=''] }
          { tag='h1', class='rb-header__title', buttons=[text='Departments', url='/departments/'] }
          { tag='li', class='rb-breadcrumbs__list__home', buttons=[text='home', url='https://www.liverpool.ac.uk/'] }
          { tag='header', buttons=[text='Departments and Faculties', url=''] }
              { tag='p', buttons=[text='browse our A-Z', url='https://www.liverpool.ac.uk/a-z/administrative/'] }
              { tag='div', class='rb-card__content', buttons=[text='Faculty of Health and Life Sciences', url=''] }
                { tag='h2', class='rb-card__title', buttons=[text='Faculty of Health and Life Sciences', url='https://www.liverpool.ac.uk/health-and-life-sciences/'] }
              { tag='div', class='rb-card__content', buttons=[text='Faculty of Humanities and Social Sciences', url=''] }
                { tag='h2', class='rb-card__title', buttons=[text='Faculty of Humanities and Social Sciences', url='https://www.liverpool.ac.uk/humanities-and-social-sciences/'] }
              { tag='div', class='rb-card__content', buttons=[text='Faculty of Science and Engineering', url=''] }
                { tag='h2', class='rb-card__title', buttons=[text='Faculty of Science and Engineering', url='https://www.liverpool.ac.uk/science-and-engineering/'] }
            { tag='div', class='rb-card__content', buttons=[text='Faculty of Health and Life Sciences', url=''] }
              { tag='div', class='rb-buttongroup', buttons=[text='Explore the Faculty of Health and Life Sciences', url='https://www.liverpool.ac.uk/health-and-life-sciences/'] }
      { tag='div', class='rb-block-container', buttons=[text='Institute of Infection, Veterinary and Ecological Sciences', url=''] }
            { tag='div', buttons=[text='School of Veterinary Science', url='https://www.liverpool.ac.uk/veterinary-science/'] }
            { tag='div', buttons=[text='Department of Evolution, Ecology and Behaviour', url='https://www.liverpool.ac.uk/infection-veterinary-and-ecological-sciences/about/evolution-ecology-and-behaviour/'] }
            { tag='div', buttons=[text='Department of Clinical Infection, Microbiology and Immunology', url='https://www.liverpool.ac.uk/infection-veterinary-and-ecological-sciences/about/clinical-infection-microbiology-and-Immunology/'] }
            { tag='div', buttons=[text='Department of Equine Clinical Science', url='https://www.liverpool.ac.uk/veterinary-science/about-us/equine-clinical-science/'] }
            { tag='div', buttons=[text='Department of Infection Biology and Microbiomes', url='https://www.liverpool.ac.uk/infection-veterinary-and-ecological-sciences/about/infection-biology-and-microbiomes/'] }
            { tag='div', buttons=[text='Department of Livestock and One Health', url='https://www.liverpool.ac.uk/veterinary-science/about-us/livestock-and-one-health/'] }
            { tag='div', buttons=[text='Department of Small Animal Clinical Science', url='https://www.liverpool.ac.uk/veterinary-science/about-us/small-animal-clinical-science/'] }
            { tag='div', buttons=[text='Department of Veterinary Anatomy, Physiology and Pathology', url='https://www.liverpool.ac.uk/veterinary-science/about-us/veterinary-anatomy-physiology-and-pathology/'] }
        { tag='div', class='rb-buttongroup mt-rb--spacing--l', buttons=[text='Visit the Institute of Infection, Veterinary and Ecological Sciences', url='https://www.liverpool.ac.uk/infection-veterinary-and-ecological-sciences/'] }
      { tag='div', class='rb-block-container', buttons=[text='Institute of Life Course and Medical Sciences', url=''] }
            { tag='div', buttons=[text='Department of Cardiovascular and Metabolic Medicine', url='https://www.liverpool.ac.uk/life-course-and-medical-sciences/about/cardiovascular-and-metabolic-medicine/'] }
            { tag='div', buttons=[text='Department of Eye and Vision Science', url='https://www.liverpool.ac.uk/life-course-and-medical-sciences/about/eye-and-vision-sciences/'] }
            { tag='div', buttons=[text='School of Medicine', url='https://www.liverpool.ac.uk/medicine/'] }
            { tag='div', buttons=[text='School of Dentistry', url='https://www.liverpool.ac.uk/dentistry/'] }
            { tag='div', buttons=[text='Department of Musculoskeletal and Ageing Science', url='https://www.liverpool.ac.uk/life-course-and-medical-sciences/about/musculoskeletal-and-ageing-science/'] }
            { tag='div', buttons=[text='Women's and Children's Health', url='https://www.liverpool.ac.uk/life-course-and-medical-sciences/about/womens-and-childrens-health/'] }
        { tag='div', class='rb-buttongroup mt-rb--spacing--l', buttons=[text='Visit the Institute of Life Course and Medical Sciences', url='https://www.liverpool.ac.uk/life-course-and-medical-sciences/'] }
      { tag='div', class='rb-block-container', buttons=[text='Institute of Population Health', url=''] }
            { tag='div', buttons=[text='Department of Psychology', url='https://www.liverpool.ac.uk/population-health/about/psychology/'] }
            { tag='div', buttons=[text='Department of Health Data Science', url='https://www.liverpool.ac.uk/population-health/about/healthdatascience/'] }
            { tag='div', buttons=[text='Department of Public Health, Policy and Systems', url='https://www.liverpool.ac.uk/population-health/about/publichealthpolicyandsystems/'] }
            { tag='div', buttons=[text='School of Allied Health Professionals and Nursing', url='https://www.liverpool.ac.uk/allied-health-professions-and-nursing/'] }
            { tag='div', buttons=[text='Department of Primary Care and Mental Health', url='https://www.liverpool.ac.uk/population-health/about/primarycareandmentalhealth/'] }
        { tag='div', class='rb-buttongroup mt-rb--spacing--l', buttons=[text='Visit the Institute of Population Health', url='https://www.liverpool.ac.uk/population-health/'] }
      { tag='div', class='rb-block-container', buttons=[text='Institute of Systems, Molecular and Integrative Biology', url=''] }
            { tag='div', buttons=[text='School of Biosciences', url='https://www.liverpool.ac.uk/biosciences/'] }
            { tag='div', buttons=[text='Department of Biochemistry, Cell and Systems Biology', url='https://www.liverpool.ac.uk/systems-molecular-and-integrative-biology/about/biochemistry-systems-biology/'] }
            { tag='div', buttons=[text='Department of Molecular and Clinical Cancer Medicine', url='https://www.liverpool.ac.uk/systems-molecular-and-integrative-biology/about/molecular-clinical-cancer-medicine/'] }
            { tag='div', buttons=[text='Department of Pharmacology and Therapeutics', url='https://www.liverpool.ac.uk/systems-molecular-and-integrative-biology/about/pharmacology-therapeutics/'] }
        { tag='div', class='rb-buttongroup mt-rb--spacing--l', buttons=[text='Visit the Institute of Systems, Molecular and Integrative Biology', url='https://www.liverpool.ac.uk/systems-molecular-and-integrative-biology/'] }
            { tag='div', class='rb-card__content', buttons=[text='Faculty of Humanities and Social Sciences', url=''] }
              { tag='div', class='rb-buttongroup', buttons=[text='Discover the Faculty of Humanities and Social Sciences', url='https://www.liverpool.ac.uk/humanities-and-social-sciences/'] }
      { tag='div', class='rb-block-container', buttons=[text='School of the Arts', url=''] }
            { tag='div', buttons=[text='Department of Architecture', url='https://www.liverpool.ac.uk/architecture/'] }
            { tag='div', buttons=[text='Department of Communication and Media', url='https://www.liverpool.ac.uk/communication-and-media/'] }
            { tag='div', buttons=[text='Department of English', url='https://www.liverpool.ac.uk/english/'] }
            { tag='div', buttons=[text='Department of Music', url='https://www.liverpool.ac.uk/music/'] }
            { tag='div', buttons=[text='Department of Philosophy', url='https://www.liverpool.ac.uk/philosophy/'] }
        { tag='div', class='rb-buttongroup mt-rb--spacing--l', buttons=[text='Visit the School of the Arts', url='https://www.liverpool.ac.uk/arts/'] }
      { tag='div', class='rb-block-container', buttons=[text='School of Histories, Language and Cultures', url=''] }
            { tag='div', buttons=[text='Department of Archaeology, Classics and Egyptology', url='https://www.liverpool.ac.uk/archaeology-classics-and-egyptology/'] }
            { tag='div', buttons=[text='Department of History', url='https://www.liverpool.ac.uk/history/'] }
            { tag='div', buttons=[text='Department of Irish Studies', url='https://www.liverpool.ac.uk/irish-studies/'] }
            { tag='div', buttons=[text='Department of Languages, Cultures and Film', url='https://www.liverpool.ac.uk/languages-cultures-and-film/'] }
            { tag='div', buttons=[text='Department of Politics', url='https://www.liverpool.ac.uk/politics/'] }
            { tag='div', buttons=[text='Institute of Education', url='https://www.liverpool.ac.uk/institute-of-education/'] }
        { tag='div', class='rb-buttongroup mt-rb--spacing--l', buttons=[text='Visit the School of Histories, Language and Cultures', url='https://www.liverpool.ac.uk/histories-languages-and-cultures/'] }
      { tag='div', class='rb-block-container', buttons=[text='School of Law and Social Justice', url=''] }
            { tag='div', buttons=[text='Liverpool Law School', url='https://www.liverpool.ac.uk/law/'] }
            { tag='div', buttons=[text='Department of Sociology, Social Policy and Criminology', url='https://www.liverpool.ac.uk/sociology-social-policy-and-criminology/'] }
        { tag='div', class='rb-buttongroup mt-rb--spacing--l', buttons=[text='Visit the School of Law and Social Justice', url='https://www.liverpool.ac.uk/law-and-social-justice/'] }
      { tag='div', class='rb-block-container', buttons=[text='Management School', url=''] }
            { tag='div', buttons=[text='Department of Economics', url='https://www.liverpool.ac.uk/economics/'] }
        { tag='div', class='rb-buttongroup mt-rb--spacing--l', buttons=[text='Visit the Management School', url='https://www.liverpool.ac.uk/management/'] }
            { tag='div', class='rb-card__content', buttons=[text='Faculty of Science and Engineering', url=''] }
              { tag='div', class='rb-buttongroup', buttons=[text='Discover the Faculty of Science and Engineering', url='https://www.liverpool.ac.uk/science-and-engineering/'] }
          { tag='header', buttons=[text='School of Computer Science and Informatics', url=''] }
              { tag='div', class='rb-buttongroup', buttons=[text='Visit the School of Computer Science and Informatics', url='https://www.liverpool.ac.uk/computer-science-and-informatics'] }
      { tag='div', class='rb-block-container', buttons=[text='School of Engineering', url=''] }
            { tag='div', buttons=[text='Department of Civil and Environmental Engineering', url='https://www.liverpool.ac.uk/engineering/department-of-civil-and-environmental-engineering/'] }
            { tag='div', buttons=[text='Department of Electrical Engineering and Electronics', url='https://www.liverpool.ac.uk/electrical-engineering-and-electronics/'] }
            { tag='div', buttons=[text='Department of Materials, Design and Manufacturing Engineering', url='https://www.liverpool.ac.uk/engineering/department-of-materials-design-and-manufacturing-engineering/'] }
            { tag='div', buttons=[text='Department of Mechanical and Aerospace Engineering', url='https://www.liverpool.ac.uk/engineering/department-of-mechanical-and-aerospace-engineering/'] }
        { tag='div', class='rb-buttongroup mt-rb--spacing--l', buttons=[text='Visit the School of Engineering', url='https://www.liverpool.ac.uk/engineering/'] }
      { tag='div', class='rb-block-container', buttons=[text='School of Environmental Sciences', url=''] }
            { tag='div', buttons=[text='Department of Earth, Ocean and Ecological Sciences', url='https://www.liverpool.ac.uk/earth-ocean-and-ecological-sciences/'] }
            { tag='div', buttons=[text='Department of Geography and Planning', url='https://www.liverpool.ac.uk/geography-and-planning/'] }
        { tag='div', class='rb-buttongroup mt-rb--spacing--l', buttons=[text='Visit the School of Environmental Sciences', url='https://www.liverpool.ac.uk/environmental-sciences/'] }
      { tag='div', class='rb-block-container', buttons=[text='School of Physical Sciences', url=''] }
            { tag='div', buttons=[text='Department of Chemistry', url='https://www.liverpool.ac.uk/chemistry/'] }
            { tag='div', buttons=[text='Department of Physics', url='https://www.liverpool.ac.uk/physics/'] }
            { tag='div', buttons=[text='Department of Mathematical Sciences', url='https://www.liverpool.ac.uk/mathematical-sciences/'] }
        { tag='div', class='rb-buttongroup mt-rb--spacing--l', buttons=[text='Visit the School of Physical Sciences', url='https://www.liverpool.ac.uk/physical-sciences/'] }
    { tag='footer', class='rb-footer', buttons=[text='Website footer', url=''] }
        { tag='div', class='rb-footer__column', buttons=[text='Information for', url=''] }
            { tag='li', buttons=[text='Current students', url='https://student.liverpool.ac.uk/'] }
            { tag='li', buttons=[text='Current staff', url='https://staff.liverpool.ac.uk/'] }
            { tag='li', buttons=[text='Prospective students', url='https://www.liverpool.ac.uk/study/'] }
            { tag='li', buttons=[text='Businesses and partners', url='https://www.liverpool.ac.uk/collaborate/'] }
            { tag='li', buttons=[text='Researchers', url='https://www.liverpool.ac.uk/research/'] }
            { tag='li', buttons=[text='Media', url='https://news.liverpool.ac.uk/contacts/'] }
        { tag='div', class='rb-footer__column', buttons=[text='Study at Liverpool', url=''] }
            { tag='li', buttons=[text='Undergraduate', url='https://www.liverpool.ac.uk/undergraduate/'] }
            { tag='li', buttons=[text='Postgraduate taught', url='https://www.liverpool.ac.uk/postgraduate-taught/'] }
            { tag='li', buttons=[text='Postgraduate research', url='https://www.liverpool.ac.uk/study/postgraduate-research/'] }
            { tag='li', buttons=[text='Online courses', url='https://www.liverpool.ac.uk/study/online/'] }
            { tag='li', buttons=[text='CPD', url='https://www.liverpool.ac.uk/cpd/'] }
            { tag='li', buttons=[text='Continuing education', url='https://www.liverpool.ac.uk/continuing-education/'] }
            { tag='li', buttons=[text='International students', url='https://www.liverpool.ac.uk/international/'] }
        { tag='div', class='rb-footer__column', buttons=[text='Quick links', url=''] }
            { tag='li', buttons=[text='Jobs at Liverpool', url='https://www.liverpool.ac.uk/working/'] }
            { tag='li', buttons=[text='Library', url='https://www.liverpool.ac.uk/library/'] }
            { tag='li', buttons=[text='Sport at Liverpool', url='https://www.liverpool.ac.uk/sports/'] }
            { tag='li', buttons=[text='Our people', url='https://www.liverpool.ac.uk/people/'] }
            { tag='li', buttons=[text='Alumni', url='https://alumni.liv.ac.uk/'] }
            { tag='li', buttons=[text='Our departments and faculties', url='https://www.liverpool.ac.uk/departments/'] }
            { tag='li', buttons=[text='All subjects', url='https://www.liverpool.ac.uk/courses/subjects'] }
        { tag='div', class='rb-footer__column', buttons=[text='Contact us', url=''] }
            { tag='li', buttons=[text='Telephone+44 (0) 151 794 2000', url='tel:+441517942000'] }
            { tag='li', buttons=[text='Contact us', url='https://www.liverpool.ac.uk/about/contact-us/'] }
            { tag='li', buttons=[text='Maps and directions', url='https://www.liverpool.ac.uk/maps/'] }
            { tag='li', buttons=[text='Visit us', url='https://www.liverpool.ac.uk/undergraduate/open-days-and-visits/'] }
            { tag='li', buttons=[text='University of Liverpool on Facebook', url='https://www.facebook.com/UniversityofLiverpool/'] }
            { tag='li', buttons=[text='LivUni on Instagram', url='https://www.instagram.com/livuni/'] }
            { tag='li', buttons=[text='LivUni on YouTube', url='https://www.youtube.com/@LivUni'] }
            { tag='li', buttons=[text='University of Liverpool on LinkedIn', url='https://uk.linkedin.com/edu/university-of-liverpool-12709'] }
            { tag='li', buttons=[text='@liverpooluni on TikTok', url='https://www.tiktok.com/@liverpooluni'] }
            { tag='li', buttons=[text='@liverpooluni.bsky.social on Bluesky', url='https://bsky.app/profile/liverpooluni.bsky.social'] }
            { tag='li', buttons=[text='livuni on Threads', url='https://www.threads.net/@livuni'] }
            { tag='li', buttons=[text='Accessibility', url='https://www.liverpool.ac.uk/accessibility/accessibility-statement/statement/'] }
            { tag='li', buttons=[text='Freedom of information', url='https://www.liverpool.ac.uk/legal/freedom-of-information/'] }
            { tag='li', buttons=[text='Cookie information', url='https://www.liverpool.ac.uk/legal/cookie-information/'] }
            { tag='li', buttons=[text='Data Protection', url='https://www.liverpool.ac.uk/legal/data_protection/'] }
            { tag='li', buttons=[text='Modern slavery statement', url='https://www.liverpool.ac.uk/procurement/modern-slavery-statement/'] }
            { tag='li', buttons=[text='Terms and Conditions', url='https://www.liverpool.ac.uk/legal/website-terms-and-conditions/'] }
            { tag='li', buttons=[text='Charitable status', url='https://www.liverpool.ac.uk/governance/charitable-status/'] }
