          { tag='form', class='uw-search', buttons=[text='search', url='https://www.washington.edu/search/'] }
      { tag='nav', buttons=[text='Helpful Links', url=''] }
          { tag='li', buttons=[text='MyUW', url='https://my.uw.edu/?utm_source=quicklinks&utm_medium=click&utm_campaign=quicklinks&utm_term=myuw'] }
          { tag='li', buttons=[text='Calendar', url='https://www.washington.edu/calendar/?utm_source=quicklinks&utm_medium=click&utm_campaign=quicklinks&utm_term=calendar'] }
          { tag='li', buttons=[text='Directories', url='https://directory.uw.edu/?utm_source=quicklinks&utm_medium=click&utm_campaign=quicklinks&utm_term=directories'] }
          { tag='li', buttons=[text='Libraries', url='https://lib.uw.edu/?utm_source=quicklinks&utm_medium=click&utm_campaign=quicklinks&utm_term=libraries'] }
          { tag='li', buttons=[text='UW Medicine', url='https://www.uwmedicine.org/?utm_source=quicklinks&utm_medium=click&utm_campaign=quicklinks&utm_term=uwmedicine'] }
          { tag='li', buttons=[text='Maps', url='https://www.washington.edu/maps/?utm_source=quicklinks&utm_medium=click&utm_campaign=quicklinks&utm_term=maps'] }
          { tag='li', buttons=[text='UW News', url='https://www.washington.edu/news/?utm_source=quicklinks&utm_medium=click&utm_campaign=quicklinks&utm_term=uwnews'] }
          { tag='li', buttons=[text='Information Technology', url='https://it.uw.edu/?utm_source=quicklinks&utm_medium=click&utm_campaign=quicklinks&utm_term=computingit'] }
          { tag='li', buttons=[text='Workday HCM', url='https://employeehelp.workday.uw.edu/?utm_source=quicklinks&utm_medium=click&utm_campaign=quicklinks&utm_term=workdayhcm'] }
          { tag='li', buttons=[text='Husky Card', url='https://hfs.uw.edu/Husky-Card-Services/?utm_source=quicklinks&utm_medium=click&utm_campaign=quicklinks&utm_term=huskycard'] }
          { tag='li', buttons=[text='UW Bothell', url='https://www.uwb.edu/?utm_source=quicklinks&utm_medium=click&utm_campaign=quicklinks&utm_term=uwbothell'] }
          { tag='li', buttons=[text='UW Tacoma', url='https://www.tacoma.uw.edu/?utm_source=quicklinks&utm_medium=click&utm_campaign=quicklinks&utm_term=uwtacoma'] }
          { tag='li', buttons=[text='UW Facebook', url='https://www.facebook.com/UofWA?utm_source=quicklinks&utm_medium=click&utm_campaign=quicklinks&utm_term=uwfacebook'] }
          { tag='li', buttons=[text='UW Twitter', url='https://x.com/UW?utm_source=quicklinks&utm_medium=click&utm_campaign=quicklinks&utm_term=uwtwitter'] }
            { tag='div', class='navbar-brand site-branding', buttons=[text='University of Washington', url='https://www.washington.edu/', text='University of Washington', url='https://www.washington.edu/'] }
            { tag='li', class='menu-item menu-item-type-custom menu-item-object-custom menu-item-3782', buttons=[text='Students', url='//uw.edu/studentlife/'] }
            { tag='li', class='menu-item menu-item-type-custom menu-item-object-custom menu-item-3783', buttons=[text='Parents', url='//uw.edu/parents/'] }
            { tag='li', class='menu-item menu-item-type-custom menu-item-object-custom menu-item-3784', buttons=[text='Faculty & Staff', url='//uw.edu/facultystaff/'] }
            { tag='li', class='menu-item menu-item-type-custom menu-item-object-custom menu-item-3785', buttons=[text='Alumni', url='//uw.edu/alumni/'] }
            { tag='div', buttons=[text='Quick Links', url=''] }
        { tag='nav', class='navbar navbar-expand-md navbar-light white-bar', buttons=[text='Menu', url=''] }
                { tag='li', class='menu-item menu-item-type-custom menu-item-object-custom menu-item-has-children nav-item dropdown top-level-nav', buttons=[text='About', url='https://www.washington.edu/about/'] }
                    { tag='li', class='nav-item menu-item menu-item-type-custom menu-item-object-custom nav-item-3991', buttons=[text='About the UW', url='https://www.washington.edu/about/'] }
                    { tag='li', class='nav-item menu-item menu-item-type-custom menu-item-object-custom nav-item-3992', buttons=[text='Diversity', url='https://www.washington.edu/diversity/'] }
                    { tag='li', class='nav-item menu-item menu-item-type-custom menu-item-object-custom nav-item-3993', buttons=[text='Global Impact', url='https://www.washington.edu/global/'] }
                    { tag='li', class='nav-item menu-item menu-item-type-custom menu-item-object-custom nav-item-3994', buttons=[text='Innovation', url='https://www.washington.edu/innovation/'] }
                    { tag='li', class='nav-item menu-item menu-item-type-custom menu-item-object-custom nav-item-3995', buttons=[text='Leadership', url='https://www.washington.edu/leadership/'] }
                    { tag='li', class='nav-item menu-item menu-item-type-custom menu-item-object-custom nav-item-3996', buttons=[text='Maps', url='https://www.washington.edu/maps/'] }
                    { tag='li', class='nav-item menu-item menu-item-type-custom menu-item-object-custom nav-item-3997', buttons=[text='Population Health', url='https://www.washington.edu/populationhealth/'] }
                    { tag='li', class='nav-item menu-item menu-item-type-custom menu-item-object-custom nav-item-3998', buttons=[text='Sustainability', url='https://sustainability.uw.edu/'] }
                    { tag='li', class='nav-item menu-item menu-item-type-custom menu-item-object-custom nav-item-3999', buttons=[text='Visit', url='https://www.washington.edu/visit/'] }
                { tag='li', class='menu-item menu-item-type-custom menu-item-object-custom menu-item-has-children nav-item dropdown top-level-nav', buttons=[text='Academics', url='https://www.washington.edu/about/academics/'] }
                    { tag='li', class='nav-item menu-item menu-item-type-custom menu-item-object-custom nav-item-4001', buttons=[text='Academics at the UW', url='https://www.washington.edu/about/academics/'] }
                    { tag='li', class='nav-item menu-item menu-item-type-custom menu-item-object-custom nav-item-4002', buttons=[text='Academic calendar', url='https://www.washington.edu/calendar/academic/'] }
                    { tag='li', class='nav-item menu-item menu-item-type-custom menu-item-object-custom nav-item-4003', buttons=[text='Academic departments', url='https://www.washington.edu/about/academics/departments/'] }
                    { tag='li', class='nav-item menu-item menu-item-type-custom menu-item-object-custom nav-item-4004', buttons=[text='Colleges and schools', url='https://www.washington.edu/about/academics/'] }
                    { tag='li', class='nav-item menu-item menu-item-type-custom menu-item-object-custom nav-item-4005', buttons=[text='Course descriptions', url='https://www.washington.edu/students/crscat/'] }
                    { tag='li', class='nav-item menu-item menu-item-type-custom menu-item-object-custom nav-item-4006', buttons=[text='Registration', url='https://registrar.washington.edu/registration/'] }
                    { tag='li', class='nav-item menu-item menu-item-type-custom menu-item-object-custom nav-item-4007', buttons=[text='Student guide', url='https://www.washington.edu/students/'] }
                    { tag='li', class='nav-item menu-item menu-item-type-custom menu-item-object-custom nav-item-4008', buttons=[text='Time schedule', url='https://www.washington.edu/students/timeschd/'] }
                { tag='li', class='menu-item menu-item-type-custom menu-item-object-custom menu-item-has-children nav-item dropdown top-level-nav', buttons=[text='Apply', url='https://www.washington.edu/admissions/'] }
                    { tag='li', class='nav-item menu-item menu-item-type-custom menu-item-object-custom nav-item-4010', buttons=[text='Admissions', url='https://www.washington.edu/admissions/'] }
                    { tag='li', class='nav-item menu-item menu-item-type-custom menu-item-object-custom nav-item-4011', buttons=[text='Financial Aid', url='https://www.washington.edu/financialaid/'] }
                    { tag='li', class='nav-item menu-item menu-item-type-custom menu-item-object-custom nav-item-4012', buttons=[text='Continuing education', url='https://www.pce.uw.edu/'] }
                    { tag='li', class='nav-item menu-item menu-item-type-custom menu-item-object-custom nav-item-4013', buttons=[text='Majors', url='http://www.washington.edu/uaa/advising/degree-overview/majors/list-of-undergraduate-majors/'] }
                    { tag='li', class='nav-item menu-item menu-item-type-custom menu-item-object-custom nav-item-4014', buttons=[text='Student housing', url='https://www.washington.edu/about/housing/'] }
                    { tag='li', class='nav-item menu-item menu-item-type-custom menu-item-object-custom nav-item-4015', buttons=[text='Transfer students', url='https://admit.washington.edu/apply/transfer/'] }
                    { tag='li', class='nav-item menu-item menu-item-type-custom menu-item-object-custom nav-item-4016', buttons=[text='Tuition and fees', url='https://finance.uw.edu/sfs/tuition/'] }
                    { tag='li', class='nav-item menu-item menu-item-type-custom menu-item-object-custom nav-item-4018', buttons=[text='UW Online', url='https://www.pce.uw.edu/online'] }
                { tag='li', class='menu-item menu-item-type-custom menu-item-object-custom menu-item-has-children nav-item dropdown top-level-nav', buttons=[text='News & Events', url='https://www.washington.edu/news/'] }
                    { tag='li', class='nav-item menu-item menu-item-type-custom menu-item-object-custom nav-item-4020', buttons=[text='UW News', url='https://www.washington.edu/news/'] }
                    { tag='li', class='nav-item menu-item menu-item-type-custom menu-item-object-custom nav-item-4021', buttons=[text='Featured stories', url='https://www.washington.edu/boundless/'] }
                    { tag='li', class='nav-item menu-item menu-item-type-custom menu-item-object-custom nav-item-4022', buttons=[text='Arts UW', url='https://arts.washington.edu/'] }
                    { tag='li', class='nav-item menu-item menu-item-type-custom menu-item-object-custom nav-item-4023', buttons=[text='Calendar', url='https://www.washington.edu/calendar/'] }
                    { tag='li', class='nav-item menu-item menu-item-type-custom menu-item-object-custom nav-item-4024', buttons=[text='UW Magazine', url='https://magazine.washington.edu/'] }
                    { tag='li', class='nav-item menu-item menu-item-type-custom menu-item-object-custom nav-item-4025', buttons=[text='Husky sports', url='https://gohuskies.com/'] }
                    { tag='li', class='nav-item menu-item menu-item-type-custom menu-item-object-custom nav-item-4026', buttons=[text='Newsletter', url='https://www.washington.edu/newsletter/'] }
                { tag='li', class='menu-item menu-item-type-custom menu-item-object-custom menu-item-has-children nav-item dropdown top-level-nav', buttons=[text='Research', url='https://research.washington.edu'] }
                    { tag='li', class='nav-item menu-item menu-item-type-custom menu-item-object-custom nav-item-4028', buttons=[text='Research at the UW', url='https://research.washington.edu'] }
                    { tag='li', class='nav-item menu-item menu-item-type-custom menu-item-object-custom nav-item-4029', buttons=[text='Office of Research', url='https://www.washington.edu/research/'] }
                    { tag='li', class='nav-item menu-item menu-item-type-custom menu-item-object-custom nav-item-4030', buttons=[text='Research Lifecycle', url='https://www.washington.edu/research/myresearch-lifecycle/'] }
                    { tag='li', class='nav-item menu-item menu-item-type-custom menu-item-object-custom nav-item-4031', buttons=[text='Centers and Institutes', url='https://research.washington.edu/uw-centers-and-institutes/'] }
                    { tag='li', class='nav-item menu-item menu-item-type-custom menu-item-object-custom nav-item-4032', buttons=[text='Stats and rankings', url='https://research.washington.edu/research-impact/'] }
                { tag='li', class='menu-item menu-item-type-custom menu-item-object-custom menu-item-has-children nav-item dropdown top-level-nav', buttons=[text='Campuses', url='https://www.washington.edu/about/'] }
                    { tag='li', class='nav-item menu-item menu-item-type-custom menu-item-object-custom nav-item-4034', buttons=[text='Bothell', url='https://www.uwb.edu/'] }
                    { tag='li', class='nav-item menu-item menu-item-type-custom menu-item-object-custom nav-item-4035', buttons=[text='Seattle', url='https://www.washington.edu/about/'] }
                    { tag='li', class='nav-item menu-item menu-item-type-custom menu-item-object-custom nav-item-4036', buttons=[text='Tacoma', url='https://www.tacoma.uw.edu/'] }
                { tag='li', class='menu-item menu-item-type-custom menu-item-object-custom menu-item-has-children nav-item dropdown top-level-nav', buttons=[text='Give', url='https://www.washington.edu/giving/'] }
                    { tag='li', class='nav-item menu-item menu-item-type-custom menu-item-object-custom nav-item-4038', buttons=[text='Give now', url='https://www.washington.edu/giving/make-a-gift/'] }
                    { tag='li', class='nav-item menu-item menu-item-type-custom menu-item-object-custom nav-item-4039', buttons=[text='Ways to give', url='https://www.washington.edu/giving/how-to-give/'] }
                    { tag='li', class='nav-item menu-item menu-item-type-custom menu-item-object-custom nav-item-4040', buttons=[text='My UW Giving', url='https://myuwgiving.gifts.washington.edu/'] }
          { tag='div', class='container-fluid', buttons=[text='About the UW', url='https://www.washington.edu/about/'] }
              { tag='li', buttons=[text='About the UW', url='https://www.washington.edu/about/'] }
                { tag='li', buttons=[text='Colleges and schools', url='https://www.washington.edu/about/academics/'] }
                { tag='div', class='entry-content', buttons=[text='A', url='', text='B', url='', text='C', url='', text='D', url='', text='E', url='', text='F', url='', text='G', url='', text='H', url='', text='I', url='', text='J', url='', text='K', url='', text='L', url='', text='M', url='', text='N', url='', text='O', url='', text='P', url='', text='Q', url='', text='R', url='', text='S', url='', text='T', url='', text='U', url='', text='V', url='', text='W', url=''] }
                { tag='li', buttons=[text='Aeronautics & Astronautics', url='https://www.aa.washington.edu/'] }
                { tag='li', buttons=[text='Africa Studies', url='https://jsis.washington.edu/africa/'] }
                { tag='li', buttons=[text='Air Force Reserve Officer Training Corps', url='https://afrotc.uw.edu/'] }
                { tag='li', buttons=[text='American Ethnic Studies', url='https://aes.washington.edu/'] }
                { tag='li', buttons=[text='American Indian Studies', url='https://ais.washington.edu/'] }
                { tag='li', buttons=[text='Anesthesiology', url='https://anesthesiology.uw.edu/'] }
                { tag='li', buttons=[text='Anthropology', url='https://anthropology.washington.edu/'] }
                { tag='li', buttons=[text='Applied & Computational Mathematical Sciences', url='https://acms.washington.edu/'] }
                { tag='li', buttons=[text='Applied Mathematics', url='https://amath.washington.edu/'] }
                { tag='li', buttons=[text='Aquatic & Fishery Sciences', url='https://fish.uw.edu/'] }
                { tag='li', buttons=[text='Architecture', url='https://arch.be.uw.edu/'] }
                { tag='li', buttons=[text='Arctic & International Relations', url='https://jsis.washington.edu/canada/'] }
                { tag='li', buttons=[text='Art + Art History + Design', url='https://art.washington.edu/'] }
                { tag='li', buttons=[text='Arts & Sciences', url='https://artsci.washington.edu/'] }
                { tag='li', buttons=[text='Asian Languages & Literature', url='https://asian.washington.edu/'] }
                { tag='li', buttons=[text='Astronomy', url='https://astro.washington.edu/'] }
                { tag='li', buttons=[text='Atmospheric and Climate Science', url='https://atmos.uw.edu/'] }
                { tag='li', buttons=[text='Biochemistry', url='https://sites.uw.edu/biochemistry/'] }
                { tag='li', buttons=[text='Bioengineering', url='https://bioe.uw.edu/'] }
                { tag='li', buttons=[text='Bioethics & Humanities', url='https://depts.washington.edu/bhdept/'] }
                { tag='li', buttons=[text='Biological Physics, Structure & Design', url='https://depts.washington.edu/bpsd/'] }
                { tag='li', buttons=[text='Biology', url='https://www.biology.washington.edu/'] }
                { tag='li', buttons=[text='Biomedical Informatics & Medical Education', url='http://bime.uw.edu/'] }
                { tag='li', buttons=[text='Bioresource Science & Engineering', url='https://sefs.uw.edu/students/undergraduate/bse-major/'] }
                { tag='li', buttons=[text='Biostatistics', url='https://www.biostat.washington.edu/'] }
                { tag='li', buttons=[text='Built Environments', url='https://be.uw.edu/'] }
                { tag='li', buttons=[text='Business', url='https://foster.uw.edu/'] }
                { tag='li', buttons=[text='Canadian Studies', url='https://jsis.washington.edu/canada/'] }
                { tag='li', buttons=[text='Cardiothoracic Surgery-Integrated & 4/3 Program', url='https://uwsurgery.org/introduction-to-surgical-education3/cardiothoracic-surgery-integrated/'] }
                { tag='li', buttons=[text='Chemical Engineering', url='https://www.cheme.washington.edu/'] }
                { tag='li', buttons=[text='Chemistry', url='https://depts.washington.edu/chem/'] }
                { tag='li', buttons=[text='China Studies', url='https://jsis.washington.edu/china/'] }
                { tag='li', buttons=[text='Cinema & Media Studies', url='https://cinema.washington.edu/'] }
                { tag='li', buttons=[text='Civil & Environmental Engineering', url='https://www.ce.engr.washington.edu/'] }
                { tag='li', buttons=[text='Classics', url='https://classics.washington.edu/'] }
                { tag='li', buttons=[text='Climate Change', url='https://pcc.uw.edu/'] }
                { tag='li', buttons=[text='Communication', url='https://www.com.washington.edu/'] }
                { tag='li', buttons=[text='Comparative Health Outcomes, Policy, & Economics', url='https://sop.washington.edu/choice/'] }
                { tag='li', buttons=[text='Comparative History of Ideas', url='https://chid.washington.edu/'] }
                { tag='li', buttons=[text='Comparative Medicine', url='https://www.washington.edu/compmed/'] }
                { tag='li', buttons=[text='Comparative Religion', url='https://jsis.washington.edu/religion/'] }
                { tag='li', buttons=[text='Computer Science & Engineering', url='https://www.cs.washington.edu/'] }
                { tag='li', buttons=[text='Construction Management', url='https://cm.be.uw.edu/'] }
                { tag='li', buttons=[text='Cooperative Institute for Climate, Ocean & Ecosystem Studies', url='https://cicoes.uw.edu/'] }
                { tag='li', buttons=[text='Dance', url='https://dance.washington.edu/'] }
                { tag='li', buttons=[text='Dentistry', url='https://www.dental.washington.edu/'] }
                { tag='li', buttons=[text='Dermatology', url='https://derm.uw.edu/'] }
                { tag='li', buttons=[text='Diagnostic Radiology', url='https://rad.washington.edu/'] }
                { tag='li', buttons=[text='Digital Arts & Experimental Media (DXARTS)', url='https://dxarts.washington.edu/'] }
                { tag='li', buttons=[text='Drama', url='https://drama.washington.edu/'] }
                { tag='li', buttons=[text='Early Care & Education', url='https://education.uw.edu/programs/undergraduate/ece/'] }
                { tag='li', buttons=[text='Early Childhood & Family Studies', url='https://education.uw.edu/programs/undergraduate/ecfs/'] }
                { tag='li', buttons=[text='Early Childhood Special Education', url='https://education.uw.edu/ecse/'] }
                { tag='li', buttons=[text='Earth & Space Sciences', url='https://www.ess.washington.edu/'] }
                { tag='li', buttons=[text='East Asia Studies', url='https://jsis.washington.edu/eacenter/'] }
                { tag='li', buttons=[text='Economics', url='https://econ.washington.edu/'] }
                { tag='li', buttons=[text='Education', url='https://education.uw.edu/'] }
                { tag='li', buttons=[text='Education, Undergraduate', url='https://education.uw.edu/programs/undergraduate'] }
                { tag='li', buttons=[text='Education, Graduate', url='https://education.uw.edu/programs/graduate'] }
                { tag='li', buttons=[text='Education, Teacher Preparation', url='https://education.uw.edu/academics/career/teacher-education-programs-endorsements'] }
                { tag='li', buttons=[text='Electrical & Computer Engineering', url='https://www.ece.uw.edu/'] }
                { tag='li', buttons=[text='Emergency Medicine', url='https://em.uw.edu/'] }
                { tag='li', buttons=[text='Endodontics', url='https://dental.washington.edu/dept-endo/'] }
                { tag='li', buttons=[text='Engineering', url='https://www.engr.washington.edu/'] }
                { tag='li', buttons=[text='English', url='https://english.washington.edu/'] }
                { tag='li', buttons=[text='Environment', url='https://environment.uw.edu/'] }
                { tag='li', buttons=[text='Environmental Studies', url='https://envstudies.uw.edu/'] }
                { tag='li', buttons=[text='Environmental & Forest Sciences', url='https://sefs.uw.edu/'] }
                { tag='li', buttons=[text='Environmental & Occupational Health Sciences', url='https://deohs.washington.edu/'] }
                { tag='li', buttons=[text='Epidemiology', url='https://epi.washington.edu/'] }
                { tag='li', buttons=[text='Family Medicine', url='https://familymedicine.uw.edu/'] }
                { tag='li', buttons=[text='French & Italian Studies', url='https://frenchitalian.washington.edu/'] }
                { tag='li', buttons=[text='Gender, Women & Sexuality Studies', url='https://gwss.washington.edu/'] }
                { tag='li', buttons=[text='General Surgery – Categorical', url='https://uwsurgery.org/introduction-to-surgical-education3/general-surgery-categorical/'] }
                { tag='li', buttons=[text='Genome Sciences', url='https://www.gs.washington.edu/'] }
                { tag='li', buttons=[text='Geography', url='https://geography.washington.edu/'] }
                { tag='li', buttons=[text='Geriatric Pharmacy Research, Education & Outreach', url='https://sop.washington.edu/plein-center-in-geriatrics/'] }
                { tag='li', buttons=[text='German Studies', url='https://german.washington.edu/'] }
                { tag='li', buttons=[text='Global Health', url='https://globalhealth.washington.edu/'] }
                { tag='li', buttons=[text='Global Studies', url='https://jsis.washington.edu/global/'] }
                { tag='li', buttons=[text='Health Administration', url='https://www.mha.uw.edu/'] }
                { tag='li', buttons=[text='Health Metrics Sciences', url='https://depts.washington.edu/healthms/'] }
                { tag='li', buttons=[text='Health Systems & Population Health', url='https://depts.washington.edu/hserv/'] }
                { tag='li', buttons=[text='Hellenic Studies', url='https://jsis.washington.edu/euwesteurope/programs/hellenic-studies/'] }
                { tag='li', buttons=[text='History', url='https://history.washington.edu/'] }
                { tag='li', buttons=[text='Human Centered Design & Engineering', url='https://www.hcde.washington.edu/'] }
                { tag='li', buttons=[text='Human Rights', url='https://jsis.washington.edu/humanrights/'] }
                { tag='li', buttons=[text='Immunology', url='https://www.immunology.washington.edu/'] }
                { tag='li', buttons=[text='Industrial & Systems Engineering', url='https://ise.washington.edu/'] }
                { tag='li', buttons=[text='Informatics', url='https://ischool.uw.edu/programs/informatics/'] }
                { tag='li', buttons=[text='Information Management', url='https://ischool.uw.edu/programs/msim/'] }
                { tag='li', buttons=[text='Integrated Social Sciences', url='https://www.socialsciencesonline.uw.edu/'] }
                { tag='li', buttons=[text='Intercollegiate Athletic Leadership', url='https://ial.washington.edu/'] }
                { tag='li', buttons=[text='​​Internal Medicine', url='https://uwmedres.uw.edu/'] }
                { tag='li', buttons=[text='International Policy', url='https://jsis.washington.edu/research/ipi/'] }
                { tag='li', buttons=[text='International Studies', url='https://jsis.washington.edu/'] }
                { tag='li', buttons=[text='Japan Studies', url='https://jsis.washington.edu/japan/'] }
                { tag='li', buttons=[text='Jewish Studies', url='https://jewishstudies.washington.edu/'] }
                { tag='li', buttons=[text='Korea Studies', url='https://jsis.washington.edu/korea/'] }
                { tag='li', buttons=[text='Laboratory Medicine & Pathology', url='https://depts.washington.edu/labweb/'] }
                { tag='li', buttons=[text='Landscape Architecture', url='https://larch.be.uw.edu/'] }
                { tag='li', buttons=[text='Latin American & Caribbean Studies', url='https://jsis.washington.edu/latinam/'] }
                { tag='li', buttons=[text='Law', url='https://www.law.uw.edu/'] }
                { tag='li', buttons=[text='Law, Societies & Justice', url='https://lsj.washington.edu/'] }
                { tag='li', buttons=[text='Learning Sciences & Human Development', url='https://education.uw.edu/programs/lshd/'] }
                { tag='li', buttons=[text='Library & Information Science', url='https://ischool.uw.edu/programs/mlis/'] }
                { tag='li', buttons=[text='Linguistics', url='https://linguistics.washington.edu/'] }
                { tag='li', buttons=[text='Marine & Environmental Affairs', url='https://smea.uw.edu/'] }
                { tag='li', buttons=[text='Marine Biology', url='https://marinebiology.uw.edu/'] }
                { tag='li', buttons=[text='Materials Science & Engineering', url='https://www.mse.washington.edu/'] }
                { tag='li', buttons=[text='Maternal & Child Health', url='https://depts.washington.edu/mchprog/'] }
                { tag='li', buttons=[text='Mathematics', url='https://math.washington.edu/'] }
                { tag='li', buttons=[text='Mechanical Engineering', url='https://www.me.washington.edu/'] }
                { tag='li', buttons=[text='MEDEX Northwest Physician Assistant Training Program', url='https://familymedicine.uw.edu/medex/'] }
                { tag='li', buttons=[text='Medical Genetics & Genomics', url='https://medgen.uw.edu/'] }
                { tag='li', buttons=[text='Medicinal Chemistry', url='https://sop.washington.edu/department-of-medicinal-chemistry/'] }
                { tag='li', buttons=[text='Medicine', url='https://medicine.uw.edu/'] }
                { tag='li', buttons=[text='Microbiology', url='https://microbiology.washington.edu/'] }
                { tag='li', buttons=[text='Middle East Studies', url='https://jsis.washington.edu/mideast/'] }
                { tag='li', buttons=[text='Middle Eastern Languages and Cultures', url='https://nelc.washington.edu/'] }
                { tag='li', buttons=[text='Military Science', url='https://armyrotc.uw.edu/'] }
                { tag='li', buttons=[text='Molecular & Cellular Biology', url='https://mcb-seattle.edu/'] }
                { tag='li', buttons=[text='Museology', url='https://www.washington.edu/museology/'] }
                { tag='li', buttons=[text='Music', url='https://music.washington.edu/'] }
                { tag='li', buttons=[text='Naval Reserve Officer Training Corps', url='https://nrotc.washington.edu/'] }
                { tag='li', buttons=[text='Nephrology', url='https://nephrology.uw.edu/'] }
                { tag='li', buttons=[text='Neurobiology & Biophysics', url='https://nbio.uw.edu/'] }
                { tag='li', buttons=[text='​​Neurological Surgery', url='https://neurosurgery.uw.edu/'] }
                { tag='li', buttons=[text='Neurology', url='https://depts.washington.edu/neurolog/'] }
                { tag='li', buttons=[text='Neuroscience', url='https://depts.washington.edu/nbio/'] }
                { tag='li', buttons=[text='Nuclear Medicine', url='https://rad.washington.edu/education/nuclear-medicine-residency/'] }
                { tag='li', buttons=[text='Nursing', url='https://nursing.uw.edu/'] }
                { tag='li', buttons=[text='Nutritional Sciences', url='https://nutr.uw.edu/'] }
                { tag='li', buttons=[text='Obstetrics & Gynecology', url='https://obgyn.uw.edu/'] }
                { tag='li', buttons=[text='​Occupational & Environmental Medicine', url='https://deohs.washington.edu/'] }
                { tag='li', buttons=[text='Occupational Therapy', url='https://www.occupationaltherapy.uw.edu/'] }
                { tag='li', buttons=[text='Oceanography', url='https://www.ocean.washington.edu/'] }
                { tag='li', buttons=[text='Ophthalmology', url='https://ophthalmology.washington.edu/'] }
                { tag='li', buttons=[text='Oral & Maxillofacial Surgery', url='https://dental.washington.edu/dept-oms/'] }
                { tag='li', buttons=[text='Oral Health Sciences', url='https://dental.washington.edu/oral-health-sciences/'] }
                { tag='li', buttons=[text='Oral Medicine', url='https://dental.washington.edu/dept-oral-med/'] }
                { tag='li', buttons=[text='Orthodontics', url='https://dental.washington.edu/dept-ortho/'] }
                { tag='li', buttons=[text='Orthopaedic Surgery', url='https://orthop.washington.edu/'] }
                { tag='li', buttons=[text='Otolaryngology – Head & Neck Surgery', url='https://otolaryngology.uw.edu/'] }
                { tag='li', buttons=[text='Pathobiology', url='https://globalhealth.washington.edu/academic-programs/phd-pathobiology/'] }
                { tag='li', buttons=[text='Pathology – Anatomic & Clinical', url='https://dlmp.uw.edu/'] }
                { tag='li', buttons=[text='Pediatric Dentistry', url='https://dental.washington.edu/pediatric-dentistry/'] }
                { tag='li', buttons=[text='Pediatrics', url='https://www.peds.uw.edu/'] }
                { tag='li', buttons=[text='Periodontics', url='https://dental.washington.edu/dept-perio/'] }
                { tag='li', buttons=[text='Pharmaceutics', url='https://sop.washington.edu/department-of-pharmaceutics/'] }
                { tag='li', buttons=[text='Pharmacology', url='https://pharmacology.uw.edu/'] }
                { tag='li', buttons=[text='Pharmacy', url='https://sop.washington.edu/'] }
                { tag='li', buttons=[text='Philosophy', url='https://phil.washington.edu/'] }
                { tag='li', buttons=[text='​Physical Medicine & Rehabilitation', url='https://www.physicaltherapy.uw.edu/'] }
                { tag='li', buttons=[text='Physics', url='https://phys.washington.edu/'] }
                { tag='li', buttons=[text='Plastic Surgery – Integrated', url='https://uwsurgery.org/introduction-to-surgical-education3/plastic-surgery-integrated/'] }
                { tag='li', buttons=[text='Political Science', url='https://www.polisci.washington.edu/'] }
                { tag='li', buttons=[text='Portuguese Language & Luso–Brazillian Studies', url='https://jsis.washington.edu/programs/undergraduate/minors/portuguese-language-and-luso-brazillian-studies-minor/'] }
                { tag='li', buttons=[text='Preliminary Surgery', url='https://uwsurgery.org/introduction-to-surgical-education3/preliminary-surgery/'] }
                { tag='li', buttons=[text='Prosthetics & Orthotics', url='https://rehab.washington.edu/education/degrees/master-of-prosthetics-and-orthotics'] }
                { tag='li', buttons=[text='Psychiatry & Behavioral Sciences', url='https://psychiatry.uw.edu/'] }
                { tag='li', buttons=[text='Psychology', url='https://www.psych.washington.edu/'] }
                { tag='li', buttons=[text='Public Health', url='https://sph.washington.edu/'] }
                { tag='li', buttons=[text='Public Health Genetics', url='https://iphg.biostat.washington.edu/'] }
                { tag='li', buttons=[text='Public Policy & Governance', url='https://evans.uw.edu/'] }
                { tag='li', buttons=[text='Quantitative Science', url='https://quantitative.uw.edu/'] }
                { tag='li', buttons=[text='Radiation Oncology', url='https://radiationoncology.uw.edu/'] }
                { tag='li', buttons=[text='Real Estate', url='https://re.be.uw.edu/'] }
                { tag='li', buttons=[text='Rehabilitation Medicine', url='https://rehab.washington.edu/'] }
                { tag='li', buttons=[text='Restorative Dentistry', url='https://dental.washington.edu/restorative-dentistry/'] }
                { tag='li', buttons=[text='Russian, East European & Central Asian Studies', url='https://jsis.washington.edu/ellisoncenter/'] }
                { tag='li', buttons=[text='Scandinavian Studies', url='https://scandinavian.washington.edu/'] }
                { tag='li', buttons=[text='Slavic Languages & Literatures', url='https://slavic.washington.edu/'] }
                { tag='li', buttons=[text='Social Work', url='https://socialwork.uw.edu'] }
                { tag='li', buttons=[text='Sociology', url='https://soc.washington.edu/'] }
                { tag='li', buttons=[text='South Asia Studies', url='https://jsis.washington.edu/southasia/'] }
                { tag='li', buttons=[text='Spanish & Portuguese Studies', url='https://spanport.washington.edu/'] }
                { tag='li', buttons=[text='Special Education', url='https://education.uw.edu/programs/special-education/'] }
                { tag='li', buttons=[text='Speech & Hearing Sciences', url='https://sphsc.washington.edu/'] }
                { tag='li', buttons=[text='Statistics', url='https://www.stat.washington.edu/'] }
                { tag='li', buttons=[text='Surgery', url='https://uwsurgery.org/'] }
                { tag='li', buttons=[text='Taiwan Studies', url='https://jsis.washington.edu/taiwan/'] }
                { tag='li', buttons=[text='Teaching, Learning & Curriculum', url='https://education.uw.edu/programs/tlc/'] }
                { tag='li', buttons=[text='Urban Design & Planning', url='https://urbdp.be.uw.edu/'] }
                { tag='li', buttons=[text='Urology', url='https://www.washington.edu/urology/'] }
                { tag='li', buttons=[text='Vascular Surgery-Integrated', url='https://uwsurgery.org/divisions/vascular-surgery/vascular-surgery-education/'] }
                { tag='li', buttons=[text='West European Studies', url='https://jsis.washington.edu/euwesteurope/'] }
                { tag='li', class='pagenav', buttons=[text='Home', url='https://www.washington.edu/about'] }
                      { tag='li', class='nav-item page-item-1582 page_item_has_children current_page_ancestor current_page_parent child-page-existance-tester', buttons=[text='Colleges and schools', url='https://www.washington.edu/about/academics/'] }
                          { tag='li', class='nav-item page-item-1585 active current_page_item', buttons=[text='Academic departments', url='https://www.washington.edu/about/academics/departments/'] }
                { tag='span', buttons=[text='Apply to the UW', url='', text='Browse offerings', url='http://www.washington.edu/admissions'] }
                  { tag='h2', class='widget-title h4', buttons=[text='Apply to the UW', url='http://www.washington.edu/admissions'] }
              { tag='section', class='widget uw-widget-rss', buttons=[text='UW News', url=''] }
        { tag='footer', class='site-footer', buttons=[text='University of Washington', url='https://www.washington.edu/', text='Be boundless', url='https://www.washington.edu/boundless/'] }
        { tag='li', buttons=[text='Facebook', url='https://www.facebook.com/UofWA'] }
        { tag='li', buttons=[text='Twitter', url='https://x.com/UW'] }
        { tag='li', buttons=[text='Instagram', url='https://instagram.com/uofwa/'] }
        { tag='li', buttons=[text='YouTube', url='https://www.youtube.com/user/uwhuskies'] }
        { tag='li', buttons=[text='LinkedIn', url='https://www.linkedin.com/school/university-of-washington'] }
        { tag='li', buttons=[text='Pinterest', url='https://www.pinterest.com/uofwa/'] }
        { tag='li', class='menu-item menu-item-type-custom menu-item-object-custom menu-item-3414', buttons=[text='Accessibility', url='https://www.washington.edu/accessibility/'] }
        { tag='li', class='menu-item menu-item-type-custom menu-item-object-custom menu-item-3415', buttons=[text='Contact Us', url='https://www.washington.edu/contact/'] }
        { tag='li', class='menu-item menu-item-type-custom menu-item-object-custom menu-item-3416', buttons=[text='Jobs', url='https://www.washington.edu/jobs/'] }
        { tag='li', class='menu-item menu-item-type-custom menu-item-object-custom menu-item-3417', buttons=[text='Campus Safety', url='https://www.washington.edu/safety/'] }
        { tag='li', class='menu-item menu-item-type-custom menu-item-object-custom menu-item-3418', buttons=[text='My UW', url='https://my.uw.edu/'] }
        { tag='li', class='menu-item menu-item-type-custom menu-item-object-custom menu-item-3419', buttons=[text='Rules Docket', url='https://www.washington.edu/rules/wac/'] }
        { tag='li', class='menu-item menu-item-type-custom menu-item-object-custom menu-item-3420', buttons=[text='Privacy', url='https://www.washington.edu/online/privacy/'] }
        { tag='li', class='menu-item menu-item-type-custom menu-item-object-custom menu-item-3421', buttons=[text='Terms', url='https://www.washington.edu/online/terms/'] }
        { tag='li', class='menu-item menu-item-type-custom menu-item-object-custom menu-item-3422', buttons=[text='Newsletter', url='https://www.washington.edu/newsletter/'] }
