                        { tag='div', class='container' }
                                            { tag='li', class='tb-megamenu-item level-2 mega', buttons=[text='Gymkhana', url='https://gymkhana.iitb.ac.in/'] }
                                            { tag='li', class='tb-megamenu-item level-2 mega', buttons=[text='Placements', url='https://campus.placements.iitb.ac.in/'] }
                                            { tag='li', class='tb-megamenu-item level-2 mega', buttons=[text='Student affairs office', url='/students/students-affair-office'] }
                                            { tag='li', class='tb-megamenu-item level-2 mega', buttons=[text='Student wellness center', url='https://www.iitb.ac.in/swc/'] }
                                            { tag='li', class='tb-megamenu-item level-2 mega', buttons=[text='Human resource', url='/faculty-staff/human-resource'] }
                                            { tag='li', class='tb-megamenu-item level-2 mega', buttons=[text='Faculty awards and honours', url='/faculty-staff/awards-honours'] }
                                            { tag='li', class='tb-megamenu-item level-2 mega', buttons=[text='Holiday List', url='/holidays-list'] }
                              { tag='li', class='tb-megamenu-item level-1 mega', buttons=[text='Alumni', url='https://acr.iitbombay.org/'] }
                              { tag='li', class='tb-megamenu-item level-1 mega', buttons=[text='Donate', url='https://acr.iitbombay.org/giving-back/#cause'] }
                              { tag='li', class='tb-megamenu-item level-1 mega', buttons=[text='CSR', url='https://www.iitb.ac.in/resources/csr'] }
                              { tag='li', class='tb-megamenu-item level-1 mega vendor-menu', buttons=[text='Vendors', url='/resources/vendors-tenders'] }
                        { tag='div', class='donate-menu', buttons=[text='Contact Us', url='/contact-us'] }
                              { tag='div', class='form-actions js-form-wrapper form-wrapper mb-3', buttons=[text='Search', url='/search'] }
                          { tag='div', buttons=[text='Go', url='/'] }
                  { tag='div', class='header-logo-block w-100', buttons=[text='भारतीय तंत्रज्ञान संस्था मुंबईभारतीय प्रौद्योगिकी संस्थान मुंबईIndian Institute of Technology Bombay', url='/'] }
                      { tag='div', class='container' }
                                          { tag='li', class='tb-megamenu-item level-2 mega w-100', buttons=[text='Introduction', url='/about'] }
                                          { tag='li', class='tb-megamenu-item level-2 mega', buttons=[text='Institute Vision & Mission', url='https://www.iitb.ac.in/institute-vision-mission'] }
                                          { tag='li', class='tb-megamenu-item level-2 mega w-100', buttons=[text='Director’s Message', url='/director-message'] }
                                          { tag='li', class='tb-megamenu-item level-2 mega w-100', buttons=[text='Books & Videos', url='/books-videos'] }
                                          { tag='li', class='tb-megamenu-item level-2 mega', buttons=[text='Organization', url='/organizational-chart'] }
                                          { tag='li', class='tb-megamenu-item level-2 mega', buttons=[text='Institution of Eminence', url='https://ioe.iitb.ac.in/'] }
                                          { tag='li', class='tb-megamenu-item level-2 mega', buttons=[text='Institute Colloquium/ Lectures', url='/institute-colloquium'] }
                                          { tag='li', class='tb-megamenu-item level-2 mega', buttons=[text='Digital Photo Archive', url='https://archive.library.iitb.ac.in/'] }
                                                        { tag='li', class='tb-megamenu-item level-3 mega', buttons=[text='Press Release', url='https://www.iitb.ac.in/press-release'] }
                                                        { tag='li', class='tb-megamenu-item level-3 mega', buttons=[text='Insight', url='https://insightiitb.netlify.app/'] }
                                                        { tag='li', class='tb-megamenu-item level-3 mega', buttons=[text='Campus Diary', url='/campus-diary'] }
                                                        { tag='li', class='tb-megamenu-item level-3 mega', buttons=[text='Kshitij', url='/kshitij'] }
                            { tag='li', class='tb-megamenu-item level-1 mega divisions-nav', buttons=[text='Divisions', url='/divisions'] }
                                                        { tag='li', class='tb-megamenu-item level-3 mega', buttons=[text='Undergraduate', url='https://acad.iitb.ac.in/admissions/bachelors'] }
                                                        { tag='li', class='tb-megamenu-item level-3 mega', buttons=[text='Masters', url='https://acad.iitb.ac.in/admissions/masters'] }
                                                        { tag='li', class='tb-megamenu-item level-3 mega', buttons=[text='PhD', url='https://acad.iitb.ac.in/admissions/research'] }
                                                        { tag='li', class='tb-megamenu-item level-3 mega', buttons=[text='ePGD', url='https://www.cep.iitb.ac.in/index.html#about3'] }
                                          { tag='li', class='tb-megamenu-item level-2 mega', buttons=[text='Academic Rule Books', url='https://acad.iitb.ac.in/academics/rules'] }
                                          { tag='li', class='tb-megamenu-item level-2 mega', buttons=[text='Academic Timetable', url='https://acad.iitb.ac.in/academics/calendar-and-timetable'] }
                                          { tag='li', class='tb-megamenu-item level-2 mega', buttons=[text='Academic Calendar', url='https://acad.iitb.ac.in/academics/calendar-and-timetable'] }
                                          { tag='li', class='tb-megamenu-item level-2 mega', buttons=[text='Academic Website', url='https://acad.iitb.ac.in/'] }
                                          { tag='li', class='tb-megamenu-item level-2 mega', buttons=[text='Holiday List', url='/holidays-list'] }
                                          { tag='li', class='tb-megamenu-item level-2 mega', buttons=[text='Course Management (ASC)', url='https://asc.iitb.ac.in/acadmenu/'] }
                                          { tag='li', class='tb-megamenu-item level-2 mega', buttons=[text='Distance Learning (CDEEP)', url='/cdeep'] }
                                          { tag='li', class='tb-megamenu-item level-2 mega', buttons=[text='International Exchange', url='/international-exchange-opportunities'] }
                                          { tag='li', class='tb-megamenu-item level-2 mega', buttons=[text='Moodle', url='https://moodle.iitb.ac.in'] }
                                          { tag='li', class='tb-megamenu-item level-2 mega', buttons=[text='Why IITB?', url='/admissions/why-iitb'] }
                                          { tag='li', class='tb-megamenu-item level-2 mega', buttons=[text='Undergraduate', url='https://acad.iitb.ac.in/admissions/bachelors'] }
                                          { tag='li', class='tb-megamenu-item level-2 mega', buttons=[text='Masters', url='https://acad.iitb.ac.in/admissions/masters'] }
                                          { tag='li', class='tb-megamenu-item level-2 mega', buttons=[text='PhD', url='https://acad.iitb.ac.in/admissions/research'] }
                                          { tag='li', class='tb-megamenu-item level-2 mega', buttons=[text='International Applicants', url='/international-applicants'] }
                                          { tag='li', class='tb-megamenu-item level-2 mega', buttons=[text='Research Internship', url='https://www.ircc.iitb.ac.in/IRCC-Webpage/IITBInternship/'] }
                                          { tag='li', class='tb-megamenu-item level-2 mega', buttons=[text='Educator Training (QIP)', url='https://www.qip.iitb.ac.in/'] }
                                          { tag='li', class='tb-megamenu-item level-2 mega', buttons=[text='Women Students', url='https://www.iitb.ac.in/womenstudents/'] }
                                                        { tag='li', class='tb-megamenu-item level-3 mega', buttons=[text='Consultancy', url='https://rnd.iitb.ac.in/search_for_expertise#gsc.tab=0'] }
                                                        { tag='li', class='tb-megamenu-item level-3 mega', buttons=[text='Find An Expert', url='https://rnd.iitb.ac.in/local_search_engine#gsc.tab=0'] }
                                                        { tag='li', class='tb-megamenu-item level-3 mega', buttons=[text='Use Our Instruments', url='https://instruments.iitb.ac.in/'] }
                                                        { tag='li', class='tb-megamenu-item level-3 mega', buttons=[text='Technology Transfer', url='https://rnd.iitb.ac.in/technology_innovation_landing_page'] }
                                                        { tag='li', class='tb-megamenu-item level-3 mega', buttons=[text='Entrepreneurship', url='https://sineiitb.org/'] }
                                                        { tag='li', class='tb-megamenu-item level-3 mega', buttons=[text='Research Park', url='https://iitbresearchpark.com/'] }
                                          { tag='li', class='tb-megamenu-item level-2 mega', buttons=[text='Research & Industry', url='/industry/research-development'] }
                                          { tag='li', class='tb-megamenu-item level-2 mega', buttons=[text='Executive Training', url='https://www.cep.iitb.ac.in/'] }
                                          { tag='li', class='tb-megamenu-item level-2 mega', buttons=[text='CSR & Corporate Philanthropy', url='https://acr.iitbombay.org/corporate-connect/'] }
                                          { tag='li', class='tb-megamenu-item level-2 mega', buttons=[text='Placements', url='https://campus.placements.iitb.ac.in/'] }
                                          { tag='li', class='tb-megamenu-item level-2 mega', buttons=[text='Technology Innovation Hub', url='https://www.tihiitb.org/'] }
                                          { tag='li', class='tb-megamenu-item level-2 mega', buttons=[text='Projects & Consultancy (DRONA)', url='/industry/drona'] }
                                          { tag='li', class='tb-megamenu-item level-2 mega', buttons=[text='Why IIT Bombay?', url='/career/why-iitb'] }
                                          { tag='li', class='tb-megamenu-item level-2 mega', buttons=[text='Apply', url='/career/apply'] }
                                                        { tag='li', class='tb-megamenu-item level-3 mega', buttons=[text='Central Library', url='https://www.library.iitb.ac.in/'] }
                                                        { tag='li', class='tb-megamenu-item level-3 mega', buttons=[text='Sports', url='/resources/sports'] }
                                                        { tag='li', class='tb-megamenu-item level-3 mega', buttons=[text='Hospital', url='https://www.iitb.ac.in/hospital/'] }
                                                        { tag='li', class='tb-megamenu-item level-3 mega', buttons=[text='Event Venues', url='/resources/event-vanues'] }
                                                        { tag='li', class='tb-megamenu-item level-3 mega', buttons=[text='Guest House', url='https://guesthouse.iitb.ac.in/index.html'] }
                                                        { tag='li', class='tb-megamenu-item level-3 mega', buttons=[text='Schools', url='/resources/schools'] }
                                                        { tag='li', class='tb-megamenu-item level-3 mega', buttons=[text='Day Care', url='/resources/day-care'] }
                                                        { tag='li', class='tb-megamenu-item level-3 mega', buttons=[text='Diversity & Inclusion', url='/resources/diversity-and-inclusion'] }
                                                        { tag='li', class='tb-megamenu-item level-3 mega', buttons=[text='Email', url='https://webmail.iitb.ac.in/'] }
                                                        { tag='li', class='tb-megamenu-item level-3 mega', buttons=[text='Computer Centre', url='https://www.cc.iitb.ac.in/'] }
                                                        { tag='li', class='tb-megamenu-item level-3 mega', buttons=[text='IT Applications', url='https://access.iitb.ac.in'] }
                                                        { tag='li', class='tb-megamenu-item level-3 mega', buttons=[text='Infrastructure', url='https://www.iitb.ac.in/deanpl/'] }
                                                        { tag='li', class='tb-megamenu-item level-3 mega', buttons=[text='Forms', url='/resources/forms'] }
                                                        { tag='li', class='tb-megamenu-item level-3 mega', buttons=[text='Vendors & Tenders', url='/resources/vendors-tenders'] }
                                                        { tag='li', class='tb-megamenu-item level-3 mega', buttons=[text='Travel Support', url='/resources/travel-support'] }
                                                        { tag='li', class='tb-megamenu-item level-3 mega', buttons=[text='Local Transport', url='/resources/local-transport-services'] }
                                                        { tag='li', class='tb-megamenu-item level-3 mega', buttons=[text='Gate Pass', url='/resources/gate-pass-visitors'] }
                                                        { tag='li', class='tb-megamenu-item level-3 mega', buttons=[text='Legal Support', url='/resources/legal-support'] }
                                                        { tag='li', class='tb-megamenu-item level-3 mega', buttons=[text='Community Hygiene', url='https://www.iitb.ac.in/deanpl/pho.html'] }
                                                        { tag='li', class='tb-megamenu-item level-3 mega', buttons=[text='Disaster Management', url='https://dm.mcgm.gov.in/'] }
                                                        { tag='li', class='tb-megamenu-item level-3 mega', buttons=[text='Hindi Cell', url='https://www.iitb.ac.in/hindi-cell'] }
                                                        { tag='li', class='tb-megamenu-item level-3 mega', buttons=[text='Record Retention Policy', url='https://www.iitb.ac.in/sites/www.iitb.ac.in/files/2025-03/RRS_Final_23_8_2024.pdf'] }
                                                        { tag='li', class='tb-megamenu-item level-3 mega', buttons=[text='Security Policy', url='/resources/institute-security-policy'] }
                                                        { tag='li', class='tb-megamenu-item level-3 mega', buttons=[text='Trademark Notice', url='/resources/trade-mark-caution-notice'] }
                                                        { tag='li', class='tb-megamenu-item level-3 mega', buttons=[text='Social Media Policy', url='/resources/social-media-usage-policy'] }
                                                        { tag='li', class='tb-megamenu-item level-3 mega', buttons=[text='Institute Sustainability Policy', url='https://www.iitb.ac.in/institute-sustainability-policy'] }
                                                        { tag='li', class='tb-megamenu-item level-3 mega', buttons=[text='Anti-Ragging Policy', url='https://www.iitb.ac.in/anti-ragging-policy'] }
                                                        { tag='li', class='tb-megamenu-item level-3 mega', buttons=[text='Handbooks', url='/resources/handbooks'] }
                                                        { tag='li', class='tb-megamenu-item level-3 mega', buttons=[text='Fire and Safety', url='https://www.iitb.ac.in/safety/en'] }
                                                        { tag='li', class='tb-megamenu-item level-3 mega', buttons=[text='Right To Information', url='/resources/rti'] }
                                                        { tag='li', class='tb-megamenu-item level-3 mega', buttons=[text='Vigilance', url='/resources/vigilance'] }
                            { tag='li', class='tb-megamenu-item level-1 mega', buttons=[text='Contact Us', url='/contact-us'] }
                                          { tag='li', class='tb-megamenu-item level-2 mega', buttons=[text='Gymkhana', url='https://gymkhana.iitb.ac.in/'] }
                                          { tag='li', class='tb-megamenu-item level-2 mega', buttons=[text='Placements', url='https://campus.placements.iitb.ac.in/'] }
                                          { tag='li', class='tb-megamenu-item level-2 mega', buttons=[text='Student affairs office', url='/students/students-affair-office'] }
                                          { tag='li', class='tb-megamenu-item level-2 mega', buttons=[text='Student wellness center', url='https://www.iitb.ac.in/swc'] }
                                          { tag='li', class='tb-megamenu-item level-2 mega', buttons=[text='Awards & Honours', url='/faculty-staff/awards-honours'] }
                                          { tag='li', class='tb-megamenu-item level-2 mega', buttons=[text='Human Resource', url='/faculty-staff/human-resource'] }
                                          { tag='li', class='tb-megamenu-item level-2 mega', buttons=[text='Holiday List', url='/holidays-list'] }
                            { tag='li', class='tb-megamenu-item level-1 mega desktop-disable', buttons=[text='Alumni', url='https://acr.iitbombay.org/'] }
                            { tag='li', class='tb-megamenu-item level-1 mega desktop-disable', buttons=[text='CSR', url='https://www.iitb.ac.in/resources/csr'] }
                            { tag='li', class='tb-megamenu-item level-1 mega desktop-disable', buttons=[text='Vendors', url='/resources/vendors-tenders'] }
                            { tag='li', class='sf-depth-2 menu-list-wrapper sf-no-children', buttons=[text='Introduction', url='/about'] }
                            { tag='li', class='sf-depth-2 menu-list-wrapper sf-no-children', buttons=[text='Institute Vision & Mission', url='https://www.iitb.ac.in/institute-vision-mission'] }
                            { tag='li', class='sf-depth-2 menu-list-wrapper sf-no-children', buttons=[text='Director’s Message', url='/director-message'] }
                            { tag='li', class='sf-depth-2 menu-list-wrapper sf-no-children', buttons=[text='Books & Videos', url='/books-videos'] }
                            { tag='li', class='sf-depth-2 menu-list-wrapper sf-no-children', buttons=[text='Organization', url='/organizational-chart'] }
                            { tag='li', class='sf-depth-2 menu-list-wrapper sf-no-children', buttons=[text='Institution of Eminence', url='https://ioe.iitb.ac.in/'] }
                            { tag='li', class='sf-depth-2 menu-list-wrapper sf-no-children', buttons=[text='Institute Colloquium/ Lectures', url='/institute-colloquium'] }
                            { tag='li', class='sf-depth-2 menu-list-wrapper sf-no-children', buttons=[text='Digital Photo Archive', url='https://archive.library.iitb.ac.in/'] }
                                { tag='li', class='sf-depth-3 menu-list-wrapper sf-no-children', buttons=[text='Press Release', url='https://www.iitb.ac.in/press-release'] }
                                { tag='li', class='sf-depth-3 menu-list-wrapper sf-no-children', buttons=[text='Insight', url='https://insightiitb.netlify.app/'] }
                                { tag='li', class='sf-depth-3 menu-list-wrapper sf-no-children', buttons=[text='Campus Diary', url='/campus-diary'] }
                                { tag='li', class='sf-depth-3 menu-list-wrapper sf-no-children', buttons=[text='Kshitij', url='/kshitij'] }
                        { tag='li', class='sf-depth-1 menu-list-wrapper sf-no-children', buttons=[text='Divisions', url='/divisions'] }
                                { tag='li', class='sf-depth-3 menu-list-wrapper sf-no-children', buttons=[text='Undergraduate', url='https://acad.iitb.ac.in/admissions/bachelors'] }
                                { tag='li', class='sf-depth-3 menu-list-wrapper sf-no-children', buttons=[text='Masters', url='https://acad.iitb.ac.in/admissions/masters'] }
                                { tag='li', class='sf-depth-3 menu-list-wrapper sf-no-children', buttons=[text='PhD', url='https://acad.iitb.ac.in/admissions/research'] }
                                { tag='li', class='sf-depth-3 menu-list-wrapper sf-no-children', buttons=[text='ePGD', url='https://www.cep.iitb.ac.in/index.html#about3'] }
                            { tag='li', class='sf-depth-2 menu-list-wrapper sf-no-children', buttons=[text='Academic Rule Books', url='https://acad.iitb.ac.in/academics/rules'] }
                            { tag='li', class='sf-depth-2 menu-list-wrapper sf-no-children', buttons=[text='Academic Timetable', url='https://acad.iitb.ac.in/academics/calendar-and-timetable'] }
                            { tag='li', class='sf-depth-2 menu-list-wrapper sf-no-children', buttons=[text='Academic Calendar', url='https://acad.iitb.ac.in/academics/calendar-and-timetable'] }
                            { tag='li', class='sf-depth-2 menu-list-wrapper sf-no-children', buttons=[text='Academic Website', url='https://acad.iitb.ac.in/'] }
                            { tag='li', class='sf-depth-2 menu-list-wrapper sf-no-children', buttons=[text='Holiday List', url='/holidays-list'] }
                            { tag='li', class='sf-depth-2 menu-list-wrapper sf-no-children', buttons=[text='Course Management (ASC)', url='https://asc.iitb.ac.in/acadmenu/'] }
                            { tag='li', class='sf-depth-2 menu-list-wrapper sf-no-children', buttons=[text='Distance Learning (CDEEP)', url='/cdeep'] }
                            { tag='li', class='sf-depth-2 menu-list-wrapper sf-no-children', buttons=[text='International Exchange', url='/international-exchange-opportunities'] }
                            { tag='li', class='sf-depth-2 menu-list-wrapper sf-no-children', buttons=[text='Moodle', url='https://moodle.iitb.ac.in'] }
                            { tag='li', class='sf-depth-2 menu-list-wrapper sf-no-children', buttons=[text='Why IITB?', url='/admissions/why-iitb'] }
                            { tag='li', class='sf-depth-2 menu-list-wrapper sf-no-children', buttons=[text='Undergraduate', url='https://acad.iitb.ac.in/admissions/bachelors'] }
                            { tag='li', class='sf-depth-2 menu-list-wrapper sf-no-children', buttons=[text='Masters', url='https://acad.iitb.ac.in/admissions/masters'] }
                            { tag='li', class='sf-depth-2 menu-list-wrapper sf-no-children', buttons=[text='PhD', url='https://acad.iitb.ac.in/admissions/research'] }
                            { tag='li', class='sf-depth-2 menu-list-wrapper sf-no-children', buttons=[text='International Applicants', url='/international-applicants'] }
                            { tag='li', class='sf-depth-2 menu-list-wrapper sf-no-children', buttons=[text='Research Internship', url='https://www.ircc.iitb.ac.in/IRCC-Webpage/IITBInternship/'] }
                            { tag='li', class='sf-depth-2 menu-list-wrapper sf-no-children', buttons=[text='Educator Training (QIP)', url='https://www.qip.iitb.ac.in/'] }
                            { tag='li', class='sf-depth-2 menu-list-wrapper sf-no-children', buttons=[text='Women Students', url='https://www.iitb.ac.in/womenstudents/'] }
                                { tag='li', class='sf-depth-3 menu-list-wrapper sf-no-children', buttons=[text='Consultancy', url='https://rnd.iitb.ac.in/search_for_expertise#gsc.tab=0'] }
                                { tag='li', class='sf-depth-3 menu-list-wrapper sf-no-children', buttons=[text='Find An Expert', url='https://rnd.iitb.ac.in/local_search_engine#gsc.tab=0'] }
                                { tag='li', class='sf-depth-3 menu-list-wrapper sf-no-children', buttons=[text='Use Our Instruments', url='https://instruments.iitb.ac.in/'] }
                                { tag='li', class='sf-depth-3 menu-list-wrapper sf-no-children', buttons=[text='Technology Transfer', url='https://rnd.iitb.ac.in/technology_innovation_landing_page'] }
                                { tag='li', class='sf-depth-3 menu-list-wrapper sf-no-children', buttons=[text='Entrepreneurship', url='https://sineiitb.org/'] }
                                { tag='li', class='sf-depth-3 menu-list-wrapper sf-no-children', buttons=[text='Research Park', url='https://iitbresearchpark.com/'] }
                            { tag='li', class='sf-depth-2 menu-list-wrapper sf-no-children', buttons=[text='Research & Industry', url='/industry/research-development'] }
                            { tag='li', class='sf-depth-2 menu-list-wrapper sf-no-children', buttons=[text='Executive Training', url='https://www.cep.iitb.ac.in/'] }
                            { tag='li', class='sf-depth-2 menu-list-wrapper sf-no-children', buttons=[text='CSR & Corporate Philanthropy', url='https://acr.iitbombay.org/corporate-connect/'] }
                            { tag='li', class='sf-depth-2 menu-list-wrapper sf-no-children', buttons=[text='Placements', url='https://campus.placements.iitb.ac.in/'] }
                            { tag='li', class='sf-depth-2 menu-list-wrapper sf-no-children', buttons=[text='Technology Innovation Hub', url='https://www.tihiitb.org/'] }
                            { tag='li', class='sf-depth-2 menu-list-wrapper sf-no-children', buttons=[text='Projects & Consultancy (DRONA)', url='/industry/drona'] }
                            { tag='li', class='sf-depth-2 menu-list-wrapper sf-no-children', buttons=[text='Why IIT Bombay?', url='/career/why-iitb'] }
                            { tag='li', class='sf-depth-2 menu-list-wrapper sf-no-children', buttons=[text='Apply', url='/career/apply'] }
                                { tag='li', class='sf-depth-3 menu-list-wrapper sf-no-children', buttons=[text='Central Library', url='https://www.library.iitb.ac.in/'] }
                                { tag='li', class='sf-depth-3 menu-list-wrapper sf-no-children', buttons=[text='Sports', url='/resources/sports'] }
                                { tag='li', class='sf-depth-3 menu-list-wrapper sf-no-children', buttons=[text='Hospital', url='https://www.iitb.ac.in/hospital/'] }
                                { tag='li', class='sf-depth-3 menu-list-wrapper sf-no-children', buttons=[text='Event Venues', url='/resources/event-vanues'] }
                                { tag='li', class='sf-depth-3 menu-list-wrapper sf-no-children', buttons=[text='Guest House', url='https://guesthouse.iitb.ac.in/index.html'] }
                                { tag='li', class='sf-depth-3 menu-list-wrapper sf-no-children', buttons=[text='Schools', url='/resources/schools'] }
                                { tag='li', class='sf-depth-3 menu-list-wrapper sf-no-children', buttons=[text='Day Care', url='/resources/day-care'] }
                                { tag='li', class='sf-depth-3 menu-list-wrapper sf-no-children', buttons=[text='Diversity & Inclusion', url='/resources/diversity-and-inclusion'] }
                                { tag='li', class='sf-depth-3 menu-list-wrapper sf-no-children', buttons=[text='Email', url='https://webmail.iitb.ac.in/'] }
                                { tag='li', class='sf-depth-3 menu-list-wrapper sf-no-children', buttons=[text='Computer Centre', url='https://www.cc.iitb.ac.in/'] }
                                { tag='li', class='sf-depth-3 menu-list-wrapper sf-no-children', buttons=[text='IT Applications', url='https://access.iitb.ac.in'] }
                                { tag='li', class='sf-depth-3 menu-list-wrapper sf-no-children', buttons=[text='Infrastructure', url='https://www.iitb.ac.in/deanpl/'] }
                                { tag='li', class='sf-depth-3 menu-list-wrapper sf-no-children', buttons=[text='Forms', url='/resources/forms'] }
                                { tag='li', class='sf-depth-3 menu-list-wrapper sf-no-children', buttons=[text='Vendors & Tenders', url='/resources/vendors-tenders'] }
                                { tag='li', class='sf-depth-3 menu-list-wrapper sf-no-children', buttons=[text='Travel Support', url='/resources/travel-support'] }
                                { tag='li', class='sf-depth-3 menu-list-wrapper sf-no-children', buttons=[text='Local Transport', url='/resources/local-transport-services'] }
                                { tag='li', class='sf-depth-3 menu-list-wrapper sf-no-children', buttons=[text='Gate Pass', url='/resources/gate-pass-visitors'] }
                                { tag='li', class='sf-depth-3 menu-list-wrapper sf-no-children', buttons=[text='Legal Support', url='/resources/legal-support'] }
                                { tag='li', class='sf-depth-3 menu-list-wrapper sf-no-children', buttons=[text='Community Hygiene', url='https://www.iitb.ac.in/deanpl/pho.html'] }
                                { tag='li', class='sf-depth-3 menu-list-wrapper sf-no-children', buttons=[text='Disaster Management', url='https://dm.mcgm.gov.in/'] }
                                { tag='li', class='sf-depth-3 menu-list-wrapper sf-no-children', buttons=[text='Hindi Cell', url='https://www.iitb.ac.in/hindi-cell'] }
                                { tag='li', class='sf-depth-3 menu-list-wrapper sf-no-children', buttons=[text='Record Retention Policy', url='https://www.iitb.ac.in/sites/www.iitb.ac.in/files/2025-03/RRS_Final_23_8_2024.pdf'] }
                                { tag='li', class='sf-depth-3 menu-list-wrapper sf-no-children', buttons=[text='Security Policy', url='/resources/institute-security-policy'] }
                                { tag='li', class='sf-depth-3 menu-list-wrapper sf-no-children', buttons=[text='Trademark Notice', url='/resources/trade-mark-caution-notice'] }
                                { tag='li', class='sf-depth-3 menu-list-wrapper sf-no-children', buttons=[text='Social Media Policy', url='/resources/social-media-usage-policy'] }
                                { tag='li', class='sf-depth-3 menu-list-wrapper sf-no-children', buttons=[text='Institute Sustainability Policy', url='https://www.iitb.ac.in/institute-sustainability-policy'] }
                                { tag='li', class='sf-depth-3 menu-list-wrapper sf-no-children', buttons=[text='Anti-Ragging Policy', url='https://www.iitb.ac.in/anti-ragging-policy'] }
                                { tag='li', class='sf-depth-3 menu-list-wrapper sf-no-children', buttons=[text='Handbooks', url='/resources/handbooks'] }
                                { tag='li', class='sf-depth-3 menu-list-wrapper sf-no-children', buttons=[text='Fire and Safety', url='https://www.iitb.ac.in/safety/en'] }
                                { tag='li', class='sf-depth-3 menu-list-wrapper sf-no-children', buttons=[text='Right To Information', url='/resources/rti'] }
                                { tag='li', class='sf-depth-3 menu-list-wrapper sf-no-children', buttons=[text='Vigilance', url='/resources/vigilance'] }
                        { tag='li', class='sf-depth-1 menu-list-wrapper sf-no-children', buttons=[text='Contact Us', url='/contact-us'] }
                            { tag='li', class='sf-depth-2 menu-list-wrapper sf-no-children', buttons=[text='Gymkhana', url='https://gymkhana.iitb.ac.in/'] }
                            { tag='li', class='sf-depth-2 menu-list-wrapper sf-no-children', buttons=[text='Placements', url='https://campus.placements.iitb.ac.in/'] }
                            { tag='li', class='sf-depth-2 menu-list-wrapper sf-no-children', buttons=[text='Student affairs office', url='/students/students-affair-office'] }
                            { tag='li', class='sf-depth-2 menu-list-wrapper sf-no-children', buttons=[text='Student wellness center', url='https://www.iitb.ac.in/swc'] }
                            { tag='li', class='sf-depth-2 menu-list-wrapper sf-no-children', buttons=[text='Awards & Honours', url='/faculty-staff/awards-honours'] }
                            { tag='li', class='sf-depth-2 menu-list-wrapper sf-no-children', buttons=[text='Human Resource', url='/faculty-staff/human-resource'] }
                            { tag='li', class='sf-depth-2 menu-list-wrapper sf-no-children', buttons=[text='Holiday List', url='/holidays-list'] }
                            { tag='li', class='sf-depth-2 menu-list-wrapper sf-no-children', buttons=[text='Faculty Forum', url='/faculty-forum'] }
                        { tag='li', class='sf-depth-1 menu-list-wrapper sf-no-children', buttons=[text='Alumni', url='https://acr.iitbombay.org/'] }
                        { tag='li', class='sf-depth-1 menu-list-wrapper sf-no-children', buttons=[text='CSR', url='https://www.iitb.ac.in/resources/csr'] }
                        { tag='li', class='sf-depth-1 menu-list-wrapper sf-no-children', buttons=[text='Vendors', url='/resources/vendors-tenders'] }
                      { tag='nav', class='slick__arrow', buttons=[text='Previous', url='', text='Next', url=''] }
                      { tag='div', class='views-element-container mt-5 block block-views block-views-blockannouncements-block-1', buttons=[text='Announcements', url=''] }
                                                    { tag='div', buttons=[text='JAM Application Portal (JOAPS)', url='https://joaps.iitb.ac.in/'] }
                                                    { tag='div', buttons=[text='UCEED & CEED 2026 Examination date: UCEED & CEED 2026 will be held on Sunday, 18th January, 2026 (9:00 AM to 12:00 Noon). The details will be released by 1st October 2025 on official website.', url='https://www.iitb.ac.in/uceed-ceed-2026-examination-date'] }
                                                    { tag='div', buttons=[text='JAM 2026', url='https://jam2026.iitb.ac.in/'] }
                                                    { tag='div', buttons=[text='International Conference on "Role of IPR (Intellectual Property Rights) in promoting Indigenous Knowledge System and Viksit Bharat" during 26-28 November 2025', url='https://www.iitb.ac.in/international-conference-role-ipr-promoting-indigenous-knowledge-system-and-viksit-bharat'] }
                                                    { tag='div', buttons=[text='Second 4-Day In-Person Administrative Training Program at IIT Bombay; November 1 to 4, 2025 (last date for receiving nominations is extended till August 18,2025)', url='https://www.iitb.ac.in/sites/www.iitb.ac.in/files/2025-06/Second%20Administrative%20Training%20Program%20IITB.pdf'] }
                                                    { tag='div', buttons=[text='IIT Bombay Launches e-Postgraduate Diploma (e-PGD) in Computer Science and Engineering (CSE)', url='https://www.cse.iitb.ac.in/admissions/pg/epgd'] }
                                              { tag='div', class='view-more', buttons=[text='More', url='/announcements'] }
                                                      { tag='div', class='news-card-more', buttons=[text='Read More', url='https://www.iitb.ac.in/breaking-news/iit-bombay-celebrates-national-engineers-day-2025'] }
                                                      { tag='div', class='news-card-more', buttons=[text='Read More', url='https://www.iitb.ac.in/breaking-news/inauguration-staff-club-building'] }
                                                      { tag='div', class='news-card-more', buttons=[text='Read More', url='https://www.iitb.ac.in/breaking-news/iit-bombay-celebrates-teachers-day-1'] }
                                                      { tag='div', class='news-card-more', buttons=[text='Read More', url='https://www.iitb.ac.in/breaking-news/national-institutional-ranking-framework-nirf-2025'] }
                                                      { tag='div', class='news-card-more', buttons=[text='Read More', url='https://www.iitb.ac.in/breaking-news/honble-minister-state-education-doner-visits-iit-bombay'] }
                                                      { tag='div', class='news-card-more', buttons=[text='Read More', url='https://www.iitb.ac.in/breaking-news/meeting-bharat-innovates-2026-held-iit-bombay'] }
                                                      { tag='div', class='news-card-more', buttons=[text='Read More', url='https://www.iitb.ac.in/breaking-news/central-library-iit-bombay-holds-book-exhibition-2025'] }
                                                      { tag='div', class='news-card-more', buttons=[text='Read More', url='https://www.iitb.ac.in/breaking-news/iit-bombay-honours-outstanding-non-teaching-staff-staff-excellence-awards'] }
                                                      { tag='div', class='news-card-more', buttons=[text='Read More', url='https://www.iitb.ac.in/breaking-news/iit-bombay-celebrates-national-librarians-day-2025-vision-future-libraries-ai-era'] }
                                                      { tag='div', class='news-card-more', buttons=[text='Read More', url='https://www.iitb.ac.in/breaking-news/iit-bombay-celebrates-indias-79th-independence-day-patriotic-fervour'] }
                                                      { tag='div', class='news-card-more', buttons=[text='Read More', url='https://www.iitb.ac.in/breaking-news/iit-bombay-celebrates-van-mahotsav-2025'] }
                                                      { tag='div', class='news-card-more', buttons=[text='Read More', url='https://www.iitb.ac.in/breaking-news/iit-bombay-and-government-maharashtra-sign-mou-chief-minister-fellowship-program-2025'] }
                                                      { tag='div', class='news-card-more', buttons=[text='Read More', url='https://www.iitb.ac.in/breaking-news/iit-bombay-conducts-national-geospatial-awards-2025-edition-02-and-open-source-gis'] }
                                                      { tag='div', class='news-card-more', buttons=[text='Read More', url='https://www.iitb.ac.in/breaking-news/union-minister-shri-pralhad-joshi-visits-iit-bombay'] }
                                                      { tag='div', class='news-card-more', buttons=[text='Read More', url='https://www.iitb.ac.in/breaking-news/fedex-alfa-centre-and-fedex-lounge-launched-iit-bombay'] }
                                                      { tag='div', class='news-card-more', buttons=[text='Read More', url='https://www.iitb.ac.in/breaking-news/industry-day-indoor-air-quality-management-iaqm'] }
                                                      { tag='div', class='news-card-more', buttons=[text='Read More', url='https://www.iitb.ac.in/breaking-news/iit-bombay-observed-nasha-mukt-bharat-abhiyaan-international-day-against-drug-abuse'] }
                                                      { tag='div', class='news-card-more', buttons=[text='Read More', url='https://www.iitb.ac.in/breaking-news/iit-bombay-celebrates-international-day-yoga-2025'] }
                                                      { tag='div', class='news-card-more', buttons=[text='Read More', url='https://www.iitb.ac.in/breaking-news/qs-wur-2026-iit-bombay-ranked-2nd-india-and-129th-globally'] }
                                                      { tag='div', class='news-card-more', buttons=[text='Read More', url='https://www.iitb.ac.in/breaking-news/iit-campus-school-and-junior-college-wins-community-champions-sustainability-award'] }
                                                      { tag='div', class='news-card-more', buttons=[text='Read More', url='https://www.iitb.ac.in/breaking-news/inauguration-cafe-quantum'] }
                                                      { tag='div', class='news-card-more', buttons=[text='Read More', url='https://www.iitb.ac.in/breaking-news/200-girls-rural-maharashtra-and-karnataka-participate-iit-bombay-wise-program'] }
                                                      { tag='div', class='news-card-more', buttons=[text='Read More', url='https://www.iitb.ac.in/breaking-news/celebration-world-bicycle-day'] }
                                                      { tag='div', class='news-card-more', buttons=[text='Read More', url='https://www.iitb.ac.in/breaking-news/iit-bombay-pays-homage-dr-m-r-srinivasan'] }
                                                      { tag='div', class='news-card-more', buttons=[text='Read More', url='https://www.iitb.ac.in/breaking-news/iit-bombay-pays-homage-dr-jayant-narlikar'] }
                                                      { tag='div', class='news-card-more', buttons=[text='Read More', url='https://www.iitb.ac.in/breaking-news/ground-breaking-ceremony-efficiency-apartments-iit-bombay'] }
                                                      { tag='div', class='news-card-more', buttons=[text='Read More', url='https://www.iitb.ac.in/breaking-news/inauguration-new-recruitment-promotion-unit-office'] }
                                                      { tag='div', class='news-card-more', buttons=[text='Read More', url='https://www.iitb.ac.in/breaking-news/iit-bombay-hosts-commencement-2025'] }
                                                      { tag='div', class='news-card-more', buttons=[text='Read More', url='https://www.iitb.ac.in/breaking-news/iit-bombay-celebrates-66th-foundation-day'] }
                                                      { tag='div', class='news-card-more', buttons=[text='Read More', url='https://www.iitb.ac.in/breaking-news/iit-bombay-hosts-4-day-training-programme-aiming-world-class-university'] }
                                                      { tag='div', class='news-card-more', buttons=[text='Read More', url='https://www.iitb.ac.in/breaking-news/celebrating-international-womens-day-iit-bombay-evening-inspiration-empowerment'] }
                                                      { tag='div', class='news-card-more', buttons=[text='Read More', url='https://www.iitb.ac.in/breaking-news/inauguration-new-internal-audit-grievance-redressal-section-office'] }
                                                      { tag='div', class='news-card-more', buttons=[text='Read More', url='https://www.iitb.ac.in/breaking-news/iit-bombay-observes-54th-national-safety-week'] }
                                                      { tag='div', class='news-card-more', buttons=[text='Read More', url='https://www.iitb.ac.in/breaking-news/iit-bombay-showcases-rd-excellence-iinventiv-2025'] }
                                                      { tag='div', class='news-card-more', buttons=[text='Read More', url='https://www.iitb.ac.in/breaking-news/iit-bombay-hosts-icons-2025'] }
                                                      { tag='div', class='news-card-more', buttons=[text='Read More', url='https://www.iitb.ac.in/breaking-news/iit-bombay-unveils-new-food-court'] }
                                                      { tag='div', class='news-card-more', buttons=[text='Read More', url='https://www.iitb.ac.in/breaking-news/iit-bombay-holds-interim-session-63rd-convocation-awards-degrees-337-graduating'] }
                                                      { tag='div', class='news-card-more', buttons=[text='Read More', url='https://www.iitb.ac.in/breaking-news/iit-bombay-celebrates-antararaasataraiya-maatarbhaasaa-daivasa-international-mother'] }
                                                      { tag='div', class='news-card-more', buttons=[text='Read More', url='https://www.iitb.ac.in/breaking-news/iit-bombay-holds-industry-day-connected-and-autonomous-vehicles-cav'] }
                                                      { tag='div', class='news-card-more', buttons=[text='Read More', url='https://www.iitb.ac.in/breaking-news/iit-bombay-inaugurates-new-playground-0'] }
                                              { tag='div', class='view-all', buttons=[text='View All', url='/news'] }
                                                  { tag='span', class='field-content', buttons=[text='Institution's Innovation Day', url='/event/institutions-innovation-day-0'] }
                                                  { tag='span', class='field-content', buttons=[text='US Roadshow', url='/event/us-roadshow-0'] }
                                                  { tag='span', class='field-content', buttons=[text='World Mental Health Day', url='/event/world-mental-health-day'] }
                                                  { tag='span', class='field-content', buttons=[text='Birth Anniversary of Gandhi Ji and Shastri Ji', url='/event/birth-anniversary-gandhi-ji-and-shastri-ji-0'] }
                                                  { tag='span', class='field-content', buttons=[text='World Rabies Day', url='/event/world-rabies-day'] }
                                                  { tag='span', class='field-content', buttons=[text='eSim Marathon - Circuit Design & Simulation with IHP SG13G2', url='/event/esim-marathon-circuit-design-simulation-ihp-sg13g2'] }
                                                  { tag='span', class='field-content', buttons=[text='Webinar on "Building Large-Scale AI Applications."', url='/event/webinar-building-large-scale-ai-applications'] }
                                                  { tag='span', class='field-content', buttons=[text='National Engineer's Day', url='/event/national-engineers-day-0'] }
                                                  { tag='span', class='field-content', buttons=[text='Hindi Pakhwada 2025', url='/event/hindi-pakhwada-2025'] }
                                                  { tag='span', class='field-content', buttons=[text='Hindi Diwas 2025', url='/event/hindi-diwas-2025'] }
                                                  { tag='span', class='field-content', buttons=[text='World Suicide Prevention Day', url='/event/world-suicide-prevention-day'] }
                                                  { tag='span', class='field-content', buttons=[text='8th International Day of Clean Air for Blue Skies', url='/event/8th-international-day-clean-air-blue-skies'] }
                                                  { tag='span', class='field-content', buttons=[text='Teachers' Day 2025', url='/event/teachers-day-2025'] }
                                                  { tag='span', class='field-content', buttons=[text='Initiating TCA2I's Webinar Series on 'AI in Cybersecurity'', url='/event/initiating-tca2is-webinar-series-ai-cybersecurity'] }
                                                  { tag='span', class='field-content', buttons=[text='63rd Convocation and Departmental Degree Award Function (DDAF)', url='/event/63rd-convocation-and-departmental-degree-award-function-ddaf'] }
                                                  { tag='span', class='field-content', buttons=[text='National Space Day 2025', url='/event/national-space-day-2025'] }
                                                  { tag='span', class='field-content', buttons=[text='World Entrepreneurs Day 2025', url='/event/world-entrepreneurs-day-2025'] }
                                                  { tag='span', class='field-content', buttons=[text='79th Independence Day (2025)', url='/event/79th-independence-day-2025'] }
                                                  { tag='span', class='field-content', buttons=[text='Partition Horrors Remembrance Day', url='/event/partition-horrors-remembrance-day'] }
                                                  { tag='span', class='field-content', buttons=[text='Institute Lecture on "Joy of Discovery in the Modern Era : Some Reflections and Directions"', url='/event/institute-lecture-joy-discovery-modern-era-some-reflections-and-directions'] }
                                                  { tag='span', class='field-content', buttons=[text='National Librarian's Day', url='/event/national-librarians-day'] }
                                                  { tag='span', class='field-content', buttons=[text='5th Anniversary of NEP 2020', url='/event/5th-anniversary-nep-2020'] }
                                                  { tag='span', class='field-content', buttons=[text='Van Mahotsav 2025', url='/event/van-mahotsav-2025'] }
                                                  { tag='span', class='field-content', buttons=[text='Institute Colloquium on "Global health research from India for the world"', url='/event/institute-colloquium-global-health-research-india-world'] }
                                                  { tag='span', class='field-content', buttons=[text='National Geospatial Internship', url='/event/national-geospatial-internship'] }
                                                  { tag='span', class='field-content', buttons=[text='National Statistics Day 2025', url='/event/national-statistics-day-2025'] }
                                                  { tag='span', class='field-content', buttons=[text='International Day against Drug Abuse and Illicit Trafficking', url='/event/international-day-against-drug-abuse-and-illicit-trafficking-0'] }
                                                  { tag='span', class='field-content', buttons=[text='11th International Day of Yoga', url='/event/11th-international-day-yoga'] }
                                                  { tag='span', class='field-content', buttons=[text='World Sickle Cell Awareness Day', url='/event/world-sickle-cell-awareness-day'] }
                                                  { tag='span', class='field-content', buttons=[text='FOSSEE Activities 2025', url='/event/fossee-activities-2025'] }
                                                  { tag='span', class='field-content', buttons=[text='Annual CSR Conclave 2025', url='/event/annual-csr-conclave-2025'] }
                                                  { tag='span', class='field-content', buttons=[text='World Environment Day 2025', url='/event/world-environment-day-2025'] }
                                                  { tag='span', class='field-content', buttons=[text='World Bicycle Day 2025', url='/event/world-bicycle-day-2025'] }
                                                  { tag='span', class='field-content', buttons=[text='Sunday on Cycle- Cyclothon Tour', url='/event/sunday-cycle-cyclothon-tour'] }
                                                  { tag='span', class='field-content', buttons=[text='Institute Lecture on "ANRF Overview"', url='/event/institute-lecture-anrf-overview'] }
                                                  { tag='span', class='field-content', buttons=[text='WiSE 2025 (Women in Science & Engineering) Programme', url='/event/wise-2025-women-science-engineering-programme'] }
                                                  { tag='span', class='field-content', buttons=[text='Industry Day on Intelligent Decision Support Systems', url='/event/industry-day-intelligent-decision-support-systems'] }
                                                  { tag='span', class='field-content', buttons=[text='Workshop on Security Trends in Telecom Networks', url='/event/workshop-security-trends-telecom-networks'] }
                                                  { tag='span', class='field-content', buttons=[text='Commencement 2025', url='/event/commencement-2025'] }
                                                  { tag='span', class='field-content', buttons=[text='Nurturing Future Leadership Program', url='/event/nurturing-future-leadership-program-apr-2025'] }
                                              { tag='div', class='view-all', buttons=[text='View Event Calendar', url='/events'] }
                                                  { tag='div', class='field-content', buttons=[text='', url='/research-highlight/do-small-farms-outperform-big-ones-study-reveals-changes-over-40-years-india'] }
                                                      { tag='div', class='res-title', buttons=[text='Do Small Farms Outperform Big Ones? A Study Reveals Changes Over 40 Years in India', url='/research-highlight/do-small-farms-outperform-big-ones-study-reveals-changes-over-40-years-india'] }
                                                  { tag='div', class='field-content', buttons=[text='', url='/research-highlight/say-it-spot-it-new-model-decodes-earth-images-natural-language'] }
                                                      { tag='div', class='res-title', buttons=[text='Say It, Spot It: New Model Decodes Earth Images With Natural Language', url='/research-highlight/say-it-spot-it-new-model-decodes-earth-images-natural-language'] }
                                                  { tag='div', class='field-content', buttons=[text='', url='/research-highlight/novel-mathematical-model-test-traffic-control-algorithms'] }
                                                      { tag='div', class='res-title', buttons=[text='A novel mathematical model to test traffic control algorithms', url='/research-highlight/novel-mathematical-model-test-traffic-control-algorithms'] }
                                                  { tag='div', class='field-content', buttons=[text='', url='/research-highlight/could-cold-dark-oceans-cool-our-data-centres-iit-bombay-study-finds-way'] }
                                                      { tag='div', class='res-title', buttons=[text='Could the Cold, Dark Oceans Cool Our Data Centres? IIT Bombay Study Finds a Way', url='/research-highlight/could-cold-dark-oceans-cool-our-data-centres-iit-bombay-study-finds-way'] }
                                                  { tag='div', class='field-content', buttons=[text='', url='/research-highlight/predicting-plot-microbes-hint-evolutions-unsolved-question'] }
                                                      { tag='div', class='res-title', buttons=[text='Predicting the Plot: Microbes Hint at Evolution’s Unsolved Question', url='/research-highlight/predicting-plot-microbes-hint-evolutions-unsolved-question'] }
                                                  { tag='div', class='field-content', buttons=[text='', url='/research-highlight/accounting-fragmented-forests-crucial-effective-afforestation-planning'] }
                                                      { tag='div', class='res-title', buttons=[text='Accounting for fragmented forests is crucial for effective afforestation planning', url='/research-highlight/accounting-fragmented-forests-crucial-effective-afforestation-planning'] }
                                                  { tag='div', class='field-content', buttons=[text='', url='/research-highlight/researchers-develop-smart-irrigation-plan-save-10-30-irrigation-water-drought'] }
                                                      { tag='div', class='res-title', buttons=[text='Researchers Develop A Smart Irrigation Plan to Save 10-30% of Irrigation Water in Drought-Prone Regions', url='/research-highlight/researchers-develop-smart-irrigation-plan-save-10-30-irrigation-water-drought'] }
                                                  { tag='div', class='field-content', buttons=[text='', url='/research-highlight/researchers-model-unique-s-start-motion-newborn-yellow-anacondas-use-escape'] }
                                                      { tag='div', class='res-title', buttons=[text='Researchers model the unique S-start motion that newborn yellow anacondas use to escape threats', url='/research-highlight/researchers-model-unique-s-start-motion-newborn-yellow-anacondas-use-escape'] }
                                                  { tag='div', class='field-content', buttons=[text='', url='/research-highlight/collagen-might-be-making-type-2-diabetes-worse-finds-study'] }
                                                      { tag='div', class='res-title', buttons=[text='Collagen might be making type 2 diabetes worse, finds study', url='/research-highlight/collagen-might-be-making-type-2-diabetes-worse-finds-study'] }
                                                  { tag='div', class='field-content', buttons=[text='', url='/research-highlight/iit-bombay-researchers-propose-bottling-sunlight-summers-use-heating-winter'] }
                                                      { tag='div', class='res-title', buttons=[text='IIT Bombay researchers propose bottling sunlight in the summers to use as heating in the winter', url='/research-highlight/iit-bombay-researchers-propose-bottling-sunlight-summers-use-heating-winter'] }
                                                  { tag='div', class='field-content', buttons=[text='', url='/research-highlight/cracks-blood-stains-could-tell-us-how-they-got-there-according-new-study'] }
                                                      { tag='div', class='res-title', buttons=[text='Cracks in blood stains could tell us how they got there, according to a new study', url='/research-highlight/cracks-blood-stains-could-tell-us-how-they-got-there-according-new-study'] }
                                                  { tag='div', class='field-content', buttons=[text='', url='/research-highlight/how-do-cells-decide-which-way-grow-role-invisible-mechanical-cues-tissue'] }
                                                      { tag='div', class='res-title', buttons=[text='How do cells decide which way to grow? The role of invisible mechanical cues in tissue organisation', url='/research-highlight/how-do-cells-decide-which-way-grow-role-invisible-mechanical-cues-tissue'] }
                                                  { tag='div', class='field-content', buttons=[text='', url='/research-highlight/searching-bangs-cosmic-whispers'] }
                                                      { tag='div', class='res-title', buttons=[text='Searching for bangs from cosmic whispers', url='/research-highlight/searching-bangs-cosmic-whispers'] }
                                                  { tag='div', class='field-content', buttons=[text='', url='/research-highlight/pcos-likely-compromise-attention-based-tasks-affected-women'] }
                                                      { tag='div', class='res-title', buttons=[text='PCOS Likely To Compromise Attention-Based Tasks In Affected Women', url='/research-highlight/pcos-likely-compromise-attention-based-tasks-affected-women'] }
                                                  { tag='div', class='field-content', buttons=[text='', url='/research-highlight/understanding-rubcrete-how-waste-tyres-are-making-concrete-tougher-and-greener'] }
                                                      { tag='div', class='res-title', buttons=[text='Understanding RubCrete: How waste tyres are making concrete tougher and greener', url='/research-highlight/understanding-rubcrete-how-waste-tyres-are-making-concrete-tougher-and-greener'] }
                                                  { tag='div', class='field-content', buttons=[text='', url='/research-highlight/study-sheds-light-how-micro-and-nano-plastics-form'] }
                                                      { tag='div', class='res-title', buttons=[text='Study sheds light on how micro and nano plastics form', url='/research-highlight/study-sheds-light-how-micro-and-nano-plastics-form'] }
                                                  { tag='div', class='field-content', buttons=[text='', url='/research-highlight/understanding-impaired-processing-reward-and-motivation-parkinsons-disease'] }
                                                      { tag='div', class='res-title', buttons=[text='Understanding Impaired Processing of Reward and Motivation in Parkinson’s Disease', url='/research-highlight/understanding-impaired-processing-reward-and-motivation-parkinsons-disease'] }
                                                  { tag='div', class='field-content', buttons=[text='', url='/research-highlight/new-research-friction-welding-significantly-improves-weld-just-change-shape'] }
                                                      { tag='div', class='res-title', buttons=[text='New research on friction welding significantly improves the weld with just a change in shape', url='/research-highlight/new-research-friction-welding-significantly-improves-weld-just-change-shape'] }
                                                  { tag='div', class='field-content', buttons=[text='', url='/research-highlight/cells-use-tiny-tweezer-machines-kill-germs'] }
                                                      { tag='div', class='res-title', buttons=[text='Cells use tiny tweezer-like machines to kill germs', url='/research-highlight/cells-use-tiny-tweezer-machines-kill-germs'] }
                                                  { tag='div', class='field-content', buttons=[text='', url='/research-highlight/lotus-leaf-solar-evaporators-saltwater-treatment'] }
                                                      { tag='div', class='res-title', buttons=[text='Lotus leaf-like solar evaporators for saltwater treatment', url='/research-highlight/lotus-leaf-solar-evaporators-saltwater-treatment'] }
                                                  { tag='div', class='field-content', buttons=[text='', url='/research-highlight/hitchhiking-dna-how-tiny-circular-piece-dna-tricks-yeast-survival'] }
                                                      { tag='div', class='res-title', buttons=[text='The hitchhiking DNA: How a tiny circular piece of DNA tricks the yeast for survival', url='/research-highlight/hitchhiking-dna-how-tiny-circular-piece-dna-tricks-yeast-survival'] }
                                                  { tag='div', class='field-content', buttons=[text='', url='/research-highlight/iit-bombays-laser-trick-makes-3d-metal-printing-faster-and-stronger'] }
                                                      { tag='div', class='res-title', buttons=[text='IIT Bombay’s Laser Trick Makes 3D Metal Printing Faster and Stronger', url='/research-highlight/iit-bombays-laser-trick-makes-3d-metal-printing-faster-and-stronger'] }
                                                  { tag='div', class='field-content', buttons=[text='', url='/research-highlight/magnetic-field-regulates-blood-flow-partially-blocked-arteries'] }
                                                      { tag='div', class='res-title', buttons=[text='Magnetic Field Regulates Blood Flow in Partially Blocked Arteries', url='/research-highlight/magnetic-field-regulates-blood-flow-partially-blocked-arteries'] }
                                                  { tag='div', class='field-content', buttons=[text='', url='/research-highlight/how-researchers-are-optimising-indian-railways-without-touching-train-or-track'] }
                                                      { tag='div', class='res-title', buttons=[text='How Researchers Are Optimising Indian Railways—Without Touching Train or Track', url='/research-highlight/how-researchers-are-optimising-indian-railways-without-touching-train-or-track'] }
                                                  { tag='div', class='field-content', buttons=[text='', url='/research-highlight/novel-iit-bombay-paddle-wheels-sensor-detect-heavy-metals-water'] }
                                                      { tag='div', class='res-title', buttons=[text='A novel IIT Bombay “paddle-wheels” sensor to detect heavy metals in water', url='/research-highlight/novel-iit-bombay-paddle-wheels-sensor-detect-heavy-metals-water'] }
                                                  { tag='div', class='field-content', buttons=[text='', url='/research-highlight/study-suggests-strategies-extract-truth-unwilling-senders'] }
                                                      { tag='div', class='res-title', buttons=[text='Study suggests strategies to extract truth from unwilling senders', url='/research-highlight/study-suggests-strategies-extract-truth-unwilling-senders'] }
                                                  { tag='div', class='field-content', buttons=[text='', url='/research-highlight/coastal-vegetation-mitigate-tsunami-and-coastal-flood-impacts'] }
                                                      { tag='div', class='res-title', buttons=[text='Coastal Vegetation to mitigate Tsunami and Coastal Flood Impacts', url='/research-highlight/coastal-vegetation-mitigate-tsunami-and-coastal-flood-impacts'] }
                                                  { tag='div', class='field-content', buttons=[text='', url='/research-highlight/cobalt-based-catalysts-and-more-reducing-carbon-emissions-steel-industry-0'] }
                                                      { tag='div', class='res-title', buttons=[text='Cobalt-based catalysts and more: reducing carbon emissions in steel industry', url='/research-highlight/cobalt-based-catalysts-and-more-reducing-carbon-emissions-steel-industry-0'] }
                                                  { tag='div', class='field-content', buttons=[text='', url='/research-highlight/iit-bombay-researchers-use-new-technique-measure-rate-degradation-coatings-iron'] }
                                                      { tag='div', class='res-title', buttons=[text='IIT Bombay researchers use new technique to measure rate of degradation of coatings on iron', url='/research-highlight/iit-bombay-researchers-use-new-technique-measure-rate-degradation-coatings-iron'] }
                                                  { tag='div', class='field-content', buttons=[text='', url='/research-highlight/natural-disasters-and-climate-change-have-long-term-impact-state-finances'] }
                                                      { tag='div', class='res-title', buttons=[text='Natural Disasters and Climate Change Have a Long-Term Impact on State Finances', url='/research-highlight/natural-disasters-and-climate-change-have-long-term-impact-state-finances'] }
                                                  { tag='div', class='field-content', buttons=[text='', url='/research-highlight/amartya-mukhopadhyay-pioneering-sodium-ion-battery-technology-sustainable-future'] }
                                                      { tag='div', class='res-title', buttons=[text='Amartya Mukhopadhyay: Pioneering Sodium-Ion Battery Technology for a Sustainable Future', url='/research-highlight/amartya-mukhopadhyay-pioneering-sodium-ion-battery-technology-sustainable-future'] }
                                                  { tag='div', class='field-content', buttons=[text='', url='/research-highlight/bacterial-cocktail-farm-soil-clean-pollutants-and-pesticides-and-enhance-crop'] }
                                                      { tag='div', class='res-title', buttons=[text='Bacterial cocktail for farm soil to clean up pollutants and pesticides and enhance crop yield', url='/research-highlight/bacterial-cocktail-farm-soil-clean-pollutants-and-pesticides-and-enhance-crop'] }
                                                  { tag='div', class='field-content', buttons=[text='', url='/research-highlight/needle-free-shock-syringes-painless-medical-treatments'] }
                                                      { tag='div', class='res-title', buttons=[text='Needle-Free Shock Syringes for painless medical treatments', url='/research-highlight/needle-free-shock-syringes-painless-medical-treatments'] }
                                                  { tag='div', class='field-content', buttons=[text='', url='/research-highlight/new-open-source-app-can-track-climate-change-through-lake-water-temperatures'] }
                                                      { tag='div', class='res-title', buttons=[text='New Open-source App can track climate change through lake water temperatures', url='/research-highlight/new-open-source-app-can-track-climate-change-through-lake-water-temperatures'] }
                                                  { tag='div', class='field-content', buttons=[text='', url='/research-highlight/iit-bombays-tara-mobile-app-help-achieve-nationwide-oral-reading-fluency'] }
                                                      { tag='div', class='res-title', buttons=[text='IIT Bombay’s TARA mobile app to help achieve nationwide oral reading fluency', url='/research-highlight/iit-bombays-tara-mobile-app-help-achieve-nationwide-oral-reading-fluency'] }
                                                  { tag='div', class='field-content', buttons=[text='', url='/research-highlight/iit-bombay-team-develops-affordable-portable-water-pollutant-detecting-device'] }
                                                      { tag='div', class='res-title', buttons=[text='IIT Bombay team develops affordable, portable water-pollutant detecting device: AroTrack.', url='/research-highlight/iit-bombay-team-develops-affordable-portable-water-pollutant-detecting-device'] }
                                                  { tag='div', class='field-content', buttons=[text='', url='/research-highlight/green-roofs-can-effectively-reduce-floods-dense-urban-areas-finds-study'] }
                                                      { tag='div', class='res-title', buttons=[text='Green roofs can effectively reduce floods in dense urban areas, finds study', url='/research-highlight/green-roofs-can-effectively-reduce-floods-dense-urban-areas-finds-study'] }
                                                  { tag='div', class='field-content', buttons=[text='', url='/research-highlight/choosing-wall-materials-cooler-homes-using-computational-methods'] }
                                                      { tag='div', class='res-title', buttons=[text='Choosing wall materials for cooler homes using computational methods', url='/research-highlight/choosing-wall-materials-cooler-homes-using-computational-methods'] }
                                                  { tag='div', class='field-content', buttons=[text='', url='/research-highlight/treated-refinery-wastewater-flowing-through-sand-cleans-itself-further-pollutant'] }
                                                      { tag='div', class='res-title', buttons=[text='Treated refinery wastewater flowing through sand, cleans itself further with pollutant-eating bacteria, finds study', url='/research-highlight/treated-refinery-wastewater-flowing-through-sand-cleans-itself-further-pollutant'] }
                                                  { tag='div', class='field-content', buttons=[text='', url='/research-highlight/robots-mimic-animal-homing-scientists-uncover-how-animals-find-their-way-back'] }
                                                      { tag='div', class='res-title', buttons=[text='Robots Mimic Animal Homing: Scientists uncover how animals find their way back home', url='/research-highlight/robots-mimic-animal-homing-scientists-uncover-how-animals-find-their-way-back'] }
                                                  { tag='div', class='field-content', buttons=[text='', url='/research-highlight/unravelling-sands-time-exploring-mesozoic-sands-saurashtra-basin'] }
                                                      { tag='div', class='res-title', buttons=[text='Unravelling the Sands of Time: Exploring the Mesozoic Sands of Saurashtra Basin', url='/research-highlight/unravelling-sands-time-exploring-mesozoic-sands-saurashtra-basin'] }
                                                  { tag='div', class='field-content', buttons=[text='', url='/research-highlight/super-emitters-road-need-comprehensive-review-vehicular-regulations'] }
                                                      { tag='div', class='res-title', buttons=[text='Super-emitters on the road- A need for a comprehensive review of vehicular regulations', url='/research-highlight/super-emitters-road-need-comprehensive-review-vehicular-regulations'] }
                                                  { tag='div', class='field-content', buttons=[text='', url='/research-highlight/iit-bombay-develops-method-finding-optimum-size-fuel-cell-electric-vehicle'] }
                                                      { tag='div', class='res-title', buttons=[text='IIT Bombay develops a method for finding the optimum size for Fuel Cell Electric Vehicle components', url='/research-highlight/iit-bombay-develops-method-finding-optimum-size-fuel-cell-electric-vehicle'] }
                                                  { tag='div', class='field-content', buttons=[text='', url='/research-highlight/researchers-iit-bombay-harness-power-silicon-nitride-optimize-photonic'] }
                                                      { tag='div', class='res-title', buttons=[text='Researchers from IIT Bombay harness the power of Silicon Nitride to optimize photonic technology', url='/research-highlight/researchers-iit-bombay-harness-power-silicon-nitride-optimize-photonic'] }
                                                  { tag='div', class='field-content', buttons=[text='', url='/research-highlight/much-needed-analytical-study-more-sustainable-waste-disposal-healthcare-sector'] }
                                                      { tag='div', class='res-title', buttons=[text='A much needed analytical study for a more sustainable waste disposal in the healthcare sector in India', url='/research-highlight/much-needed-analytical-study-more-sustainable-waste-disposal-healthcare-sector'] }
                                                  { tag='div', class='field-content', buttons=[text='', url='/research-highlight/cooler-alternative-cool-supercomputers'] }
                                                      { tag='div', class='res-title', buttons=[text='A 'Cooler' Alternative to Cool Supercomputers', url='/research-highlight/cooler-alternative-cool-supercomputers'] }
                                                  { tag='div', class='field-content', buttons=[text='', url='/research-highlight/study-reveals-how-new-species-evolve-without-geographic-barriers'] }
                                                      { tag='div', class='res-title', buttons=[text='Study reveals how new species evolve without geographic barriers', url='/research-highlight/study-reveals-how-new-species-evolve-without-geographic-barriers'] }
                                                  { tag='div', class='field-content', buttons=[text='', url='/research-highlight/new-iit-bombay-study-could-help-improve-cooperation-amongst-robots'] }
                                                      { tag='div', class='res-title', buttons=[text='New IIT Bombay study could help improve cooperation amongst robots', url='/research-highlight/new-iit-bombay-study-could-help-improve-cooperation-amongst-robots'] }
                                                  { tag='div', class='field-content', buttons=[text='', url='/research-highlight/mimicking-locust-brains-scientists-develop-low-power-artificial-neurons-capable'] }
                                                      { tag='div', class='res-title', buttons=[text='Mimicking locust brains: scientists develop low-power artificial neurons capable of obstacle detection', url='/research-highlight/mimicking-locust-brains-scientists-develop-low-power-artificial-neurons-capable'] }
                                                  { tag='div', class='field-content', buttons=[text='', url='/research-highlight/strain-resistant-buckled-xenes-show-promise-flexible-electronics'] }
                                                      { tag='div', class='res-title', buttons=[text='Strain-Resistant ‘Buckled Xenes’ Show Promise in Flexible Electronics', url='/research-highlight/strain-resistant-buckled-xenes-show-promise-flexible-electronics'] }
                                                  { tag='div', class='field-content', buttons=[text='', url='/research-highlight/blood-proteins-detect-brain-tumours'] }
                                                      { tag='div', class='res-title', buttons=[text='Blood Proteins to detect Brain Tumours', url='/research-highlight/blood-proteins-detect-brain-tumours'] }
                                                  { tag='div', class='field-content', buttons=[text='', url='/research-highlight/walking-towards-solution-early-parkinsons-detection'] }
                                                      { tag='div', class='res-title', buttons=[text='Walking towards a solution for early Parkinson's detection', url='/research-highlight/walking-towards-solution-early-parkinsons-detection'] }
                                                  { tag='div', class='field-content', buttons=[text='', url='/research-highlight/iit-bombays-new-thermally-insulating-coating-material-shows-record-heat'] }
                                                      { tag='div', class='res-title', buttons=[text='IIT Bombay’s new thermally insulating coating material shows record heat shielding', url='/research-highlight/iit-bombays-new-thermally-insulating-coating-material-shows-record-heat'] }
                                                  { tag='div', class='field-content', buttons=[text='', url='/research-highlight/harnessing-power-defects-improve-metallic-alloys-0'] }
                                                      { tag='div', class='res-title', buttons=[text='Harnessing the power of defects to improve metallic alloys', url='/research-highlight/harnessing-power-defects-improve-metallic-alloys-0'] }
                                                  { tag='div', class='field-content', buttons=[text='', url='/research-highlight/lipid-travel-diary'] }
                                                      { tag='div', class='res-title', buttons=[text='The Lipid Travel Diary', url='/research-highlight/lipid-travel-diary'] }
                                                  { tag='div', class='field-content', buttons=[text='', url='/research-highlight/coming-soon-tabletop-chiral-attosecond-laser'] }
                                                      { tag='div', class='res-title', buttons=[text='Coming Soon: A Tabletop Chiral Attosecond Laser', url='/research-highlight/coming-soon-tabletop-chiral-attosecond-laser'] }
                                                  { tag='div', class='field-content', buttons=[text='', url='/research-highlight/scientists-iit-bombay-develop-new-technique-offers-insights-interfacial'] }
                                                      { tag='div', class='res-title', buttons=[text='Scientists at IIT Bombay develop new technique that offers insights into interfacial reactions', url='/research-highlight/scientists-iit-bombay-develop-new-technique-offers-insights-interfacial'] }
                                                  { tag='div', class='field-content', buttons=[text='', url='/research-highlight/harnessing-power-defects-improve-metallic-alloys'] }
                                                      { tag='div', class='res-title', buttons=[text='Harnessing the power of defects to improve metallic alloys', url='/research-highlight/harnessing-power-defects-improve-metallic-alloys'] }
                                                { tag='div', class='view-all', buttons=[text='View More', url='https://rnd.iitb.ac.in/glimpses'] }
                      { tag='div', class='views-element-container block block-views block-views-blockannouncements-block-2', buttons=[text='Events Ministry Of Education', url=''] }
                                                    { tag='div', buttons=[text='Celebration of 79th Independence Day and Har Ghar Tiranga', url='https://www.iitb.ac.in/celebration-79th-independence-day-and-har-ghar-tiranga'] }
                                                    { tag='div', buttons=[text='Partition Horrors Remembrance Day', url='https://www.iitb.ac.in/partition-horrors-remembrance-day'] }
                                                    { tag='div', buttons=[text='International Yoga Day', url='https://www.iitb.ac.in/international-day-yoga'] }
                                                    { tag='div', buttons=[text='National Education Day Programme and National Education Policy (NEP)', url='https://www.iitb.ac.in/national-education-policy-2020'] }
                                                    { tag='div', buttons=[text='Swachhata Pakhwada - Special Campaign 3', url='node/2713'] }
                                                    { tag='div', buttons=[text='Constitution Day', url='node/101'] }
                                              { tag='div', class='view-more', buttons=[text='More', url='/events-ministry-education'] }
                      { tag='div', class='views-element-container block block-views block-views-blockannouncements-block-3', buttons=[text='Government Updates', url=''] }
                                                    { tag='div', buttons=[text='National Institutional Ranking Framework (NIRF)', url='node/92'] }
                                                    { tag='div', buttons=[text='Cybercrimes Security', url='node/139'] }
                                                    { tag='div', buttons=[text='Atal Ranking of Institutions on Innovation Achievements', url='node/130'] }
                                              { tag='div', class='view-more', buttons=[text='More', url='/govt-updates'] }
                                            { tag='div', class='stat-item', buttons=[text='Faculty*', url=''] }
                                            { tag='div', class='stat-item', buttons=[text='Students', url=''] }
                                            { tag='div', class='stat-item', buttons=[text='Publications', url=''] }
                                            { tag='div', class='stat-item', buttons=[text='Patents*', url=''] }
                                            { tag='div', class='stat-item', buttons=[text='Projects*', url=''] }
                    { tag='nav', class='block block-menu navigation menu--footer', buttons=[text='Footer', url=''] }
                        { tag='li', class='nav-item', buttons=[text='RTI', url='/resources/rti'] }
                        { tag='li', class='nav-item', buttons=[text='Credits and disclaimer', url='/credits-disclaimer'] }
                        { tag='li', class='nav-item', buttons=[text='Feedback form', url='https://docs.google.com/forms/d/e/1FAIpQLSdgoE0du0gM5BZOzTbNdvNtAaxYWgmY-3zEWrBYNUZq0TvCxg/viewform'] }
                        { tag='li', class='nav-item', buttons=[text='Old website', url='https://version2024.iitb.ac.in/'] }
                          { tag='li', buttons=[text='', url='https://www.youtube.com//c/IITBombayOfficialChannel'] }
                          { tag='li', buttons=[text='', url='https://www.linkedin.com/school/indian-institute-of-technology-bombay/'] }
                          { tag='li', buttons=[text='', url='https://www.twitter.com/iitbombay'] }
                          { tag='li', buttons=[text='', url='https://www.facebook.com/iitbombay'] }
