              { tag='div', class='container-fluid container', buttons=[text='Staff intranet', url='https://www.aut.ac.nz/staff-intranet', text='My AUT', url='https://my.aut.ac.nz'] }
              { tag='div', class='clearfix headerBtns', buttons=[text='Apply', url='https://apply.aut.ac.nz', text='Enquire', url=''] }
              { tag='div', class='container-fluid container', buttons=[text='AUT', url='https://www.aut.ac.nz'] }
                        { tag='li', buttons=[text='AkoStudy', url='https://www.aut.ac.nz/study'] }
                                  { tag='li', buttons=[text='Study options', url='https://www.aut.ac.nz/study/study-options'] }
                                  { tag='li', buttons=[text='Why study at AUT?', url='https://www.aut.ac.nz/study/why-study-at-aut'] }
                                  { tag='li', buttons=[text='Applying', url='https://www.aut.ac.nz/study/applying'] }
                                  { tag='li', buttons=[text='Entry requirements', url='https://www.aut.ac.nz/study/entry-requirements'] }
                                  { tag='li', buttons=[text='Fees and scholarships', url='https://www.aut.ac.nz/study/fees-and-scholarships'] }
                                  { tag='li', buttons=[text='Information for school leavers', url='https://www.aut.ac.nz/study/information-for-school-leavers'] }
                                  { tag='li', buttons=[text='Information for career advisors', url='https://www.aut.ac.nz/study/careers-advisors'] }
                                  { tag='li', buttons=[text='Information for parents and whānau', url='https://www.aut.ac.nz/study/parents'] }
                                  { tag='li', buttons=[text='Information for adult learners', url='https://www.aut.ac.nz/study/returning-to-study-information-for-adult-students'] }
                                  { tag='li', buttons=[text='Semester dates', url='https://www.aut.ac.nz/study/semester-dates'] }
                                { tag='p', buttons=[text='', url='https://www.aut.ac.nz/research/postgraduate-study-and-research?utm_source=aut-website&utm_medium=study-dropdown-banner&utm_campaign=bms-postgraduate-always-on-2025&utm_content=generic'] }
                                { tag='p', buttons=[text='Find out more', url='https://www.aut.ac.nz/research/postgraduate-study-and-research?utm_source=aut-website&utm_medium=study-dropdown-link&utm_campaign=bms-postgraduate-always-on-2025&utm_content=generic'] }
                        { tag='li', buttons=[text='TāwāhiInternational', url='https://www.aut.ac.nz/international'] }
                                  { tag='li', buttons=[text='Study options for international students', url='https://www.aut.ac.nz/international/study-options-for-international-students'] }
                                  { tag='li', buttons=[text='Why study at AUT as an international student', url='https://www.aut.ac.nz/international/why-study-at-aut-as-an-international-student'] }
                                  { tag='li', buttons=[text='International student support', url='https://www.aut.ac.nz/international/international-student-support'] }
                                  { tag='li', buttons=[text='Check before you come to New Zealand', url='https://www.aut.ac.nz/international/check-before-you-come-to-new-zealand'] }
                                  { tag='li', buttons=[text='Meet AUT in your country', url='https://www.aut.ac.nz/international/meet-aut-in-your-country'] }
                                  { tag='li', buttons=[text='International agents', url='https://www.aut.ac.nz/international/find-an-international-agent'] }
                                  { tag='li', buttons=[text='Contact us', url='https://www.aut.ac.nz/international/contact-us'] }
                                  { tag='li', buttons=[text='AUT’s international relationships', url='https://www.aut.ac.nz/international/auts-international-relationships'] }
                                  { tag='li', buttons=[text='AUT China Website - 奥克兰理工大学中文官方网站', url='https://www.aut.ac.nz/international/aut-china-website-'] }
                                  { tag='p', buttons=[text='', url='https://www.aut.ac.nz/international/international-student-support'] }
                                  { tag='p', buttons=[text='Find out more', url='https://www.aut.ac.nz/international/international-student-support'] }
                        { tag='li', buttons=[text='Oranga TauiraStudent Life', url='https://www.aut.ac.nz/student-life'] }
                                  { tag='li', buttons=[text='New students', url='https://www.aut.ac.nz/student-life/new-students'] }
                                  { tag='li', buttons=[text='Around campus', url='https://www.aut.ac.nz/student-life/around-campus'] }
                                  { tag='li', buttons=[text='Accommodation', url='https://www.aut.ac.nz/student-life/accommodation'] }
                                  { tag='li', buttons=[text='Studying & IT', url='https://www.aut.ac.nz/student-life/studying'] }
                                  { tag='li', buttons=[text='Support services', url='https://www.aut.ac.nz/student-life/support-services'] }
                                  { tag='li', buttons=[text='Student health and wellbeing', url='https://www.aut.ac.nz/student-life/student-health-and-wellbeing'] }
                                  { tag='li', buttons=[text='Opportunities & careers', url='https://www.aut.ac.nz/student-life/opportunities-and-careers'] }
                                  { tag='li', buttons=[text='Graduation', url='https://www.aut.ac.nz/student-life/graduation'] }
                                  { tag='li', buttons=[text='Life in Auckland', url='https://www.aut.ac.nz/student-life/life-in-auckland'] }
                                  { tag='li', buttons=[text='AUTSA - AUT student association', url='https://www.aut.ac.nz/student-life/autsa-aut-student-association'] }
                                { tag='p', buttons=[text='', url='https://www.aut.ac.nz/student-life/support-services/student-hub/financial-support'] }
                                { tag='p', buttons=[text='Find out more', url='https://www.aut.ac.nz/student-life/support-services/student-hub/financial-support'] }
                        { tag='li', buttons=[text='RangahauResearch', url='https://www.aut.ac.nz/research'] }
                                  { tag='li', buttons=[text='Research institutes, centres and networks', url='https://www.aut.ac.nz/research/research-institutes-centres-and-networks'] }
                                  { tag='li', buttons=[text='Academic departments', url='https://www.aut.ac.nz/research/academic-departments'] }
                                  { tag='li', buttons=[text='Postgraduate study options', url='https://www.aut.ac.nz/research/postgraduate-study-and-research'] }
                                  { tag='li', buttons=[text='Postgraduate research student support', url='https://www.aut.ac.nz/research/postgraduate-student-support'] }
                                  { tag='li', buttons=[text='Graduate Research School', url='https://www.aut.ac.nz/research/graduate-research-school'] }
                                  { tag='li', buttons=[text='AUT Research Office', url='https://www.aut.ac.nz/research/aut-research-office'] }
                                  { tag='li', buttons=[text='Faculty research contacts', url='https://www.aut.ac.nz/research/faculty-research-contacts'] }
                                  { tag='li', buttons=[text='Research and development services', url='https://www.aut.ac.nz/research/research-and-development-services'] }
                                  { tag='li', buttons=[text='Participate in AUT research', url='https://www.aut.ac.nz/research/participate-in-aut-research'] }
                                  { tag='li', buttons=[text='Research ethics', url='https://www.aut.ac.nz/research/researchethics'] }
                                  { tag='li', buttons=[text='Research Week', url='https://www.aut.ac.nz/research/research-week'] }
                                { tag='p', buttons=[text='', url='https://www.aut.ac.nz/research/research-institutes-centres-and-networks'] }
                                { tag='p', buttons=[text='Research institutes and centres', url='https://www.aut.ac.nz/research/research-institutes-centres-and-networks'] }
                        { tag='li', buttons=[text='Ākonga o MuaAlumni', url='https://www.aut.ac.nz/alumni'] }
                                  { tag='li', buttons=[text='News', url='https://www.aut.ac.nz/alumni/news'] }
                                  { tag='li', buttons=[text='Events', url='https://www.aut.ac.nz/alumni/events'] }
                                  { tag='li', buttons=[text='Great graduates', url='https://www.aut.ac.nz/alumni/featured-aut-graduates'] }
                                  { tag='li', buttons=[text='Benefits for alumni', url='https://www.aut.ac.nz/alumni/benefits'] }
                                  { tag='li', buttons=[text='Update your details', url='https://www.aut.ac.nz/alumni/update-your-details'] }
                                  { tag='li', buttons=[text='Stay involved with AUT', url='https://www.aut.ac.nz/alumni/stay-involved-with-aut'] }
                                  { tag='li', buttons=[text='Giving to AUT', url='https://www.aut.ac.nz/alumni/giving-to-aut'] }
                                  { tag='li', buttons=[text='Beta Gamma Sigma', url='https://www.aut.ac.nz/alumni/beta-gamma-sigma'] }
                                  { tag='li', buttons=[text='Celebrating the Olympics', url='https://www.aut.ac.nz/alumni/olympics'] }
                                  { tag='li', buttons=[text='Honorary degrees and awards', url='https://www.aut.ac.nz/alumni/honorary-degrees-and-awards'] }
                                { tag='p', buttons=[text='', url='https://www.aut.ac.nz/industry-and-employers/giving-to-aut/ways-to-give-to-aut/aut-student-support-fund'] }
                                { tag='p', buttons=[text='Read more', url='https://www.aut.ac.nz/industry-and-employers/giving-to-aut/ways-to-give-to-aut/aut-student-support-fund'] }
                        { tag='li', buttons=[text='Ahumahi me ngā Kaiwhakawhiwhi MahiIndustry & employers', url='https://www.aut.ac.nz/industry-and-employers'] }
                                  { tag='li', buttons=[text='Employ a student or graduate: find AUT talent for your business', url='https://www.aut.ac.nz/industry-and-employers/employ-students-or-graduates'] }
                                  { tag='li', buttons=[text='Research and development services', url='https://www.aut.ac.nz/industry-and-employers/research-and-development-services'] }
                                  { tag='li', buttons=[text='Promote your business on campus: employer and industry events', url='https://www.aut.ac.nz/industry-and-employers/promote-your-business-on-campus-take-part-in-employability-events'] }
                                  { tag='li', buttons=[text='Use AUT's research facilities and equipment', url='https://www.aut.ac.nz/industry-and-employers/book-a-venue-or-facility'] }
                                  { tag='li', buttons=[text='AUT Ventures (research commercialisation)', url='https://www.aut.ac.nz/industry-and-employers/aut-ventures'] }
                                  { tag='li', buttons=[text='Giving to AUT', url='https://www.aut.ac.nz/industry-and-employers/giving-to-aut'] }
                                { tag='p', buttons=[text='', url='https://www.aut.ac.nz/industry-and-employers/employ-students-or-graduates'] }
                                { tag='p', buttons=[text='Find out more', url='https://www.aut.ac.nz/industry-and-employers/employ-students-or-graduates'] }
                        { tag='li', buttons=[text='Mō MātouAbout', url='https://www.aut.ac.nz/about'] }
                                  { tag='li', buttons=[text='AUT’s leadership', url='https://www.aut.ac.nz/about/auts-leadership'] }
                                  { tag='li', buttons=[text='Faculties and schools', url='https://www.aut.ac.nz/about/faculties-and-schools'] }
                                  { tag='li', buttons=[text='Campuses and locations', url='https://www.aut.ac.nz/about/campuses-and-locations'] }
                                  { tag='li', buttons=[text='Teaching, learning and assessment', url='https://www.aut.ac.nz/about/teaching-learning-and-assessment'] }
                                  { tag='li', buttons=[text='AUT rankings', url='https://www.aut.ac.nz/about/rankings-and-accreditation'] }
                                  { tag='li', buttons=[text='AUT Impact', url='https://www.aut.ac.nz/about/aut-impact'] }
                                  { tag='li', buttons=[text='AI at AUT', url='https://www.aut.ac.nz/about/ai-at-aut'] }
                                  { tag='li', buttons=[text='Sustainability', url='https://www.aut.ac.nz/about/sustainability-environmental-and-social-responsibility'] }
                                  { tag='li', buttons=[text='Disability Action Plan', url='https://www.aut.ac.nz/about/disability-action-plan'] }
                                  { tag='li', buttons=[text='Māori at AUT', url='https://www.aut.ac.nz/about/maori'] }
                                  { tag='li', buttons=[text='Pacific at AUT', url='https://www.aut.ac.nz/about/pacific'] }
                                  { tag='li', buttons=[text='Jobs at AUT', url='https://www.aut.ac.nz/about/careers-at-aut'] }
                                  { tag='li', buttons=[text='Public facilities', url='https://www.aut.ac.nz/about/public-facilities'] }
                                  { tag='li', buttons=[text='Check a graduate’s qualification', url='https://www.aut.ac.nz/about/search-for-graduates'] }
                                  { tag='li', buttons=[text='Policy hub', url='https://www.aut.ac.nz/about/policy-hub'] }
                                  { tag='li', buttons=[text='History of AUT', url='https://www.aut.ac.nz/about/our-history'] }
                                  { tag='li', buttons=[text='Contact AUT', url='https://www.aut.ac.nz/about/contact-details'] }
                        { tag='li', buttons=[text='AkoStudy', url='https://www.aut.ac.nz/study'] }
                        { tag='li', buttons=[text='TāwāhiInternational', url='https://www.aut.ac.nz/international'] }
                        { tag='li', buttons=[text='Oranga TauiraStudent Life', url='https://www.aut.ac.nz/student-life'] }
                        { tag='li', buttons=[text='RangahauResearch', url='https://www.aut.ac.nz/research'] }
                        { tag='li', buttons=[text='Ākonga o MuaAlumni', url='https://www.aut.ac.nz/alumni'] }
                        { tag='li', buttons=[text='Ahumahi me ngā Kaiwhakawhiwhi MahiIndustry & employers', url='https://www.aut.ac.nz/industry-and-employers'] }
                        { tag='li', buttons=[text='Mō MātouAbout', url='https://www.aut.ac.nz/about'] }
                          { tag='div', class='clearfix', buttons=[text='Apply', url='https://apply.aut.ac.nz', text='Enquire', url=''] }
                          { tag='div', class='clearfix', buttons=[text='MyAUT', url='https://my.aut.ac.nz', text='Staff intranet', url='https://auti.aut.ac.nz/'] }
            { tag='div', class='mobileHero', buttons=[text='', url='https://www.aut.ac.nz/student-life/accommodation/te-ahuru-mayoral-drive-student-accommodation-city-campus'] }
              { tag='div', class='hero angled-bottom-left', buttons=[text='BannerDesktop', url='https://www.aut.ac.nz/student-life/accommodation/te-ahuru-mayoral-drive-student-accommodation-city-campus'] }
                { tag='div', class='towerBanner splitTowerBanner', buttons=[text='', url='https://www.aut.ac.nz/research/postgraduate-study-and-research?utm_source=aut-website-homepage-default&utm_medium=spotlight-banner-square&utm_campaign=bms-webteam-analytics&utm_content=bms-postgraduate-always-on-2025', text='', url='https://www.aut.ac.nz/find-your-greatness-undergraduate?utm_source=aut-website&utm_medium=spotlight-banner-square&utm_campaign=bms-undergraduate-always-on-2025&utm_content=default-view'] }
                { tag='div', class='itemInner', buttons=[text='Find your course', url=''] }
                                        { tag='li', buttons=[text='Architecture and built environment', url='https://www.aut.ac.nz/study/study-options/architecture-and-built-environment'] }
                                        { tag='li', buttons=[text='Art and design', url='https://www.aut.ac.nz/study/study-options/art-and-design'] }
                                        { tag='li', buttons=[text='Business', url='https://www.aut.ac.nz/study/study-options/business'] }
                                        { tag='li', buttons=[text='Communication studies', url='https://www.aut.ac.nz/study/study-options/communication-studies'] }
                                        { tag='li', buttons=[text='Creative technologies', url='https://www.aut.ac.nz/study/study-options/creative-technologies'] }
                                        { tag='li', buttons=[text='Education', url='https://www.aut.ac.nz/study/study-options/education'] }
                                        { tag='li', buttons=[text='Engineering, computer and mathematical sciences', url='https://www.aut.ac.nz/study/study-options/engineering-computer-and-mathematical-sciences'] }
                                        { tag='li', buttons=[text='Health sciences', url='https://www.aut.ac.nz/study/study-options/health-sciences'] }
                                        { tag='li', buttons=[text='Hospitality, tourism and events', url='https://www.aut.ac.nz/study/study-options/hospitality-tourism-and-events'] }
                                        { tag='li', buttons=[text='Language and culture', url='https://www.aut.ac.nz/study/study-options/language-and-culture'] }
                                        { tag='li', buttons=[text='Law', url='https://www.aut.ac.nz/study/study-options/law'] }
                                        { tag='li', buttons=[text='Science', url='https://www.aut.ac.nz/study/study-options/science'] }
                                        { tag='li', buttons=[text='Social sciences and public policy', url='https://www.aut.ac.nz/study/study-options/social-sciences-and-public-policy'] }
                                        { tag='li', buttons=[text='Sport and recreation', url='https://www.aut.ac.nz/study/study-options/sport-and-recreation'] }
                                        { tag='li', buttons=[text='Te Ara Poutama: Māori and indigenous development', url='https://www.aut.ac.nz/study/study-options/maori-and-indigenous-development'] }
                                        { tag='li', buttons=[text='Postgraduate programmes', url='https://www.aut.ac.nz/research/postgraduate-study-and-research/courses?campus=Postgraduate'] }
                                        { tag='li', buttons=[text='Online courses: AUT Online', url='https://online.aut.ac.nz'] }
                                { tag='form', class='mb-30', buttons=[text='Search', url='https://www.aut.ac.nz/s/search.html?'] }
                                    { tag='div', class='mb-10', buttons=[text='Search', url='https://www.aut.ac.nz/s/search.html?'] }
                { tag='div', class='itemInner', buttons=[text='Scholarships and fees', url=''] }
                              { tag='div', class='contentPanel', buttons=[text='Scholarships and awards', url='https://www.aut.ac.nz/study/fees-and-scholarships/scholarships-and-awards-at-aut'] }
                                { tag='div', class='textArea', buttons=[text='StudyLink website', url='https://www.studylink.govt.nz/'] }
                                  { tag='div', class='mb-30', buttons=[text='Fees info', url='https://www.aut.ac.nz/study/fees-and-scholarships/fees-to-study-at-aut'] }
                { tag='div', class='itemInner', buttons=[text='Why study at AUT?', url=''] }
                              { tag='div', class='contentPanel', buttons=[text='Why study at AUT?', url='https://www.aut.ac.nz/study/why-study-at-aut'] }
                                    { tag='div', class='clearfix', buttons=[text='Explore', url='https://www.aut.ac.nz/alumni/featured-aut-graduates'] }
                { tag='div', class='itemInner', buttons=[text='Ready to join us?', url=''] }
                            { tag='div', class='col-sm-3 linkBlock', buttons=[text='How to apply', url='https://www.aut.ac.nz/study/applying'] }
                            { tag='div', class='col-sm-3 linkBlock', buttons=[text='International students', url='https://www.aut.ac.nz/international'] }
                            { tag='div', class='col-sm-3 linkBlock', buttons=[text='Entry requirements', url='https://www.aut.ac.nz/study/entry-requirements'] }
                            { tag='div', class='col-sm-3 linkBlock', buttons=[text='Apply online now', url='https://apply.aut.ac.nz'] }
                { tag='div', class='itemInner', buttons=[text='Campuses and accommodation', url=''] }
                                        { tag='p', class='mapLink', buttons=[text='Campus details', url='https://www.aut.ac.nz/about/campuses-and-locations/city-campus'] }
                                        { tag='p', class='mapLink', buttons=[text='Campus details', url='https://www.aut.ac.nz/about/campuses-and-locations/north-campus'] }
                                        { tag='p', class='mapLink', buttons=[text='Campus details', url='https://www.aut.ac.nz/about/campuses-and-locations/south-campus'] }
                                { tag='div', class='mb-30', buttons=[text='accommodation', url='https://www.aut.ac.nz/student-life/accommodation'] }
                                { tag='p', buttons=[text='Find out more', url='https://www.aut.ac.nz/student-life/accommodation/te-ahuru-mayoral-drive-student-accommodation-city-campus'] }
                { tag='div', class='itemInner', buttons=[text='News and events', url=''] }
                              { tag='div', class='contentPanel autoHeight', buttons=[text='More news', url='https://www.aut.ac.nz/news'] }
                                      { tag='div', class='mainTitle', buttons=[text='GDI 2025 Conference in December', url='https://www.aut.ac.nz/news/stories/gdi-2025-conference-in-december'] }
                                        { tag='div', class='secondaryTitle', buttons=[text='AUT sponsors GEN NZ Unconference', url='https://www.aut.ac.nz/news/stories/aut-sponsors-gen-nz-unconference'] }
                                        { tag='div', class='secondaryTitle', buttons=[text='Papua New Guinea Pidgin Language Week', url='https://www.aut.ac.nz/news/stories/papua-new-guinea-pidgin-language-week'] }
                              { tag='div', class='contentPanel fullBg autoHeight', buttons=[text='More events', url='https://www.aut.ac.nz/events'] }
                                      { tag='div', class='secondaryTitle', buttons=[text='Latin America and Spain Film Festival 2025', url='https://www.aut.ac.nz/events/latin-america-and-spain-film-festival-2025'] }
                                      { tag='div', class='secondaryTitle', buttons=[text='Changemakers in Māori and Pacific Economies - A kōrero/talanoa with our peers', url='https://www.aut.ac.nz/events/changemakers-in-maori-and-pacific-economies-a-korerotalanoa-with-our-peers'] }
                                      { tag='div', class='secondaryTitle', buttons=[text='Interview with Roger Gray, CEO of Port of Auckland', url='https://www.aut.ac.nz/events/interview-with-roger-gray,-ceo-of-port-of-auckland'] }
                                      { tag='div', class='secondaryTitle', buttons=[text='Aotearoa Business and Economics Research Translation Competition 2025', url='https://www.aut.ac.nz/events/aotearoa-business-and-economics-research-translation-competition-2025'] }
      { tag='div', buttons=[text='I accept', url=''] }
        { tag='p', buttons=[text='Learn more.', url='https://www.aut.ac.nz/privacy/web-privacy-and-security-statement/cookies'] }
              { tag='div', class='clearfix', buttons=[text='Facebook', url='//www.aut.ac.nz/facebook', text='LinkedIn', url='//www.linkedin.com/edu/school?id=15502', text='TikTok', url='//www.tiktok.com/@autuni', text='Douyin', url='//www.douyin.com/user/MS4wLjABAAAABS9oVd2BDUaSg6rAu-7_Yahuo1-IWedv6q6-skHVGAPAE20tobCAbwfy17EWDR6a', text='Youtube', url='//www.aut.ac.nz/youtube', text='Instagram', url='//www.aut.ac.nz/instagram', text='WeChat', url='//www.aut.ac.nz/wechat', text='Weibo', url='//weibo.com/AUTNewZealand', text='XiaoHongShu', url='//www.xiaohongshu.com/user/profile/65426b57000000000400809b?xsec_token=ABE1l2G32P5oW_-VdSIhSwsADXaQ0iXiLkDkclXfP0Rmg=&xsec_source=pc_note'] }
              { tag='p', buttons=[text='0800 AUT UNI (0800 288 864)', url='tel:0800-288-864'] }
              { tag='p', buttons=[text='+64 9 921 9999', url='tel:+64 9 921 9999'] }
              { tag='p', buttons=[text='Contact us online', url='https://www.aut.ac.nz/enquiry/panel?sid=9507'] }
              { tag='p', buttons=[text='Campus map', url='https://www.aut.ac.nz/__data/assets/pdf_file/0011/118919/AUT-campus-map-city.pdf'] }
              { tag='p', buttons=[text='Campus map', url='https://www.aut.ac.nz/__data/assets/pdf_file/0006/118905/AUT-campus-map-north.pdf'] }
              { tag='p', buttons=[text='Campus map', url='https://www.aut.ac.nz/__data/assets/pdf_file/0008/118925/AUT-campus-map-south.pdf'] }
              { tag='li', buttons=[text='Arion', url='https://arion.aut.ac.nz'] }
              { tag='li', buttons=[text='My AUT', url='https://my.aut.ac.nz/'] }
              { tag='li', buttons=[text='Canvas', url='https://canvas.aut.ac.nz/'] }
              { tag='li', buttons=[text='Library', url='https://library.aut.ac.nz/'] }
              { tag='li', class='lastChild', buttons=[text='Careers', url='https://www.aut.ac.nz/about/careers-at-aut'] }
              { tag='li', buttons=[text='Copyright', url='https://www.aut.ac.nz/copyright'] }
              { tag='li', buttons=[text='Privacy', url='https://www.aut.ac.nz/privacy'] }
              { tag='li', buttons=[text='Site map', url='https://www.aut.ac.nz/site-map'] }
              { tag='li', class='lastChild', buttons=[text='Student feedback: complaints, suggestions and compliments', url='https://www.aut.ac.nz/student-life/student-feedback-compliments,-concerns-and-complaints'] }
        { tag='fieldset', buttons=[text='Search', url='//www.aut.ac.nz/s/search.html?'] }
      { tag='form', class='hide', buttons=[text='Search', url='//academics.aut.ac.nz/search?by=text&type=user'] }
