              { tag='div', class='transversal-nav-nojs-module--dropdownHeader--46992', buttons=[text='English', url='/en/'] }
                    { tag='li', class='transversal-nav-nojs-module--list--230c7 transversal-nav-nojs-module--dropdownCategories--b8758', buttons=[text='VOUS ÊTES...CandidatÉtudiantEnseignantChercheurEntrepriseAlumni / donateurJournalisteProfessionnelSalarié', url='', text='RESSOURCESBibliothèquePédagogique et numériquesUsages numériquesPodcasts', url='', text='ACTUALITÉSConférence : décryptages et analysesToute l'actualité de sciences po', url='', text='ÉVÉNEMENTS', url='', text='EXECUTIVE EDUCATION', url='', text='NOUS SOUTENIR', url=''] }
                    { tag='li', buttons=[text='Candidat', url='https://www.sciencespo.fr/fr/formations/en-un-coup-doeil-formations/'] }
                    { tag='li', buttons=[text='Étudiant', url='https://www.sciencespo.fr/students/fr/'] }
                    { tag='li', buttons=[text='Enseignant', url='https://www.sciencespo.fr/enseignants/fr/'] }
                    { tag='li', buttons=[text='Chercheur', url='https://www.sciencespo.fr/recherche/fr/'] }
                    { tag='li', buttons=[text='Entreprise', url='https://www.sciencespo.fr/fr/vous-etes-entreprise/'] }
                    { tag='li', buttons=[text='Alumni / donateur', url='https://www.sciencespo.fr/fr/alumni-donateurs/'] }
                    { tag='li', buttons=[text='Journaliste', url='https://newsroom.sciencespo.fr/'] }
                    { tag='li', buttons=[text='Professionnel', url='https://www.sciencespo.fr/executive-education/fr/'] }
                    { tag='li', buttons=[text='Salarié', url='https://intranet.sciencespo.fr/bienvenue/'] }
                    { tag='li', buttons=[text='Bibliothèque', url='https://www.sciencespo.fr/bibliotheque/'] }
                    { tag='li', buttons=[text='Pédagogique et numériques', url='https://www.sciencespo.fr/fr/vie-a-sciences-po/campus-numerique/'] }
                    { tag='li', buttons=[text='Usages numériques', url='https://www.sciencespo.fr/usages-numeriques/fr/'] }
                    { tag='li', buttons=[text='Podcasts', url='https://www.sciencespo.fr/fr/podcasts/'] }
                    { tag='li', buttons=[text='Conférence : décryptages et analyses', url='https://conference.sciencespo.fr/'] }
                    { tag='li', buttons=[text='Toute l'actualité de sciences po', url='https://www.sciencespo.fr/fr/actualites/'] }
                    { tag='button', class='transversal-nav-nojs-module--dropdownCategory--a48e6 transversal-nav-nojs-module--menuItem--a6945 transversal-nav-nojs-module--nojs--bf690', buttons=[text='ÉVÉNEMENTS', url='https://www.sciencespo.fr/fr/evenements/'] }
                    { tag='button', class='transversal-nav-nojs-module--dropdownCategory--a48e6 transversal-nav-nojs-module--menuItem--a6945 transversal-nav-nojs-module--nojs--bf690', buttons=[text='EXECUTIVE EDUCATION', url='https://www.sciencespo.fr/executive-education/fr/'] }
                    { tag='button', class='transversal-nav-nojs-module--dropdownCategory--a48e6 transversal-nav-nojs-module--menuItem--a6945 transversal-nav-nojs-module--nojs--bf690', buttons=[text='NOUS SOUTENIR', url='https://www.sciencespo.fr/nous-soutenir/fr/'] }
              { tag='div', class='navigation-module--divLogo--ab0c8', buttons=[text='', url='/fr/'] }
                { tag='li', buttons=[text='FormationsFormationsEn un coup d'œilBachelor / Collège universitaireMasters / ÉcolesDoctoratsMasters en un anProgramme d'échangeVenir étudier en échangePartir étudier en échangePréparation aux concoursExecutive EducationSummer School & Short CoursesMoocs', url=''] }
                              { tag='div', class='navigation-nojs-module--level2Div2--ed909', buttons=[text='En un coup d'œil', url='/fr/formations/en-un-coup-doeil-formations/'] }
                              { tag='div', class='navigation-nojs-module--level2Div2--ed909', buttons=[text='Bachelor / Collège universitaire', url='/fr/formations/college-universitaire/'] }
                              { tag='div', class='navigation-nojs-module--level2Div2--ed909', buttons=[text='Masters / Écoles', url='/fr/formations/ecoles/'] }
                              { tag='div', class='navigation-nojs-module--level2Div2--ed909', buttons=[text='Doctorats', url='/fr/formations/doctorats/'] }
                              { tag='div', class='navigation-nojs-module--level2Div2--ed909', buttons=[text='Masters en un an', url='/fr/formations/masters-un-an/'] }
                              { tag='div', class='navigation-nojs-module--level2Div2--ed909', buttons=[text='Programme d'échange', url='/fr/formations/programme-echange/'] }
                                { tag='li', class='navigation-nojs-module--level3Item--a94c5', buttons=[text='Venir étudier en échange', url='/fr/formations/programme-echange/venir/'] }
                                { tag='li', class='navigation-nojs-module--level3Item--a94c5', buttons=[text='Partir étudier en échange', url='/fr/formations/programme-echange/partir/'] }
                              { tag='div', class='navigation-nojs-module--level2Div2--ed909', buttons=[text='Préparation aux concours', url='/fr/formations/preparation-aux-concours/'] }
                              { tag='div', class='navigation-nojs-module--level2Div2--ed909', buttons=[text='Executive Education', url='/fr/formations/executive-education/'] }
                              { tag='div', class='navigation-nojs-module--level2Div2--ed909', buttons=[text='Summer School & Short Courses', url='/fr/formations/summer-school/'] }
                              { tag='div', class='navigation-nojs-module--level2Div2--ed909', buttons=[text='Moocs', url='/fr/formations/moocs/'] }
                { tag='li', buttons=[text='Admissions & boursesAdmissions & boursesEn un coup d'œilBachelorMasterDoctoratMaster en un anExecutive EducationSummer SchoolDroits de scolaritéBourses et aides financières', url=''] }
                              { tag='div', class='navigation-nojs-module--level2Div2--ed909', buttons=[text='En un coup d'œil', url='/fr/admissions-bourses/en-un-coup-doeil-les-admissions/'] }
                              { tag='div', class='navigation-nojs-module--level2Div2--ed909', buttons=[text='Bachelor', url='/fr/admissions-bourses/college-universitaire-devenir-candidat/'] }
                              { tag='div', class='navigation-nojs-module--level2Div2--ed909', buttons=[text='Master', url='/fr/admissions-bourses/ecoles-devenir-candidat/'] }
                              { tag='div', class='navigation-nojs-module--level2Div2--ed909', buttons=[text='Doctorat', url='/fr/admissions-bourses/doctorats-devenir-candidat/'] }
                              { tag='div', class='navigation-nojs-module--level2Div2--ed909', buttons=[text='Master en un an', url='/fr/admissions-bourses/masters-en-un-an-devenir-candidat/'] }
                              { tag='div', class='navigation-nojs-module--level2Div2--ed909', buttons=[text='Executive Education', url='/fr/admissions-bourses/executive-education-comment-postuler/'] }
                              { tag='div', class='navigation-nojs-module--level2Div2--ed909', buttons=[text='Summer School', url='/fr/admissions-bourses/summer-school-comment-sinscrire/'] }
                              { tag='div', class='navigation-nojs-module--level2Div2--ed909', buttons=[text='Droits de scolarité', url='/fr/admissions-bourses/droits-scolarite/'] }
                              { tag='div', class='navigation-nojs-module--level2Div2--ed909', buttons=[text='Bourses et aides financières', url='/fr/admissions-bourses/bourses-aides-financieres/'] }
                { tag='li', buttons=[text='La rechercheLa rechercheNos domaines d'étudesLes structures de la rechercheNotre communauté académiquePublicationsDoctorats honoris causa', url=''] }
                              { tag='div', class='navigation-nojs-module--level2Div2--ed909', buttons=[text='Nos domaines d'études', url='/fr/la-recherche/nos-domaines-detudes/'] }
                              { tag='div', class='navigation-nojs-module--level2Div2--ed909', buttons=[text='Les structures de la recherche', url='/fr/la-recherche/les-structures-de-la-recherche/'] }
                              { tag='div', class='navigation-nojs-module--level2Div2--ed909', buttons=[text='Notre communauté académique', url='/fr/la-recherche/notre-communaute-academique/'] }
                              { tag='div', class='navigation-nojs-module--level2Div2--ed909', buttons=[text='Publications', url='/fr/la-recherche/publications/'] }
                              { tag='div', class='navigation-nojs-module--level2Div2--ed909', buttons=[text='Doctorats honoris causa', url='/fr/la-recherche/doctorats-honoris-causa/'] }
                { tag='li', buttons=[text='Vie à Sciences PoVie à Sciences PoScolarité & vie pratiqueVie de campusCampus numériqueBibliothèqueLibrairieCarrièresMaison des Arts et de la CréationCréer son entrepriseÉvénementsActualités', url=''] }
                              { tag='div', class='navigation-nojs-module--level2Div2--ed909', buttons=[text='Scolarité & vie pratique', url='/fr/vie-a-sciences-po/scolarite-et-vie-pratique/'] }
                              { tag='div', class='navigation-nojs-module--level2Div2--ed909', buttons=[text='Vie de campus', url='/fr/vie-a-sciences-po/vie-associative-culturelle-sportive/'] }
                              { tag='div', class='navigation-nojs-module--level2Div2--ed909', buttons=[text='Campus numérique', url='/fr/vie-a-sciences-po/campus-numerique/'] }
                              { tag='div', class='navigation-nojs-module--level2Div2--ed909', buttons=[text='Bibliothèque', url='/fr/vie-a-sciences-po/bibliotheque/'] }
                              { tag='div', class='navigation-nojs-module--level2Div2--ed909', buttons=[text='Librairie', url='/fr/vie-a-sciences-po/librairie/'] }
                              { tag='div', class='navigation-nojs-module--level2Div2--ed909', buttons=[text='Carrières', url='/fr/vie-a-sciences-po/carrieres/'] }
                              { tag='div', class='navigation-nojs-module--level2Div2--ed909', buttons=[text='Maison des Arts et de la Création', url='/fr/vie-a-sciences-po/maison-des-arts-et-de-la-creation/'] }
                              { tag='div', class='navigation-nojs-module--level2Div2--ed909', buttons=[text='Créer son entreprise', url='/fr/vie-a-sciences-po/creer-son-entreprise/'] }
                              { tag='div', class='navigation-nojs-module--level2Div2--ed909', buttons=[text='Événements', url='/fr/evenements/'] }
                              { tag='div', class='navigation-nojs-module--level2Div2--ed909', buttons=[text='Actualités', url='/fr/actualites/'] }
                { tag='li', buttons=[text='InternationalInternationalVision internationaleAlliances et partenariatsUn vaste réseau de partenairesDes doubles diplômes prestigieuxDes alliances globales stratégiquesSciences Po et le mondeAfrique du Nord et Moyen-OrientAfrique sub-saharienneAmérique du NordAmérique latine et CaraïbesAsie-PacifiqueEurope', url=''] }
                              { tag='div', class='navigation-nojs-module--level2Div2--ed909', buttons=[text='Vision internationale', url='/fr/international/vision-internationale/'] }
                              { tag='div', class='navigation-nojs-module--level2Div2--ed909', buttons=[text='Alliances et partenariats', url='/fr/international/alliances-partenariats/'] }
                                { tag='li', class='navigation-nojs-module--level3Item--a94c5', buttons=[text='Un vaste réseau de partenaires', url='/fr/international/alliances-partenariats/reseau-partenaires/'] }
                                { tag='li', class='navigation-nojs-module--level3Item--a94c5', buttons=[text='Des doubles diplômes prestigieux', url='/fr/international/alliances-partenariats/doubles-diplomes/'] }
                                { tag='li', class='navigation-nojs-module--level3Item--a94c5', buttons=[text='Des alliances globales stratégiques', url='/fr/international/alliances-partenariats/alliances-globales-strategiques/'] }
                              { tag='div', class='navigation-nojs-module--level2Div2--ed909', buttons=[text='Sciences Po et le monde', url='/fr/international/sciencespo-monde/'] }
                                { tag='li', class='navigation-nojs-module--level3Item--a94c5', buttons=[text='Afrique du Nord et Moyen-Orient', url='/fr/international/sciencespo-monde/afrique-nord-moyen-orient/'] }
                                { tag='li', class='navigation-nojs-module--level3Item--a94c5', buttons=[text='Afrique sub-saharienne', url='/fr/international/sciencespo-monde/afrique-sub-saharienne/'] }
                                { tag='li', class='navigation-nojs-module--level3Item--a94c5', buttons=[text='Amérique du Nord', url='/fr/international/sciencespo-monde/amerique-nord/'] }
                                { tag='li', class='navigation-nojs-module--level3Item--a94c5', buttons=[text='Amérique latine et Caraïbes', url='/fr/international/sciencespo-monde/amerique-latine-caraibes/'] }
                                { tag='li', class='navigation-nojs-module--level3Item--a94c5', buttons=[text='Asie-Pacifique', url='/fr/international/sciencespo-monde/asie-pacifique/'] }
                                { tag='li', class='navigation-nojs-module--level3Item--a94c5', buttons=[text='Europe', url='/fr/international/sciencespo-monde/europe/'] }
                { tag='li', buttons=[text='À proposÀ proposEn un coup d'œilQui sommes-nous ?Notre histoireNos campusVisites virtuelles de nos campusUne université ouverte à tousNotre action pour l’environnementNous soutenirGouvernance  & BudgetLa Fondation Nationale des Sciences PolitiquesInstitut d’études politiques de ParisDéontologieSections disciplinaires', url=''] }
                              { tag='div', class='navigation-nojs-module--level2Div2--ed909', buttons=[text='En un coup d'œil', url='/fr/a-propos/en-un-coup-oeil-chiffres/'] }
                              { tag='div', class='navigation-nojs-module--level2Div2--ed909', buttons=[text='Qui sommes-nous ?', url='/fr/a-propos/qui-sommes-nous/'] }
                              { tag='div', class='navigation-nojs-module--level2Div2--ed909', buttons=[text='Notre histoire', url='/fr/a-propos/notre-histoire/'] }
                              { tag='div', class='navigation-nojs-module--level2Div2--ed909', buttons=[text='Nos campus', url='/fr/a-propos/nos-campus/'] }
                                { tag='li', class='navigation-nojs-module--level3Item--a94c5', buttons=[text='Visites virtuelles de nos campus', url='/fr/a-propos/nos-campus/visites-virtuelles-campus/'] }
                              { tag='div', class='navigation-nojs-module--level2Div2--ed909', buttons=[text='Une université ouverte à tous', url='/fr/a-propos/universite-ouverte-tous/'] }
                              { tag='div', class='navigation-nojs-module--level2Div2--ed909', buttons=[text='Notre action pour l’environnement', url='/fr/a-propos/notre-action-pour-environnement/'] }
                              { tag='div', class='navigation-nojs-module--level2Div2--ed909', buttons=[text='Nous soutenir', url='/fr/a-propos/nous-soutenir/'] }
                              { tag='div', class='navigation-nojs-module--level2Div2--ed909', buttons=[text='Gouvernance  & Budget', url='/fr/a-propos/gouvernance-budget/'] }
                                { tag='li', class='navigation-nojs-module--level3Item--a94c5', buttons=[text='La Fondation Nationale des Sciences Politiques', url='/fr/a-propos/gouvernance-budget/fnsp/'] }
                                { tag='li', class='navigation-nojs-module--level3Item--a94c5', buttons=[text='Institut dՎtudes politiques de Paris', url='/fr/a-propos/gouvernance-budget/institut-detudes-politiques-de-paris/'] }
                                { tag='li', class='navigation-nojs-module--level3Item--a94c5', buttons=[text='Déontologie', url='/fr/a-propos/gouvernance-budget/deontologie/'] }
                                { tag='li', class='navigation-nojs-module--level3Item--a94c5', buttons=[text='Sections disciplinaires', url='/fr/a-propos/gouvernance-budget/sections-disciplinaires/'] }
                        { tag='div', class='smartphone-menu-nojs-module--smartphoneLogoImageContainer--77548', buttons=[text='', url='/fr/'] }
                  { tag='label', class='smartphone-menu-nojs-module--hamb--a5f64' }
                { tag='p', class='fil-ariane-module--rootAriane--7947f', buttons=[text='Accueil', url='/fr/'] }
                { tag='div', class='internal-page-module--rootItemInternalPage--5340d internal-page-module--rootItemRelatedContents--e41ef', buttons=[text='Section #masters', url='/fr/formations/ecoles/#masters', text='Section #ecole-affaires-publiques', url='/fr/formations/ecoles/#ecole-affaires-publiques', text='Section #ecole-affaires-internationales', url='/fr/formations/ecoles/#ecole-affaires-internationales', text='Section #ecole-droit', url='/fr/formations/ecoles/#ecole-droit', text='Section #ecole-journalisme', url='/fr/formations/ecoles/#ecole-journalisme', text='Section #ecole-management-impact', url='/fr/formations/ecoles/#ecole-management-impact', text='Section #ecole-urbaine', url='/fr/formations/ecoles/#ecole-urbaine', text='Section #ecole-recherche', url='/fr/formations/ecoles/#ecole-recherche', text='Section #paris-climate-school', url='/fr/formations/ecoles/#paris-climate-school', text='Section #doubles-diplomes', url='/fr/formations/ecoles/#doubles-diplomes', text='Section #carrieres', url='/fr/formations/ecoles/#carrieres'] }
                { tag='div', class='promoted-content-container-red', buttons=[text='Portes ouvertes Masters virtuelles en octobre 2025', url=''] }
                          { tag='p', class='linkBox-title', buttons=[text='inscrivez-vous', url='https://forms.sciencespo.fr/journee-masters-inscription'] }
                { tag='div', class='ckContent', buttons=[text='Huit écoles pour se préparer à la vie professionnelle', url='', text='Trente parcours de master', url=''] }
                  { tag='p', buttons=[text='favoriser l’insertion professionnelle', url='https://www.sciencespo.fr/carrieres/fr/recruter/recruter-nos-etudiants-et-jeunes-diplomes/enquete-diplomes/'] }
                  { tag='p', buttons=[text='secteurs professionnels et les métiers', url='https://www.sciencespo.fr/fr/formations/ecoles/debouches-master/', text='doubles diplômes', url='https://www.sciencespo.fr/fr/formations/ecoles/doubles-diplomes-master/', text='parcours en apprentissage', url='https://www.sciencespo.fr/fr/actualites/etre-apprenti-a-sciences-po-cest-possible/', text='master d'un an', url='https://www.sciencespo.fr/fr/formations/masters-un-an/'] }
                    { tag='div', class='promoted-content-container-black', buttons=[text='Focus', url=''] }
                        { tag='p', buttons=[text='En savoir plus sur le diplôme de Master de Sciences Po', url='https://www.sciencespo.fr/students/fr/etudier/ecoles/diplome-master/'] }
                { tag='div', class='ckContent', buttons=[text='Choisir son master dans l'une de nos 8 écoles', url=''] }
                      { tag='div', class='promoted-content-container-black', buttons=[text='Sommaire', url=''] }
                { tag='div', class='ckContent', buttons=[text='École d'affaires publiques', url=''] }
                      { tag='li', buttons=[text='Master politiques publiques', url='https://www.sciencespo.fr/ecole-affaires-publiques/fr/formations/masters/master-politiques-publiques/'] }
                      { tag='li', buttons=[text='Master affaires européennes', url='https://www.sciencespo.fr/ecole-affaires-publiques/fr/formations/masters/master-affaires-europeennes/'] }
                    { tag='p', buttons=[text='21 doubles diplômes', url='https://www.sciencespo.fr/ecole-affaires-publiques/fr/formations/doubles-diplomes/'] }
                        { tag='div', class='section-module--two--82b9e section-module--item--6c069', buttons=[text='Découvrir l'École d'affaires publiquesEn savoir plus', url='https://www.sciencespo.fr/ecole-affaires-publiques/fr/'] }
                { tag='div', class='ckContent', buttons=[text='École des affaires internationales', url=''] }
                      { tag='li', buttons=[text='Master in International Security', url='https://www.sciencespo.fr/psia/academics/masters/master-international-security/'] }
                      { tag='li', buttons=[text='Master in International Governance and Diplomacy', url='https://www.sciencespo.fr/psia/academics/masters/master-international-governance-diplomacy/'] }
                      { tag='li', buttons=[text='Master in International Economic Policy', url='https://www.sciencespo.fr/psia/academics/masters/master-international-economic-policy/'] }
                      { tag='li', buttons=[text='Master in International Development', url='https://www.sciencespo.fr/psia/academics/masters/master-international-development/'] }
                      { tag='li', buttons=[text='Master in Human Rights and Humanitarian Action', url='https://www.sciencespo.fr/psia/academics/masters/master-human-rights-humanitarian-action/'] }
                      { tag='li', buttons=[text='Master in Environmental Policy', url='https://www.sciencespo.fr/psia/academics/masters/master-environmental-policy/'] }
                      { tag='li', buttons=[text='Master in International Energy Transitions', url='https://www.sciencespo.fr/psia/academics/masters/master-international-energy/'] }
                      { tag='li', buttons=[text='Master in Technology and Global Affairs', url='https://www.sciencespo.fr/psia/academics/masters/master-technology-global-affairs/'] }
                      { tag='li', buttons=[text='Joint Master in Journalism and International Affairs', url='https://www.sciencespo.fr/psia/academics/masters/joint-master-journalism-international-affairs/'] }
                      { tag='li', buttons=[text='Master in Advanced Global Studies', url='https://www.sciencespo.fr/psia/academics/master-advanced-global-studies/'] }
                    { tag='p', buttons=[text='15 doubles diplômes', url='https://www.sciencespo.fr/psia/academics/dual-degrees/'] }
                        { tag='div', class='section-module--two--82b9e section-module--item--6c069', buttons=[text='Découvrir l'École des affaires internationales (eng.)En savoir plus', url='https://www.sciencespo.fr/psia/'] }
                { tag='div', class='ckContent', buttons=[text='École de droit', url=''] }
                      { tag='li', buttons=[text='Master carrières judiciaires et juridiques', url='https://www.sciencespo.fr/ecole-droit/fr/formations/master-carrieres-judiciaires-juridiques/'] }
                      { tag='li', buttons=[text='Master droit économique', url='https://www.sciencespo.fr/ecole-droit/fr/formations/master-droit-economique/'] }
                      { tag='li', buttons=[text='Master Economic Law (english track)', url='https://www.sciencespo.fr/ecole-droit/en/academics/master-economic-law/'] }
                      { tag='li', buttons=[text='Master joint Droit et financ', url='https://www.sciencespo.fr/ecole-droit/fr/formations/master-joint-droit-finance/'] }
                      { tag='li', buttons=[text='LLM in transnational arbitration & dispute settlement', url='https://www.sciencespo.fr/ecole-droit/fr/formations/llm-in-transnational-arbitration-and-dispute-settlement/'] }
                        { tag='div', class='section-module--two--82b9e section-module--item--6c069', buttons=[text='Découvrir l'École de droitEn savoir plus', url='https://www.sciencespo.fr/ecole-droit/fr/'] }
                { tag='div', class='ckContent', buttons=[text='École de journalisme', url=''] }
                      { tag='li', buttons=[text='Master en journalisme', url='https://www.sciencespo.fr/ecole-journalisme/fr/formations/master-journalisme/'] }
                      { tag='li', buttons=[text='Master joint journalisme et affaires internationales', url='https://www.sciencespo.fr/ecole-journalisme/fr/formations/master-joint-journalisme-affaires-internationales/'] }
                    { tag='p', buttons=[text='un double diplôme', url='https://www.sciencespo.fr/ecole-journalisme/fr/formations/double-diplome-journalisme-columbia-university/'] }
                        { tag='div', class='section-module--two--82b9e section-module--item--6c069', buttons=[text='Découvrir l'École de journalismeEn savoir plus', url='https://www.sciencespo.fr/ecole-journalisme/fr/'] }
                { tag='div', class='ckContent', buttons=[text='École du management et de l'impact', url=''] }
                      { tag='li', buttons=[text='Master finance et stratégie', url='https://www.sciencespo.fr/ecole-management-impact/fr/formations/masters/master-finance-strategie/'] }
                      { tag='li', buttons=[text='Master in Finance and Strategy (english track)', url='https://www.sciencespo.fr/ecole-management-impact/en/academics/masters/master-finance-strategy/'] }
                      { tag='li', buttons=[text='Master in International business and sustainability', url='https://www.sciencespo.fr/ecole-management-impact/fr/formations/masters/master-international-business-sustainability/'] }
                      { tag='li', buttons=[text='Master RH et gouvernance durable', url='https://www.sciencespo.fr/ecole-management-impact/fr/formations/masters/master-rh-gouvernance-durable/'] }
                      { tag='li', buttons=[text='Master Marketing : New Luxury & Art de vivre', url='https://www.sciencespo.fr/ecole-management-impact/fr/formations/masters/master-marketing-new-luxury-art-de-vivre/'] }
                      { tag='li', buttons=[text='Master Communication, médias et industries créatives', url='https://www.sciencespo.fr/ecole-management-impact/fr/formations/masters/master-communication-medias-industries-creatives/'] }
                      { tag='li', buttons=[text='Master Communications, Media and Creative Industries (english track)', url='https://www.sciencespo.fr/ecole-management-impact/en/academics/masters/master-communications-media-creative-industries/'] }
                      { tag='li', buttons=[text='Master joint Droit et finance', url='https://www.sciencespo.fr/ecole-management-impact/fr/formations/masters/master-joint-droit-finance/'] }
                    { tag='p', buttons=[text='12 doubles diplômes', url='https://www.sciencespo.fr/ecole-management-impact/fr/formations/doubles-diplomes/'] }
                        { tag='div', class='section-module--two--82b9e section-module--item--6c069', buttons=[text='Découvrir l'École du management et de l'impactEn savoir plus', url='https://www.sciencespo.fr/ecole-management-impact/fr/'] }
                { tag='div', class='ckContent', buttons=[text='École urbaine', url=''] }
                      { tag='li', buttons=[text='Master stratégies territoriales et urbaines', url='https://www.sciencespo.fr/ecole-urbaine/fr/formations/master-strategies-territoriales-urbaines/'] }
                      { tag='li', buttons=[text='Master Gouvernance urbaine, politiques publiques et urbanisme', url='https://www.sciencespo.fr/ecole-urbaine/fr/formations/master-gouvernance-urbaine-politiques-publiques-urbanisme/'] }
                      { tag='li', buttons=[text='Master cycle d'urbanisme', url='https://www.sciencespo.fr/ecole-urbaine/fr/formations/master-cycle-urbanisme/'] }
                    { tag='p', buttons=[text='7 doubles diplômes', url='https://www.sciencespo.fr/ecole-urbaine/fr/formations/doubles-diplomes/'] }
                        { tag='div', class='section-module--two--82b9e section-module--item--6c069', buttons=[text='Découvrir l'École urbaineEn savoir plus', url='https://www.sciencespo.fr/ecole-urbaine/fr/'] }
                { tag='div', class='ckContent', buttons=[text='École de la recherche', url=''] }
                      { tag='li', buttons=[text='Master en économie', url='https://www.sciencespo.fr/ecole-recherche/fr/formations/masters/master-economie/'] }
                      { tag='li', buttons=[text='Master Histoire', url='https://www.sciencespo.fr/ecole-recherche/fr/formations/masters/master-histoire/'] }
                      { tag='li', buttons=[text='Master Science politique', url='https://www.sciencespo.fr/ecole-recherche/fr/formations/masters/master-science-politique/'] }
                      { tag='li', buttons=[text='Master Sociologie', url='https://www.sciencespo.fr/ecole-recherche/fr/formations/masters/master-sociologie/'] }
                    { tag='p', buttons=[text='3 doubles diplômes', url='https://www.sciencespo.fr/ecole-recherche/fr/formations/masters/doubles-diplomes/', text='5 programmes de doctorat', url='https://www.sciencespo.fr/ecole-recherche/fr/formations/doctorats/'] }
                    { tag='div', class='section-module--two--82b9e section-module--item--6c069', buttons=[text='Découvrir l'École de la rechercheEn savoir plus', url='https://www.sciencespo.fr/ecole-recherche/fr/'] }
                { tag='div', class='ckContent', buttons=[text='Paris Climate School', url=''] }
                      { tag='li', buttons=[text='Master transition écologique, risques et gouvernance', url='https://www.sciencespo.fr/paris-climate-school/fr/formations/master-transition-ecologique-risques-gouvernance/'] }
                        { tag='div', class='section-module--two--82b9e section-module--item--6c069', buttons=[text='Découvrir la Paris Climate SchoolEn savoir plus', url='https://www.sciencespo.fr/paris-climate-school/fr/'] }
                { tag='div', class='ckContent', buttons=[text='Doubles diplômes de niveau Master', url=''] }
                    { tag='p', buttons=[text='Découvrir les doubles diplômes de niveau Master de Sciences Po', url='https://www.sciencespo.fr/fr/formations/ecoles/doubles-diplomes-master/'] }
                { tag='div', class='ckContent', buttons=[text='Débouchés & Carrières', url=''] }
                    { tag='p', buttons=[text='Découvrir les débouchés après un master à Sciences Po', url='https://www.sciencespo.fr/fr/formations/ecoles/debouches-master/'] }
                    { tag='div', class='internal-page-module--marginBetweenBlocs--aff1b', buttons=[text='BROCHURE', url=''] }
                        { tag='div', class='admissions-module--titleActionElement--55e11', buttons=[text='Candidats', url=''] }
                          { tag='div', class='admissions-module--specialLinkContent--c27a2', buttons=[text='Procédures d'admission', url='https://www.sciencespo.fr/admissions/fr/master/procedure-choix/'] }
                          { tag='div', class='admissions-module--specialLinkContent--c27a2', buttons=[text='Bilan des admissions', url='https://forms.sciencespo.fr/bilan-admissions'] }
                          { tag='div', class='admissions-module--specialLinkContent--c27a2', buttons=[text='Guide de candidature', url='https://forms.sciencespo.fr/telecharger-guide-candidature'] }
                          { tag='div', class='admissions-module--specialLinkContent--c27a2', buttons=[text='Guide des droits de scolarité & bourses', url='https://forms.sciencespo.fr/telecharger-droits-scolarite'] }
                          { tag='div', class='admissions-module--specialLinkContent--c27a2', buttons=[text='Guide des services carrières', url='https://forms.sciencespo.fr/telecharger-guide-carrieres'] }
                        { tag='div', class='admissions-module--itemTitleKeyFigure--f97ff', buttons=[text='Chiffres clés', url=''] }
                    { tag='div', class='section-module--rootTitle--511d7', buttons=[text='En savoir plus', url=''] }
                      { tag='div', class='section-module--item--6c069', buttons=[text='Devenir candidat en master', url='https://www.sciencespo.fr/fr/admissions-bourses/ecoles-devenir-candidat/'] }
                      { tag='div', class='section-module--item--6c069', buttons=[text='Étudier à Sciences Po, combien ça coûte ?', url='https://www.sciencespo.fr/fr/actualites/etudier-a-sciences-po-combien-ca-coute/'] }
                      { tag='div', class='section-module--item--6c069', buttons=[text='Comment financer ses études', url='https://www.sciencespo.fr/fr/actualites/comment-financer-ses-etudes-a-sciences-po/'] }
                      { tag='div', class='section-module--item--6c069', buttons=[text='Que deviennent nos diplômés ?', url='https://www.sciencespo.fr/carrieres/fr/recruter/recruter-nos-etudiants-et-jeunes-diplomes/enquete-diplomes/'] }
                { tag='div', class='internal-page-module--compsFlex--baebc', buttons=[text='BROCHURE', url=''] }
                    { tag='button', class='internal-page-module--darkButton--7ed9f', buttons=[text='BROCHURE', url='https://forms.sciencespo.fr/telecharger-brochure'] }
                { tag='div', class='internal-page-module--compsFlex--baebc', buttons=[text='Documentation candidats', url=''] }
                    { tag='div', class='footer-module--logoContainer--f4226', buttons=[text='', url='/fr/'] }
                          { tag='li', class='footer-module--socialMediaItem--f9089', buttons=[text='', url='https://www.linkedin.com/school/sciences-po/posts/?feedView=all'] }
                          { tag='li', class='footer-module--socialMediaItem--f9089', buttons=[text='', url='https://x.com/sciencespo'] }
                          { tag='li', class='footer-module--socialMediaItem--f9089', buttons=[text='', url='https://www.facebook.com/SciencesPo'] }
                          { tag='li', class='footer-module--socialMediaItem--f9089', buttons=[text='', url='https://www.instagram.com/sciencespo/'] }
                          { tag='li', class='footer-module--socialMediaItem--f9089', buttons=[text='', url='https://www.tiktok.com/@sciencespo'] }
                          { tag='li', class='footer-module--socialMediaItem--f9089', buttons=[text='', url='https://www.youtube.com/sciencespo'] }
                      { tag='div', class='footer-module--newsletterButtonContainer--c81f4', buttons=[text='S'abonner', url=''] }
                            { tag='div', class='footer-module--linkContainer--8cbc8', buttons=[text='Contact', url='https://www.sciencespo.fr/fr/contact-plan-acces/'] }
                            { tag='div', class='footer-module--linkContainer--8cbc8', buttons=[text='Index A à Z', url='https://www.sciencespo.fr/fr/index-a-z/'] }
                            { tag='div', class='footer-module--linkContainer--8cbc8', buttons=[text='Espace presse', url='https://newsroom.sciencespo.fr/fr?lang=fra'] }
                            { tag='div', class='footer-module--linkContainer--8cbc8', buttons=[text='Travailler à Sciences Po', url='https://www.sciencespo.fr/travailler-a-sciencespo/'] }
                            { tag='div', class='footer-module--linkContainer--8cbc8', buttons=[text='Marchés', url='https://www.sciencespo.fr/fr/marches/'] }
                            { tag='div', class='footer-module--linkContainer--8cbc8', buttons=[text='Termes légaux', url='https://www.sciencespo.fr/fr/termes-legaux/'] }
                            { tag='div', class='footer-module--linkContainer--8cbc8', buttons=[text='Accessibilité : partiellement conforme', url='https://www.sciencespo.fr/fr/accessibilite/'] }
                            { tag='div', class='footer-module--linkContainer--8cbc8', buttons=[text='Espace étudiants', url='https://scolarite.sciences-po.fr/PROD/twbkwbis.P_GenMenu?name=homepage'] }
                            { tag='div', class='footer-module--linkContainer--8cbc8', buttons=[text='Espace enseignants', url='https://scolarite.sciences-po.fr/PROD/twbkwbis.P_GenMenu?name=homepage'] }
                            { tag='div', class='footer-module--linkContainer--8cbc8', buttons=[text='Intranet', url='https://intranet.sciencespo.fr/bienvenue/'] }
                            { tag='div', class='footer-module--linkContainer--8cbc8', buttons=[text='Gérer mon mot de passe', url='https://scpoaccount.sciences-po.fr/choixModifGnl'] }
                            { tag='div', class='footer-module--linkContainer--8cbc8', buttons=[text='Application Sciences Po', url='https://www.sciencespo.fr/fr/application-sciencespo/'] }
