                                { tag='div', class='button', buttons=[text='Futuri studenti', url='/corsi/studenti-futuri.html'] }
                                { tag='div', class='button', buttons=[text='Studenti Cattolica', url='https://studenticattolica.unicatt.it/'] }
                                { tag='div', class='button', buttons=[text='International Students', url='https://international.unicatt.it/'] }
                                { tag='div', class='button', buttons=[text='Docenti', url='/ateneo/docenti.html'] }
                                { tag='div', class='button', buttons=[text='Alumni', url='https://alumni.unicatt.it/'] }
                                { tag='div', class='button', buttons=[text='Enti, aziende e professioni', url='/ateneo/enti-aziende-e-professioni.html'] }
                        { tag='div', class='cmp-unicatt-header__unicatt-i-container', buttons=[text='', url='/'] }
                                      { tag='li', buttons=[text='Università Cattolica', url='/ateneo/universita-cattolica/chi-siamo.html'] }
                                      { tag='li', buttons=[text='Governance e organi dell'Ateneo', url='/ateneo/governance-e-organi-dell-ateneo/rettore.html'] }
                                      { tag='li', buttons=[text='Piano Strategico 2023-25', url='https://www.unicatt.it/uc/assicurazione-archivio-documentale-documenti-di-sistema'] }
                                      { tag='li', buttons=[text='Assicurazione della qualità', url='https://www.unicatt.it/assicurazione-home'] }
                                      { tag='li', buttons=[text='Terza missione', url='/ateneo/terza-missione.html'] }
                                      { tag='li', buttons=[text='Pari opportunità e inclusione', url='/landing/istituzionale/pari-opportunita-e-inclusione.html'] }
                                      { tag='li', buttons=[text='Tutela e cura del benessere psicologico', url='/ateneo/tutela-e-cura-benessere-psicologico-in-universita-cattolica.html'] }
                                      { tag='li', buttons=[text='Sostenibilità', url='/landing/istituzionale/sostenibilita.html'] }
                                      { tag='li', buttons=[text='Iniziativa di Ateneo sulla Speranza nell’Anno giubilare', url='/landing/istituzionale/iniziativa-di-ateneo-giubileo-2025.html'] }
                                      { tag='li', buttons=[text='Centri di ateneo e organismi', url='/ateneo/centri-di-ateneo-e-organismi.html'] }
                                      { tag='li', buttons=[text='Centro pastorale', url='https://centropastorale.unicatt.it/'] }
                                      { tag='li', buttons=[text='Sostieni l'ateneo', url='https://sostieni.unicatt.it'] }
                                      { tag='li', buttons=[text='Lauree triennali e a ciclo unico', url='/corsi/triennale.html'] }
                                      { tag='li', buttons=[text='Lauree magistrali', url='/corsi/magistrale.html'] }
                                      { tag='li', buttons=[text='Master universitari', url='/corsi/master-universitari.html'] }
                                      { tag='li', buttons=[text='Scuole di specializzazione', url='/corsi/scuole-di-specializzazione.html'] }
                                      { tag='li', buttons=[text='Formazione continua', url='https://formazionecontinua.unicatt.it/'] }
                                      { tag='li', buttons=[text='Dottorati', url='https://progetti.unicatt.it/progetti-ateneo-dottorati-home'] }
                                      { tag='li', buttons=[text='Iscrizione alle lauree triennali e a ciclo unico', url='/ammissione/iscrizione/iscrizione-a-laurea-triennale-e-a-ciclo-unico.html'] }
                                      { tag='li', buttons=[text='Iscrizione alle lauree magistrali', url='/ammissione/iscrizione/iscrizione-a-laurea-magistrale.html'] }
                                      { tag='li', buttons=[text='Iscrizione ai master', url='/ammissione/iscrizione/inizia-un-master.html'] }
                                      { tag='li', buttons=[text='Eventi di orientamento', url='/eventi/orientamento.html'] }
                                      { tag='li', buttons=[text='Tasse e contributi', url='/ammissione/costi-e-opportunita/quanto-costa-studiare-in-cattolica.html'] }
                                      { tag='li', buttons=[text='Agevolazioni economiche', url='/ammissione/costi-e-opportunita/agevolazioni-economiche.html'] }
                                  { tag='div', class='cmp-unicatt-header__box-links-box', buttons=[text='Candidati con titolo di studio estero', url='https://international.unicatt.it/'] }
                                      { tag='li', buttons=[text='Portale ricerca', url='https://ricerca.unicatt.it/'] }
                                      { tag='li', buttons=[text='Dipartimenti e istituti', url='https://ricerca.unicatt.it/ricerca-strutture-dipartimenti'] }
                                      { tag='li', buttons=[text='Centri di ricerca', url='https://ricerca.unicatt.it/ricerca-strutture-centri-di-ricerca'] }
                                      { tag='li', buttons=[text='Publires', url='https://ricerca.unicatt.it/ricerca-pubblicazioni-pure'] }
                                      { tag='li', buttons=[text='Publicatt', url='https://ricerca.unicatt.it/ricerca-pubblicazioni-publicatt'] }
                                      { tag='li', buttons=[text='Facoltà', url='/facolta.html'] }
                                      { tag='li', buttons=[text='Alte scuole', url='/facolta-e-strutture/alte-scuole.html'] }
                                      { tag='li', buttons=[text='Sistema bibliotecario', url='https://biblioteche.unicatt.it/biblioteca/sbda-home'] }
                                      { tag='li', buttons=[text='Milano', url='https://milano.unicatt.it/'] }
                                      { tag='li', buttons=[text='Roma', url='https://roma.unicatt.it/'] }
                                      { tag='li', buttons=[text='Brescia', url='https://brescia.unicatt.it/'] }
                                      { tag='li', buttons=[text='Piacenza', url='https://piacenza.unicatt.it/'] }
                                      { tag='li', buttons=[text='Cremona', url='https://piacenza.unicatt.it/'] }
                                  { tag='div', class='cmp-unicatt-header__box-links-box', buttons=[text='I nostri campus', url='/corsi/i-nostri-campus.html'] }
                              { tag='div', class='cmp-accordion', buttons=[text='Ateneo', url='', text='Corsi di studio', url='', text='Ricerca', url='', text='Facoltà e campus', url=''] }
                              { tag='h3', class='cmp-accordion__header', buttons=[text='Ateneo', url=''] }
                                        { tag='li', buttons=[text='Università Cattolica', url='/ateneo/universita-cattolica/chi-siamo.html'] }
                                        { tag='li', buttons=[text='Governance e organi dell'Ateneo', url='/ateneo/governance-e-organi-dell-ateneo/rettore.html'] }
                                        { tag='li', buttons=[text='Piano Strategico 2023-25', url='https://www.unicatt.it/uc/assicurazione-archivio-documentale-documenti-di-sistema'] }
                                        { tag='li', buttons=[text='Assicurazione della qualità', url='https://www.unicatt.it/assicurazione-home'] }
                                        { tag='li', buttons=[text='Terza missione', url='/ateneo/terza-missione.html'] }
                                        { tag='li', buttons=[text='Pari opportunità e inclusione', url='/landing/istituzionale/pari-opportunita-e-inclusione.html'] }
                                        { tag='li', buttons=[text='Tutela e cura del benessere psicologico', url='/ateneo/tutela-e-cura-benessere-psicologico-in-universita-cattolica.html'] }
                                        { tag='li', buttons=[text='Sostenibilità', url='/landing/istituzionale/sostenibilita.html'] }
                                        { tag='li', buttons=[text='Iniziativa di Ateneo sulla Speranza nell’Anno giubilare', url='/landing/istituzionale/iniziativa-di-ateneo-giubileo-2025.html'] }
                                        { tag='li', buttons=[text='Centri di ateneo e organismi', url='/ateneo/centri-di-ateneo-e-organismi.html'] }
                                        { tag='li', buttons=[text='Centro pastorale', url='https://centropastorale.unicatt.it/'] }
                                        { tag='li', buttons=[text='Sostieni l'ateneo', url='https://sostieni.unicatt.it'] }
                              { tag='h3', class='cmp-accordion__header', buttons=[text='Corsi di studio', url=''] }
                                        { tag='li', buttons=[text='Lauree triennali e a ciclo unico', url='/corsi/triennale.html'] }
                                        { tag='li', buttons=[text='Lauree magistrali', url='/corsi/magistrale.html'] }
                                        { tag='li', buttons=[text='Master universitari', url='/corsi/master-universitari.html'] }
                                        { tag='li', buttons=[text='Scuole di specializzazione', url='/corsi/scuole-di-specializzazione.html'] }
                                        { tag='li', buttons=[text='Formazione continua', url='https://formazionecontinua.unicatt.it/'] }
                                        { tag='li', buttons=[text='Dottorati', url='https://progetti.unicatt.it/progetti-ateneo-dottorati-home'] }
                                        { tag='li', buttons=[text='Iscrizione alle lauree triennali e a ciclo unico', url='/ammissione/iscrizione/iscrizione-a-laurea-triennale-e-a-ciclo-unico.html'] }
                                        { tag='li', buttons=[text='Iscrizione alle lauree magistrali', url='/ammissione/iscrizione/iscrizione-a-laurea-magistrale.html'] }
                                        { tag='li', buttons=[text='Iscrizione ai master', url='/ammissione/iscrizione/inizia-un-master.html'] }
                                        { tag='li', buttons=[text='Eventi di orientamento', url='/eventi/orientamento.html'] }
                                        { tag='li', buttons=[text='Tasse e contributi', url='/ammissione/costi-e-opportunita/quanto-costa-studiare-in-cattolica.html'] }
                                        { tag='li', buttons=[text='Agevolazioni economiche', url='/ammissione/costi-e-opportunita/agevolazioni-economiche.html'] }
                              { tag='h3', class='cmp-accordion__header', buttons=[text='Ricerca', url=''] }
                                        { tag='li', buttons=[text='Portale ricerca', url='https://ricerca.unicatt.it/'] }
                                        { tag='li', buttons=[text='Dipartimenti e istituti', url='https://ricerca.unicatt.it/ricerca-strutture-dipartimenti'] }
                                        { tag='li', buttons=[text='Centri di ricerca', url='https://ricerca.unicatt.it/ricerca-strutture-centri-di-ricerca'] }
                                        { tag='li', buttons=[text='Publires', url='https://ricerca.unicatt.it/ricerca-pubblicazioni-pure'] }
                                        { tag='li', buttons=[text='Publicatt', url='https://ricerca.unicatt.it/ricerca-pubblicazioni-publicatt'] }
                              { tag='h3', class='cmp-accordion__header', buttons=[text='Facoltà e campus', url=''] }
                                        { tag='li', buttons=[text='Facoltà', url='/facolta.html'] }
                                        { tag='li', buttons=[text='Alte scuole', url='/facolta-e-strutture/alte-scuole.html'] }
                                        { tag='li', buttons=[text='Sistema bibliotecario', url='https://biblioteche.unicatt.it/biblioteca/sbda-home'] }
                                        { tag='li', buttons=[text='Milano', url='https://milano.unicatt.it/'] }
                                        { tag='li', buttons=[text='Roma', url='https://roma.unicatt.it/'] }
                                        { tag='li', buttons=[text='Brescia', url='https://brescia.unicatt.it/'] }
                                        { tag='li', buttons=[text='Piacenza', url='https://piacenza.unicatt.it/'] }
                                        { tag='li', buttons=[text='Cremona', url='https://piacenza.unicatt.it/'] }
                              { tag='div', class='cmp-unicatt-header__strumenti-link-container', buttons=[text='ACCEDI ALLA MAIL ICATT', url='https://login.microsoftonline.com/'] }
                              { tag='div', class='cmp-unicatt-header__strumenti-link-container', buttons=[text='ACCEDI A CLOUDMAIL', url='https://outlook.com/unicatt.it'] }
                            { tag='div', class='cmp-unicatt-header__strumenti-link-container', buttons=[text='ACCEDI ALLA MAIL ICATT', url='https://login.microsoftonline.com/'] }
                            { tag='div', class='cmp-unicatt-header__strumenti-link-container', buttons=[text='ACCEDI A CLOUDMAIL', url='https://outlook.com/unicatt.it'] }
                                { tag='div', class='modal-body', buttons=[text='Cerca nel sito Unicatt', url=''] }
                                      { tag='div', class='left-search-additionalblock__links', buttons=[text='esami', url='https://studenticattolica.unicatt.it/durante-gli-studi-esami-di-profitto', text='Educatt', url='https://educatt.unicatt.it/', text='piano studi', url='https://studenticattolica.unicatt.it/durante-gli-studi-fai-il-piano-studi'] }
                                      { tag='div', class='right-search-additionalblock__links', buttons=[text='CattolicaNews', url='https://secondotempo.cattolicanews.it/home-notizie', text='Contatti', url='/contatti.html', text='Biblioteche', url='https://biblioteche.unicatt.it/biblioteca/sbda-home', text='iCatt', url='https://icatt.unicatt.it/', text='Polo studenti', url='https://studenticattolica.unicatt.it/home-polo-studenti'] }
                          { tag='div', class='cmp-unicatt-header__lang-container', buttons=[text='EN', url='https://www.unicatt.it/en.html'] }
                                { tag='div', class='cmp-teaser__content', buttons=[text='Corsi di laurea triennali, a ciclo unico e magistrali', url=''] }
                                  { tag='h1', class='cmp-teaser__title', buttons=[text='Studiare in Cattolica', url='/corsi/offerta-formativa.html'] }
                                  { tag='div', class='cmp-teaser__action-container', buttons=[text='Scopri di più', url='/corsi/offerta-formativa.html'] }
                                  { tag='h1', class='cmp-teaser__title', buttons=[text='Spazio Unicatt', url='/landing/link/spazio-unicatt.html'] }
                                  { tag='div', class='cmp-teaser__action-container', buttons=[text='vieni a trovarci nei campus', url='/landing/link/spazio-unicatt.html'] }
                                  { tag='h1', class='cmp-teaser__title', buttons=[text='Master universitari', url='/corsi/info-master.html'] }
                                  { tag='div', class='cmp-teaser__action-container', buttons=[text='TUTTE LE INFO', url='/corsi/info-master.html'] }
                                { tag='div', class='cmp-teaser__content', buttons=[text='Dottorati di Ricerca', url=''] }
                                  { tag='h3', class='cmp-teaser__title', buttons=[text='Dottorati di Ricerca', url='https://progetti.unicatt.it/progetti-ateneo-bandi-e-concorsi-milano-piacenza-brescia#content'] }
                                  { tag='div', class='cmp-teaser__action-container', buttons=[text='TUTTE LE INFO', url='https://progetti.unicatt.it/progetti-ateneo-bandi-e-concorsi-milano-piacenza-brescia#content'] }
                              { tag='li', class='cmp-carousel__indicator cmp-carousel__indicator--active', buttons=[text='of25', url=''] }
                              { tag='li', class='cmp-carousel__indicator', buttons=[text='spazio unicatt', url=''] }
                              { tag='li', class='cmp-carousel__indicator', buttons=[text='master', url=''] }
                              { tag='li', class='cmp-carousel__indicator', buttons=[text='dottorati', url=''] }
                          { tag='div', class='cmp-carousel__actions', buttons=[text='Precedente', url='', text='Successivo', url='', text='Pausa', url='', text='Riproduci', url=''] }
                      { tag='div', class='cmp-title', buttons=[text='Corsi di laurea', url=''] }
                      { tag='div', class='carousel-eventilist-top-container' }
                          { tag='article', buttons=[text='', url='/landing/iniziative/welcome-day.html', text='Welcome Day 25/26', url='/landing/iniziative/welcome-day.html'] }
                          { tag='article', buttons=[text='', url='/corsi/offerta-formativa.html', text='Offerta formativa', url='/corsi/offerta-formativa.html'] }
                          { tag='article', buttons=[text='', url='/landing/link/spazio-unicatt.html', text='Spazio Unicatt', url='/landing/link/spazio-unicatt.html'] }
                          { tag='article', buttons=[text='', url='/ammissione/costi-e-opportunita/agevolazioni-economiche.html', text='Agevolazioni economiche', url='/ammissione/costi-e-opportunita/agevolazioni-economiche.html'] }
                          { tag='article', buttons=[text='', url='/landing/link/borse-educatt.html', text='Kit matricole', url='/landing/link/borse-educatt.html'] }
                          { tag='article', buttons=[text='', url='/mktg/unicattx-eventi-recap.html', text='UnicattX: scopri tutti gli eventi!', url='/mktg/unicattx-eventi-recap.html'] }
                      { tag='div', class='cmp-title', buttons=[text='Post laurea', url=''] }
                      { tag='div', class='carousel-eventilist-top-container' }
                          { tag='article', buttons=[text='', url='/mktg/master-days.html', text='Master Days', url='/mktg/master-days.html'] }
                          { tag='article', buttons=[text='', url='/corsi/master-universitari.html', text='Master', url='/corsi/master-universitari.html'] }
                          { tag='article', buttons=[text='', url='/landing/link/dottorati.html', text='Dottorati di ricerca', url='/landing/link/dottorati.html'] }
                          { tag='article', buttons=[text='', url='/corsi/scuole-di-specializzazione.html', text='Scuole di specializzazione', url='/corsi/scuole-di-specializzazione.html'] }
                      { tag='div', class='logocarousel-top-container', buttons=[text='Scegli il tuo percorso', url=''] }
                          { tag='li', class='cmp-list__item', buttons=[text='Futuri studenti', url='/corsi/studenti-futuri.html'] }
                          { tag='li', class='cmp-list__item', buttons=[text='Studenti Cattolica', url='https://studenticattolica.unicatt.it'] }
                          { tag='li', class='cmp-list__item', buttons=[text='International students', url='https://international.unicatt.it'] }
                          { tag='li', class='cmp-list__item', buttons=[text='Docenti', url='/ateneo/docenti.html'] }
                          { tag='li', class='cmp-list__item', buttons=[text='Alumni', url='https://alumni.unicatt.it'] }
                          { tag='li', class='cmp-list__item', buttons=[text='Enti, aziende e professioni', url='/ateneo/enti-aziende-e-professioni.html'] }
                      { tag='div', class='carousel-eventilist-top-container', buttons=[text='Eventi', url=''] }
                          { tag='div', class='cmp-carousel__btn', buttons=[text='TUTTI GLI EVENTI', url='/eventi/ateneo.html'] }
                          { tag='article', buttons=[text='E L P Ì S - Dove nasce la speranza', url='/eventi/ateneo/milano/2025/elpis-dove-nasce-la-speranza.html'] }
                            { tag='a', class='cmp-list__item-link', buttons=[text='E L P Ì S - Dove nasce la speranza', url=''] }
                          { tag='article', buttons=[text='Advances in Calculus of Variations and Nonlinear Analysis', url='/eventi/ateneo/brescia/2025/advances-in-calculus-of-variations-and-nonlinear-analysis.html'] }
                            { tag='a', class='cmp-list__item-link', buttons=[text='Advances in Calculus of Variations and Nonlinear Analysis', url=''] }
                          { tag='article', buttons=[text='Dinamiche di competizione sociale a Roma tra la tarda repubblica e il tardo impero', url='/eventi/ateneo/milano/2025/dinamiche-di-competizione-sociale.html'] }
                            { tag='a', class='cmp-list__item-link', buttons=[text='Dinamiche di competizione sociale a Roma tra la tarda repubblica e il tardo impero', url=''] }
                          { tag='article', buttons=[text='Promuovere diete sane e sosteniibili: dalla teoria alla pratica', url='/eventi/ateneo/milano/2025/promuovere-diete-sane.html'] }
                            { tag='a', class='cmp-list__item-link', buttons=[text='Promuovere diete sane e sosteniibili: dalla teoria alla pratica', url=''] }
                          { tag='article', buttons=[text='FORmazione MEtodologica (FORME)', url='/eventi/ateneo/milano/2025/formazione-metodologica-forme4.html'] }
                            { tag='a', class='cmp-list__item-link', buttons=[text='FORmazione MEtodologica (FORME)', url=''] }
                          { tag='article', buttons=[text='Come quando si accende la luce', url='/eventi/ateneo/milano/2025/come-quando-si-accende-la-luce.html'] }
                            { tag='a', class='cmp-list__item-link', buttons=[text='Come quando si accende la luce', url=''] }
                          { tag='article', buttons=[text='General Manager per un  giorno…', url='/eventi/stage-e-placement/2025/piacenza-cremona/Cantoni_General-Manager-per-un-giorno-2025.html'] }
                            { tag='a', class='cmp-list__item-link', buttons=[text='General Manager per un  giorno…', url=''] }
                          { tag='article', buttons=[text='Vieni a scoprire i servizi Stage & Placement e pianifica con noi il tuo futuro!', url='/eventi/stage-e-placement/2025/piacenza-cremona/Vieni-a-scoprire-i-servizi-Stage-Placement-e-pianifica-con-noi-il-tuo-futuro.html'] }
                            { tag='a', class='cmp-list__item-link', buttons=[text='Vieni a scoprire i servizi Stage & Placement e pianifica con noi il tuo futuro!', url=''] }
                          { tag='article', buttons=[text='Investment Banking Day', url='/eventi/stage-e-placement/2025/milano/Investment-Banking-Day-2025.html'] }
                            { tag='a', class='cmp-list__item-link', buttons=[text='Investment Banking Day', url=''] }
                          { tag='article', buttons=[text='Politica senza fair play', url='/eventi/ateneo/milano/2025/Politica-senza-fair-play.html'] }
                            { tag='a', class='cmp-list__item-link', buttons=[text='Politica senza fair play', url=''] }
                          { tag='article', buttons=[text='Innovazione e sicurezza sul lavoro', url='/eventi/ateneo/milano/2025/innovazione-e-sicurezza-sul-lavoro.html'] }
                            { tag='a', class='cmp-list__item-link', buttons=[text='Innovazione e sicurezza sul lavoro', url=''] }
                          { tag='article', buttons=[text='Trasparenti. Non invisibili', url='/eventi/ateneo/milano/2025/Trasparenti-ma-non-invisibili.html'] }
                            { tag='a', class='cmp-list__item-link', buttons=[text='Trasparenti. Non invisibili', url=''] }
                          { tag='article', buttons=[text='Il Pianoforte in Ateneo', url='/eventi/ateneo/milano/2025/plano-il-pianoforte-in-ateneo1111.html'] }
                            { tag='a', class='cmp-list__item-link', buttons=[text='Il Pianoforte in Ateneo', url=''] }
                          { tag='article', buttons=[text='Simulazioni individuali del colloquio di selezione - Umana', url='/eventi/stage-e-placement/2025/milano/Simulazioni-colloqui-di-selezione-Settembre-2025.html'] }
                            { tag='a', class='cmp-list__item-link', buttons=[text='Simulazioni individuali del colloquio di selezione - Umana', url=''] }
                          { tag='article', buttons=[text='Le anteprime di pianoforte in ateneo', url='/eventi/ateneo/milano/2025/le-anteprime-di-pianoforte-in-ateneo.html'] }
                            { tag='a', class='cmp-list__item-link', buttons=[text='Le anteprime di pianoforte in ateneo', url=''] }
                          { tag='article', buttons=[text='L'eredità del pensiero di Paolo Tarso nella tradizione giuridica occidentale. Dall'antichità al Medioevo', url='/eventi/ateneo/milano/2025/l-eredita-del-pensiero.html'] }
                            { tag='a', class='cmp-list__item-link', buttons=[text='L'eredità del pensiero di Paolo Tarso nella tradizione giuridica occidentale. Dall'antichità al Medioevo', url=''] }
                          { tag='article', buttons=[text='Il contributo italiano della sociologia alla luce dei nuovi fenomeni estremisti', url='/eventi/ateneo/milano/2025/Il-contributo-italiano-della-sociologia-alla-luce-dei-nuovi-fenomeni-estremisti.html'] }
                            { tag='a', class='cmp-list__item-link', buttons=[text='Il contributo italiano della sociologia alla luce dei nuovi fenomeni estremisti', url=''] }
                          { tag='article', buttons=[text='La notte delle ricercatrici e dei ricercatori 2025', url='/eventi/ateneo/brescia/2025/la-notte-delle-ricercatrici-e-dei-ricercatori-2025.html'] }
                            { tag='a', class='cmp-list__item-link', buttons=[text='La notte delle ricercatrici e dei ricercatori 2025', url=''] }
                          { tag='article', buttons=[text='Rischiare, divertirsi, vincere...', url='/eventi/ateneo/brescia/2025/rischiare-divertirsi-vincere.html'] }
                            { tag='a', class='cmp-list__item-link', buttons=[text='Rischiare, divertirsi, vincere...', url=''] }
                          { tag='article', buttons=[text='IROD 2025 - Open day Radiologia interventistica', url='/eventi/ateneo/roma/2025/irod-2025---open-day-radiologia-interventistica.html'] }
                            { tag='a', class='cmp-list__item-link', buttons=[text='IROD 2025 - Open day Radiologia interventistica', url=''] }
                          { tag='article', buttons=[text='From light to nano', url='/eventi/ateneo/brescia/2025/from-light-to-nano.html'] }
                            { tag='a', class='cmp-list__item-link', buttons=[text='From light to nano', url=''] }
                          { tag='article', buttons=[text='Una storia della disuguaglianza economica in occidente', url='/eventi/ateneo/milano/2025/Una-storia-della-disuguaglianza-economica-in-occidente.html'] }
                            { tag='a', class='cmp-list__item-link', buttons=[text='Una storia della disuguaglianza economica in occidente', url=''] }
                          { tag='article', buttons=[text='Neuromanagement per il benessere:  discussione di protocolli  di ricerca applicata', url='/eventi/ateneo/milano/2025/Neuromanagement-per-il-benessere.html'] }
                            { tag='a', class='cmp-list__item-link', buttons=[text='Neuromanagement per il benessere:  discussione di protocolli  di ricerca applicata', url=''] }
                          { tag='article', buttons=[text='Prepararsi al meglio per le selezioni in una banca di investimento: Morgan Stanley', url='/eventi/stage-e-placement/2025/milano/Prepararsi-al-meglio-per-le-selezioni-in-una-banca-di-investimento--Morgan-Stanley1.html'] }
                            { tag='a', class='cmp-list__item-link', buttons=[text='Prepararsi al meglio per le selezioni in una banca di investimento: Morgan Stanley', url=''] }
                          { tag='article', buttons=[text='PORTFOLIO SIMULATION PROJECT', url='/eventi/stage-e-placement/2025/milano/Portfolio-Simulation-Project.html'] }
                            { tag='a', class='cmp-list__item-link', buttons=[text='PORTFOLIO SIMULATION PROJECT', url=''] }
                          { tag='article', buttons=[text='Nazionalismo 2.0', url='/eventi/ateneo/milano/2025/nazionalismo-2-0.html'] }
                            { tag='a', class='cmp-list__item-link', buttons=[text='Nazionalismo 2.0', url=''] }
                          { tag='article', buttons=[text='Settimana del Dono', url='/eventi/ateneo/piacenza/giornata_del_dono.html'] }
                            { tag='a', class='cmp-list__item-link', buttons=[text='Settimana del Dono', url=''] }
                          { tag='article', buttons=[text='DSA DAYS 2025', url='/eventi/ateneo/milano/2025/DSA-WEEK-2025.html'] }
                            { tag='a', class='cmp-list__item-link', buttons=[text='DSA DAYS 2025', url=''] }
                          { tag='article', buttons=[text='L'irrilevanza dell'Europa: un destino inevitabile?', url='/eventi/ateneo/brescia/2025/l-irrilevanza-dell-europa.html'] }
                            { tag='a', class='cmp-list__item-link', buttons=[text='L'irrilevanza dell'Europa: un destino inevitabile?', url=''] }
                          { tag='article', buttons=[text='Career Essentials: Il CV e il Colloquio di selezione', url='/eventi/stage-e-placement/2025/milano/Career-Essentials.html'] }
                            { tag='a', class='cmp-list__item-link', buttons=[text='Career Essentials: Il CV e il Colloquio di selezione', url=''] }
                          { tag='article', buttons=[text='FORmazione MEtodologica (FORME)', url='/eventi/ateneo/milano/2025/formazione-metodologica-forme5.html'] }
                            { tag='a', class='cmp-list__item-link', buttons=[text='FORmazione MEtodologica (FORME)', url=''] }
                          { tag='article', buttons=[text='Ogni cosa ha il suo perché', url='/eventi/ateneo/milano/2025/Ogni-cosa-ha-il-suo-perche.html'] }
                            { tag='a', class='cmp-list__item-link', buttons=[text='Ogni cosa ha il suo perché', url=''] }
                          { tag='article', buttons=[text='White Coat Ceremony', url='/eventi/ateneo/roma/2025/white-coat-ceremony.html'] }
                            { tag='a', class='cmp-list__item-link', buttons=[text='White Coat Ceremony', url=''] }
                          { tag='article', buttons=[text='Valutazione dello stato di salute di un’azienda: gli indici predittivi della crisi.', url='/eventi/stage-e-placement/2025/piacenza-cremona/TODISCO-ROSSI-2025.html'] }
                            { tag='a', class='cmp-list__item-link', buttons=[text='Valutazione dello stato di salute di un’azienda: gli indici predittivi della crisi.', url=''] }
                          { tag='article', buttons=[text='MIGRANTS-CENTERED  HUMAN RIGHTS due  diligence in the fashion  industry's supply chain: The role of IOM-UN Agency', url='/eventi/stage-e-placement/2025/piacenza-cremona/Di-Mauro-IOM-2025.html'] }
                            { tag='a', class='cmp-list__item-link', buttons=[text='MIGRANTS-CENTERED  HUMAN RIGHTS due  diligence in the fashion  industry's supply chain: The role of IOM-UN Agency', url=''] }
                          { tag='article', buttons=[text='Boosting human wellbeing with behavioural insights (b-hu-well)', url='/eventi/ateneo/milano/2025/boosting-human-wellbeing-with-behavioural-insights.html'] }
                            { tag='a', class='cmp-list__item-link', buttons=[text='Boosting human wellbeing with behavioural insights (b-hu-well)', url=''] }
                          { tag='article', buttons=[text='Career Day Cattolica 2025', url='/eventi/stage-e-placement/2025/milano/Career-Day-Cattolica-2025.html'] }
                            { tag='a', class='cmp-list__item-link', buttons=[text='Career Day Cattolica 2025', url=''] }
                          { tag='article', buttons=[text='Career Hub - Dai un boost alla tua carriera!', url='/eventi/stage-e-placement/2025/milano/Career-Hub-19-marzo1.html'] }
                            { tag='a', class='cmp-list__item-link', buttons=[text='Career Hub - Dai un boost alla tua carriera!', url=''] }
                          { tag='article', buttons=[text='Career Day Cattolica 2025', url='/eventi/stage-e-placement/2025/milano/Career-Day-Cattolica-20251.html'] }
                            { tag='a', class='cmp-list__item-link', buttons=[text='Career Day Cattolica 2025', url=''] }
                          { tag='article', buttons=[text='DSA DAYS 2025', url='/eventi/ateneo/brescia/2025/DSA-WEEK-2025.html'] }
                            { tag='a', class='cmp-list__item-link', buttons=[text='DSA DAYS 2025', url=''] }
                          { tag='article', buttons=[text='Il Pianoforte in Ateneo', url='/eventi/ateneo/milano/2025/plano-il-pianoforte-in-ateneo111111.html'] }
                            { tag='a', class='cmp-list__item-link', buttons=[text='Il Pianoforte in Ateneo', url=''] }
                          { tag='article', buttons=[text='XXX Congresso Nazionale dei Genetisti Forensi Italiani "NEW DIRECTIONS IN FORENSIC GENETICS"', url='/eventi/ateneo/roma/2025/xxx-congresso-nazionale-dei-genetisti-forensi-italiani--new-dire.html'] }
                            { tag='a', class='cmp-list__item-link', buttons=[text='XXX Congresso Nazionale dei Genetisti Forensi Italiani "NEW DIRECTIONS IN FORENSIC GENETICS"', url=''] }
                          { tag='article', buttons=[text='"Il fantasma di Canterville" di Oscar Wilde', url='/eventi/ateneo/brescia/2025/il-fantasma-di-canterville.html'] }
                            { tag='a', class='cmp-list__item-link', buttons=[text='"Il fantasma di Canterville" di Oscar Wilde', url=''] }
                          { tag='article', buttons=[text='Il posto di Pietro Bembo nella cultura grafica del Cinquecento', url='/eventi/ateneo/milano/2025/il-posto-di-Pietro-Bembo.html'] }
                            { tag='a', class='cmp-list__item-link', buttons=[text='Il posto di Pietro Bembo nella cultura grafica del Cinquecento', url=''] }
                          { tag='article', buttons=[text='Le anteprime di pianoforte in ateneo', url='/eventi/ateneo/milano/2025/le-anteprime-di-pianoforte-in-ateneo1.html'] }
                            { tag='a', class='cmp-list__item-link', buttons=[text='Le anteprime di pianoforte in ateneo', url=''] }
                          { tag='article', buttons=[text='Thomas Mann intellettuale europeo', url='/eventi/ateneo/brescia/2025/mann-intellettuale-europeo.html'] }
                            { tag='a', class='cmp-list__item-link', buttons=[text='Thomas Mann intellettuale europeo', url=''] }
                          { tag='article', buttons=[text='Performart: un’esperienza di ricerca collettiva', url='/eventi/ateneo/milano/2025/performart.html'] }
                            { tag='a', class='cmp-list__item-link', buttons=[text='Performart: un’esperienza di ricerca collettiva', url=''] }
                          { tag='article', buttons=[text='DSA DAYS 2025', url='/eventi/ateneo/roma/2025/DSA-WEEK-2025.html'] }
                            { tag='a', class='cmp-list__item-link', buttons=[text='DSA DAYS 2025', url=''] }
                          { tag='article', buttons=[text='Career Day Cattolica 2025', url='/eventi/stage-e-placement/2025/brescia/career-day-cattolica-2025.html'] }
                            { tag='a', class='cmp-list__item-link', buttons=[text='Career Day Cattolica 2025', url=''] }
                          { tag='article', buttons=[text='Ippocrate  e le epidemie', url='/eventi/ateneo/brescia/2025/ippocrate-e-le-epidemie.html'] }
                            { tag='a', class='cmp-list__item-link', buttons=[text='Ippocrate  e le epidemie', url=''] }
                          { tag='article', buttons=[text='"Sior Todero Brontolon" di Carlo Goldoni', url='/eventi/ateneo/brescia/2025/sior-todero-brontolon.html'] }
                            { tag='a', class='cmp-list__item-link', buttons=[text='"Sior Todero Brontolon" di Carlo Goldoni', url=''] }
                          { tag='article', buttons=[text='"La gatta sul tetto che scotta" di Tennessee Williams', url='/eventi/ateneo/brescia/2025/la-gatta-sul-tetto-che-scotta.html'] }
                            { tag='a', class='cmp-list__item-link', buttons=[text='"La gatta sul tetto che scotta" di Tennessee Williams', url=''] }
                          { tag='article', buttons=[text='Leve strategiche per la gestione del margine operativo.', url='/eventi/stage-e-placement/2025/piacenza-cremona/TODISCO-LOMBARDI-2025.html'] }
                            { tag='a', class='cmp-list__item-link', buttons=[text='Leve strategiche per la gestione del margine operativo.', url=''] }
                          { tag='article', buttons=[text='"Le Coefore" di Eschilo', url='/eventi/ateneo/brescia/2025/le-coefore.html'] }
                            { tag='a', class='cmp-list__item-link', buttons=[text='"Le Coefore" di Eschilo', url=''] }
                          { tag='article', buttons=[text='Career Day Cattolica 2025', url='/eventi/stage-e-placement/2025/brescia/career-day-cattolica-20251.html'] }
                            { tag='a', class='cmp-list__item-link', buttons=[text='Career Day Cattolica 2025', url=''] }
                          { tag='article', buttons=[text='Orientare scelte, processi e risultati attraverso insight e KPI strategici.', url='/eventi/stage-e-placement/2025/piacenza-cremona/TODISCO-PANICO-2025.html'] }
                            { tag='a', class='cmp-list__item-link', buttons=[text='Orientare scelte, processi e risultati attraverso insight e KPI strategici.', url=''] }
                          { tag='article', buttons=[text='Career Day Cattolica 2025', url='/eventi/stage-e-placement/2025/roma/career-day-cattolica-2025.html'] }
                            { tag='a', class='cmp-list__item-link', buttons=[text='Career Day Cattolica 2025', url=''] }
                          { tag='article', buttons=[text='Il Pianoforte in Ateneo', url='/eventi/ateneo/milano/2025/plano-il-pianoforte-in-ateneo11111.html'] }
                            { tag='a', class='cmp-list__item-link', buttons=[text='Il Pianoforte in Ateneo', url=''] }
                          { tag='article', buttons=[text='Invenzioni, scritture, metamorfosi. Dalla pagina alla scena', url='/eventi/ateneo/brescia/2025/invenzioni-scritture-metamorfosi.html'] }
                            { tag='a', class='cmp-list__item-link', buttons=[text='Invenzioni, scritture, metamorfosi. Dalla pagina alla scena', url=''] }
                          { tag='article', buttons=[text='Le anteprime di pianoforte in ateneo', url='/eventi/ateneo/milano/2025/le-anteprime-di-pianoforte-in-ateneo2.html'] }
                            { tag='a', class='cmp-list__item-link', buttons=[text='Le anteprime di pianoforte in ateneo', url=''] }
                          { tag='article', buttons=[text='Career Day Cattolica 2025', url='/eventi/stage-e-placement/2025/piacenza-cremona/career-day-cattolica-2025.html'] }
                            { tag='a', class='cmp-list__item-link', buttons=[text='Career Day Cattolica 2025', url=''] }
                          { tag='article', buttons=[text='La dimensione finanziaria della pianificazione: il caso di una start up.', url='/eventi/stage-e-placement/2025/piacenza-cremona/TODISCO-BUSO-2025.html'] }
                            { tag='a', class='cmp-list__item-link', buttons=[text='La dimensione finanziaria della pianificazione: il caso di una start up.', url=''] }
                          { tag='article', buttons=[text='"Il berretto a sonagli" di Luigi Pirandello', url='/eventi/ateneo/brescia/2025/il-berretto-a-sonagli.html'] }
                            { tag='a', class='cmp-list__item-link', buttons=[text='"Il berretto a sonagli" di Luigi Pirandello', url=''] }
                          { tag='article', buttons=[text='"Riccardo III" di William Shakespeare', url='/eventi/ateneo/brescia/2025/riccardo-iii.html'] }
                            { tag='a', class='cmp-list__item-link', buttons=[text='"Riccardo III" di William Shakespeare', url=''] }
                            { tag='div', class='cmp-title', buttons=[text='Succede in ateneo', url=''] }
                          { tag='div', class='item item-a', buttons=[text='Un sapere che unisce fede, cultura e società', url='https://secondotempo.cattolicanews.it/news-un-sapere-che-unisce-fede-cultura-e-societa'] }
                          { tag='div', class='item item-b', buttons=[text='In Cattolica delegati europei per cercare soluzioni sulla residenzialità universitaria', url='https://secondotempo.cattolicanews.it/news-in-cattolica-delegati-europei-per-cercare-soluzioni-sulla-residenzialita-universitaria'] }
                          { tag='div', class='item item-c', buttons=[text='L’economia, la finanza e il futuro dell’umanità', url='https://secondotempo.cattolicanews.it/news-l-economia-la-finanza-e-il-futuro-dell-umanita'] }
                          { tag='div', class='item', buttons=[text='La città che apprende, apprendere nella città', url='https://secondotempo.cattolicanews.it/news-la-citta-che-apprende-apprendere-nella-citta'] }
                          { tag='div', class='item', buttons=[text='Ricerca e formazione: leve strategiche per il futuro delle banche mutualistiche', url='https://secondotempo.cattolicanews.it/news-ricerca-e-formazione-leve-strategiche-per-il-futuro-delle-banche-mutualistiche'] }
                          { tag='div', class='item', buttons=[text='La voce delle donne, strumento di cittadinanza e democrazia', url='https://secondotempo.cattolicanews.it/news-la-voce-delle-donne-strumento-di-cittadinanza-e-democrazia'] }
                          { tag='div', class='item', buttons=[text='Parlare ai giovani che credono in ciò che nessuno osa deridere', url='https://secondotempo.cattolicanews.it/news-parlare-ai-giovani-che-credono-in-cio-che-nessuno-osa-deridere'] }
                          { tag='div', class='item', buttons=[text='', url='https://nunc.it/video/xxii-convegno-annuale-codau-2025', text='XXII convegno annuale CoDAU 2025', url='https://nunc.it/video/xxii-convegno-annuale-codau-2025'] }
                          { tag='div', class='item', buttons=[text='', url='https://nunc.it/video/tesi-on-stage-alice-bascherini', text='Tesi On Stage | Alice Bascherini', url='https://nunc.it/video/tesi-on-stage-alice-bascherini'] }
                          { tag='div', class='item', buttons=[text='', url='https://nunc.it/video/ritornare-al-cuore-per-un-ateneo-innovativo-e-generativo-lincontro-a-cremona', text='Ritornare al cuore. Per un Ateneo innovativo e generativo – l’incontro a Cremona', url='https://nunc.it/video/ritornare-al-cuore-per-un-ateneo-innovativo-e-generativo-lincontro-a-cremona'] }
                          { tag='div', class='item', buttons=[text='', url='https://nunc.it/video/ritornare-al-cuore-per-un-ateneo-innovativo-e-generativo-lincontro-a-piacenza', text='Ritornare al cuore. Per un Ateneo innovativo e generativo – l’incontro a Piacenza', url='https://nunc.it/video/ritornare-al-cuore-per-un-ateneo-innovativo-e-generativo-lincontro-a-piacenza'] }
                          { tag='div', class='item', buttons=[text='', url='https://nunc.it/video/ritornare-al-cuore-per-un-ateneo-innovativo-e-generativo', text='RITORNARE AL CUORE. Per un Ateneo innovativo e generativo', url='https://nunc.it/video/ritornare-al-cuore-per-un-ateneo-innovativo-e-generativo'] }
                          { tag='div', class='item', buttons=[text='', url='https://nunc.it/video/la-professione-che-vorrei-formarsi-dopo-la-laurea-per-una-nuova-e-solida-professionalita', text='La professione che vorrei. Formarsi dopo la laurea per una nuova (e solida) professionalità', url='https://nunc.it/video/la-professione-che-vorrei-formarsi-dopo-la-laurea-per-una-nuova-e-solida-professionalita'] }
                          { tag='div', class='item', buttons=[text='', url='https://nunc.it/podcast/italia-2050', text='Italia 2050', url='https://nunc.it/podcast/italia-2050'] }
                          { tag='div', class='item', buttons=[text='', url='https://nunc.it/podcast/la-parola-del-giorno', text='Tutti inclusi', url='https://nunc.it/podcast/la-parola-del-giorno'] }
                          { tag='div', class='item', buttons=[text='', url='https://nunc.it/podcast/sconfinati', text='Sconfinati', url='https://nunc.it/podcast/sconfinati'] }
                          { tag='div', class='item', buttons=[text='', url='https://nunc.it/podcast/2025-andata-o-ritorno', text='2025, andata o ritorno', url='https://nunc.it/podcast/2025-andata-o-ritorno'] }
                          { tag='div', class='item', buttons=[text='', url='https://nunc.it/podcast/io-sono-la-radio', text='Io sono la radio', url='https://nunc.it/podcast/io-sono-la-radio'] }
                          { tag='div', class='item', buttons=[text='', url='https://nunc.it/podcast/ritratti-di-un-tempo', text='Ritratti di un tempo', url='https://nunc.it/podcast/ritratti-di-un-tempo'] }
                          { tag='div', class='item', buttons=[text='', url='https://nunc.it/podcast/padri-e-madri-della-sociologi', text='Padri e Madri della Sociologia', url='https://nunc.it/podcast/padri-e-madri-della-sociologi'] }
                          { tag='div', class='item', buttons=[text='', url='https://nunc.it/podcast/il-dizionario-della-tv-che-cambia', text='Il dizionario della Tv che cambia', url='https://nunc.it/podcast/il-dizionario-della-tv-che-cambia'] }
                          { tag='div', class='button', buttons=[text='Vai a tutte le notizie', url='https://secondotempo.cattolicanews.it/'] }
                        { tag='div', class='carousel-top-container', buttons=[text='I nostri Campus', url=''] }
                                  { tag='div', class='cmp-image', buttons=[text='', url='https://milano.unicatt.it'] }
                                { tag='div', class='cmp-teaser__content', buttons=[text='Una città internazionale', url='', text='Milano', url=''] }
                                { tag='h3', class='cmp-teaser__title', buttons=[text='Milano', url='https://milano.unicatt.it'] }
                                { tag='div', class='cmp-teaser__action-container', buttons=[text='CAMPUS DI MILANO', url='https://milano.unicatt.it'] }
                                { tag='div', class='cmp-teaser__content', buttons=[text='La città dalle molte facce', url='', text='Brescia', url=''] }
                                { tag='h3', class='cmp-teaser__title', buttons=[text='Brescia', url='https://brescia.unicatt.it'] }
                                { tag='div', class='cmp-teaser__action-container', buttons=[text='CAMPUS DI BRESCIA', url='https://brescia.unicatt.it'] }
                                { tag='div', class='cmp-teaser__content', buttons=[text='Una città antica e bellissima', url='', text='Cremona', url=''] }
                                { tag='h3', class='cmp-teaser__title', buttons=[text='Cremona', url='https://piacenza.unicatt.it'] }
                                { tag='div', class='cmp-teaser__action-container', buttons=[text='CAMPUS DI CREMONA', url='https://piacenza.unicatt.it'] }
                                { tag='div', class='cmp-teaser__content', buttons=[text='Una città da vivere e "gustare"', url='', text='Piacenza', url=''] }
                                { tag='h3', class='cmp-teaser__title', buttons=[text='Piacenza', url='https://piacenza.unicatt.it'] }
                                { tag='div', class='cmp-teaser__action-container', buttons=[text='CAMPUS DI PIACENZA', url='https://piacenza.unicatt.it'] }
                                { tag='div', class='cmp-teaser__content', buttons=[text='Capitale d’Italia, meta di turismo, culla di storia e di spiritualità', url='', text='Roma', url=''] }
                                { tag='h3', class='cmp-teaser__title', buttons=[text='Roma', url='https://roma.unicatt.it'] }
                                { tag='div', class='cmp-teaser__action-container', buttons=[text='CAMPUS DI ROMA', url='https://roma.unicatt.it'] }
                              { tag='li', class='cmp-carousel__indicator cmp-carousel__indicator--active', buttons=[text='Milano', url=''] }
                              { tag='li', class='cmp-carousel__indicator', buttons=[text='Brescia', url=''] }
                              { tag='li', class='cmp-carousel__indicator', buttons=[text='Cremona', url=''] }
                              { tag='li', class='cmp-carousel__indicator', buttons=[text='Piacenza', url=''] }
                              { tag='li', class='cmp-carousel__indicator', buttons=[text='Roma', url=''] }
                          { tag='div', class='cmp-carousel__actions', buttons=[text='Precedente', url='', text='Successivo', url='', text='Pausa', url='', text='Riproduci', url=''] }
                          { tag='article', buttons=[text='Docenti Cattolica', url='/ateneo/docenti.html'] }
                          { tag='article', buttons=[text='Educatt', url='https://educatt.unicatt.it'] }
                          { tag='article', buttons=[text='Sostieni l'Università', url='https://sostieni.unicatt.it'] }
                          { tag='article', buttons=[text='Policlinico A. Gemelli IRCCS', url='https://www.policlinicogemelli.it/'] }
                          { tag='article', buttons=[text='Vita e pensiero editrice', url='https://www.vitaepensiero.it/'] }
                          { tag='article', buttons=[text='Sistema bibliotecario', url='https://biblioteche.unicatt.it/biblioteca/sbda-home'] }
                          { tag='article', buttons=[text='Librerie e merchandising', url='/landing/link/librerie-e-merchandising.html'] }
                          { tag='article', buttons=[text='Giornalisti e media', url='/contatti/giornalisti-e-media.html'] }
                          { tag='article', buttons=[text='Ufficio rapporti con il pubblico', url='/landing/link/ufficio-rapporti-con-il-pubblico.html'] }
                          { tag='article', buttons=[text='Contatti', url='/contatti.html'] }
                          { tag='article', buttons=[text='iCatt', url='https://icatt.unicatt.it/'] }
                          { tag='article', buttons=[text='Wifi e Eduroam', url='/landing/strumenti/wifi-e-eduroam.html'] }
                          { tag='article', buttons=[text='IDEM Garr AAI', url='/landing/strumenti/idem-garr-aai.html'] }
                          { tag='article', buttons=[text='Off-campus', url='/landing/strumenti/off-campus.html'] }
                          { tag='article', buttons=[text='CV Online', url='/landing/strumenti/cv-online.html'] }
                          { tag='article', buttons=[text='Albo Fornitori', url='https://unicattolica.bravosolution.com/web/login.html'] }
                          { tag='article', buttons=[text='Bandi e Gare', url='/landing/strumenti/bandi-e-gare.html'] }
                          { tag='article', buttons=[text='Verifica certificati e autocertificazioni', url='https://verificaautocertificazioni.unicatt.it/'] }
                          { tag='article', buttons=[text='Intranet', url='https://intranet.unicatt.it/'] }
                          { tag='article', buttons=[text='CloudMail e mail @icatt', url='/landing/strumenti/cloudmail-e-mail--icatt.html'] }
                          { tag='article', buttons=[text='Linkedin', url='https://www.linkedin.com/school/unicatt'] }
                          { tag='article', buttons=[text='Instagram @unicatt', url='https://www.instagram.com/unicatt/'] }
                          { tag='article', buttons=[text='Facebook @unicatt', url='https://www.facebook.com/unicatt'] }
                          { tag='article', buttons=[text='X @unicatt', url='https://twitter.com/unicatt'] }
                          { tag='article', buttons=[text='Youtube', url='https://www.youtube.com/user/younicatt'] }
                          { tag='article', buttons=[text='Telegram', url='https://t.me/unicatt'] }
                          { tag='article', buttons=[text='Spotify', url='https://open.spotify.com/user/xj5kdm0z2e6x096ulwii930wb?si=7ff8cbed27174a1'] }
                          { tag='article', buttons=[text='Presenza', url='https://presenza.unicatt.it/'] }
                          { tag='article', buttons=[text='Media center', url='https://secondotempo.cattolicanews.it'] }
                          { tag='article', buttons=[text='CattolicaNews', url='https://secondotempo.cattolicanews.it/home-notizie'] }
                          { tag='article', buttons=[text='Instagram @cattolicanews', url='https://www.instagram.com/cattolicanews/'] }
                          { tag='article', buttons=[text='Facebook @cattolicanews', url='https://www.facebook.com/CattolicaNews/'] }
                          { tag='article', buttons=[text='X @cattolicanews', url='https://twitter.com/Cattolica_News/'] }
                          { tag='div', class='cmp-footer-lang__container', buttons=[text='ENGLISH', url='/en'] }
                              { tag='li', class='cmp-footer__text cmp-footer-section_text', buttons=[text='Privacy', url='/privacy.html'] }
                              { tag='li', class='cmp-footer__text cmp-footer-section_text', buttons=[text='Accessibilità', url='/dichiarazione-di-accessibilita.html'] }
                              { tag='li', class='cmp-footer__text cmp-footer-section_text', buttons=[text='Cookies', url='/cookies.html'] }
