        { tag='div', class='secondMenuBar' }
            { tag='div', class='mainLogo', buttons=[text='', url='/'] }
                { tag='li', class='menuItem homeItem', buttons=[text='Home', url='/'] }
                { tag='li', class='menuItem', buttons=[text='Study', url='/study/'] }
                        { tag='p', buttons=[text='Undergraduate', url='/study/undergraduate/'] }
                          { tag='li', buttons=[text='UndergraduateCourses', url='/study/undergraduate/courses/'] }
                          { tag='li', buttons=[text='Prospectus(undergraduate)', url='/study/undergraduate/prospectus/'] }
                          { tag='li', buttons=[text='Applying(undergraduate)', url='/study/undergraduate/applying/'] }
                          { tag='li', buttons=[text='Offer-holders', url='/study/undergraduate/applying/after-you-apply/offer-holders/'] }
                          { tag='li', buttons=[text='Fees and funding(undergraduate)', url='/study/undergraduate/fees-and-funding/'] }
                          { tag='li', buttons=[text='Widening participation programmes', url='/study/undergraduate/widening-participation/'] }
                          { tag='li', buttons=[text='Study experience(undergraduate)', url='/study/undergraduate/study-experience/'] }
                          { tag='li', buttons=[text='Student support(undergraduate)', url='/study/undergraduate/student-support/'] }
                          { tag='li', buttons=[text='Contact us(undergraduate)', url='/study/undergraduate/applying/contact/'] }
                        { tag='p', buttons=[text='Taught master's', url='/study/masters/'] }
                          { tag='li', buttons=[text='Taught master'sCourses', url='/study/masters/courses/'] }
                          { tag='li', buttons=[text='Admissions(taught master's)', url='/study/masters/admissions/'] }
                          { tag='li', buttons=[text='Fees and fundingfor taught master's study', url='/study/masters/fees-and-funding/'] }
                          { tag='li', buttons=[text='Why should I study a master’s?', url='/study/masters/why-masters-study/'] }
                          { tag='li', buttons=[text='Teaching and learning(taught master's)', url='/study/masters/teaching-and-learning/'] }
                          { tag='li', buttons=[text='Meet us(taught master's)', url='/study/masters/meet-us/'] }
                          { tag='li', buttons=[text='Student support(taught master's)', url='/study/masters/student-support/'] }
                          { tag='li', buttons=[text='Why Manchester?(taught master's)', url='/study/masters/why-manchester/'] }
                          { tag='li', buttons=[text='Contact us(taught master's)', url='/study/masters/contact-us/'] }
                        { tag='p', buttons=[text='Postgraduate research', url='/study/postgraduate-research/'] }
                          { tag='li', buttons=[text='Why Manchester?(postgraduate research)', url='/study/postgraduate-research/why-manchester/'] }
                          { tag='li', buttons=[text='Research areas', url='/study/postgraduate-research/programmes/research-areas/'] }
                          { tag='li', buttons=[text='Postgraduate researchProgrammes', url='/study/postgraduate-research/programmes/'] }
                          { tag='li', buttons=[text='People(postgraduate research)', url='/study/postgraduate-research/people/'] }
                          { tag='li', buttons=[text='Admissions(postgraduate research)', url='/study/postgraduate-research/admissions/'] }
                          { tag='li', buttons=[text='Feesfor postgraduate research', url='/study/postgraduate-research/fees/'] }
                          { tag='li', buttons=[text='Fundingfor postgraduate research', url='/study/postgraduate-research/funding/'] }
                          { tag='li', buttons=[text='Contact us(postgraduate research)', url='/study/postgraduate-research/contact/'] }
                        { tag='p', buttons=[text='Postgraduate certificates and diplomas', url='/study/postgraduate-certificate-diploma/'] }
                        { tag='p', buttons=[text='Online and blended learning', url='/study/online-blended-learning/'] }
                        { tag='p', buttons=[text='Continuing professional developmentcourses', url='/study/cpd/'] }
                        { tag='p', buttons=[text='Student terms and conditions, policies and procedures', url='/study/student-terms-and-conditions/'] }
                        { tag='p', buttons=[text='Student life', url='/study/student-life/'] }
                          { tag='li', buttons=[text='Campus spaces', url='/study/student-life/campus/'] }
                          { tag='li', buttons=[text='Student experience', url='/study/student-life/experience/'] }
                          { tag='li', buttons=[text='City guide', url='/study/student-life/city/'] }
                        { tag='p', buttons=[text='Open days', url='/study/open-days/'] }
                        { tag='p', buttons=[text='Campus tours', url='/study/undergraduate/open-days-visits/meet-us/individual-guided-campus-visits/'] }
                        { tag='p', buttons=[text='Accommodation', url='/study/accommodation/'] }
                        { tag='p', buttons=[text='Get ready for Manchester', url='https://www.welcome.manchester.ac.uk/get-ready/'] }
                        { tag='p', buttons=[text='Virtual Manchester', url='/study/virtual/'] }
                        { tag='p', buttons=[text='Making a payment', url='/study/payment/'] }
                        { tag='p', buttons=[text='International', url='/study/international/'] }
                          { tag='li', buttons=[text='Why study at Manchester?(for international students)', url='/study/international/why-manchester/'] }
                          { tag='li', buttons=[text='Offer-holders', url='/study/undergraduate/applications/after-you-apply/offer-holders/'] }
                          { tag='li', buttons=[text='Accommodationfor international students', url='/study/international/accommodation/'] }
                          { tag='li', buttons=[text='English education system', url='/study/international/english-education-system/'] }
                          { tag='li', buttons=[text='Prospectus(international students)', url='/study/international/prospectus/'] }
                          { tag='li', buttons=[text='International admissions', url='/study/international/admissions/'] }
                          { tag='li', buttons=[text='Finance and scholarshipsfor international students', url='/study/international/finance-and-scholarships/'] }
                          { tag='li', buttons=[text='Arrival(international students)', url='/study/get-ready/'] }
                          { tag='li', buttons=[text='Study abroad and exchange', url='/study/international/study-abroad-exchange/'] }
                          { tag='li', buttons=[text='Country-specific information', url='/study/international/country-specific-information/'] }
                          { tag='li', buttons=[text='Webinars(undergraduate)', url='/study/undergraduate/webinars/'] }
                          { tag='li', buttons=[text='Exhibitions and visits in your country', url='/study/international/exhibitions-visits-in-country/'] }
                          { tag='li', buttons=[text='EU students considering Manchester', url='/study/international/eu/'] }
                          { tag='li', buttons=[text='Contact the international team', url='/study/international/contact-international-team/'] }
                { tag='li', class='menuItem', buttons=[text='Research', url='/research/'] }
                        { tag='p', buttons=[text='Research beacons', url='/research/beacons/'] }
                          { tag='li', buttons=[text='Advanced materials– research beacon', url='/research/beacons/advanced-materials/'] }
                          { tag='li', buttons=[text='Biotechnology– research beacon', url='/research/beacons/biotechnology/'] }
                          { tag='li', buttons=[text='Cancer– research beacon', url='/research/beacons/cancer/'] }
                          { tag='li', buttons=[text='Energy– research beacon', url='/research/beacons/energy/'] }
                          { tag='li', buttons=[text='Global inequalities– research beacon', url='/research/beacons/global-inequalities/'] }
                        { tag='p', buttons=[text='Research structure', url='/research/structure/'] }
                          { tag='li', buttons=[text='Research institutes', url='/research/structure/institutes/'] }
                          { tag='li', buttons=[text='Research platforms', url='/research/structure/platforms/'] }
                          { tag='li', buttons=[text='Research facilities', url='/research/structure/facilities/'] }
                          { tag='li', buttons=[text='Our Faculties', url='/research/structure/faculties/'] }
                        { tag='p', buttons=[text='Research strategy and achievements', url='/research/strategy/'] }
                        { tag='p', buttons=[text='Research Explorer', url='https://research.manchester.ac.uk/en/'] }
                          { tag='li', buttons=[text='Researchers', url='https://research.manchester.ac.uk/en/persons/'] }
                          { tag='li', buttons=[text='Publications', url='https://research.manchester.ac.uk/en/publications/'] }
                          { tag='li', buttons=[text='Projects', url='https://research.manchester.ac.uk/en/projects/'] }
                        { tag='p', buttons=[text='Research impact and innovation', url='/research/impact/'] }
                          { tag='li', buttons=[text='REF 2021(research)', url='/research/impact/ref-2021/'] }
                          { tag='li', buttons=[text='Research impact showcase(research)', url='/research/impact/showcase/'] }
                          { tag='li', buttons=[text='SDG campaign(research)', url='/research/impact/sdgs/'] }
                        { tag='p', buttons=[text='Research partnerships', url='/research/strategy/partnerships/'] }
                        { tag='p', buttons=[text='Postgraduate research', url='/study/postgraduate-research/'] }
                        { tag='p', buttons=[text='Bicentenary PhD Studentships and Fellowships', url='/research/bicentenary-phd-studentships-and-fellowships/'] }
                        { tag='p', buttons=[text='Researcher development', url='/research/researcher-development/'] }
                        { tag='p', buttons=[text='Research environment', url='/research/environment/'] }
                        { tag='p', buttons=[text='Research vacancies', url='/research/posts/'] }
                { tag='li', class='menuItem', buttons=[text='Collaborate', url='/collaborate/'] }
                        { tag='p', buttons=[text='Business engagement and knowledge exchange', url='/collaborate/business-engagement-knowledge-exchange/'] }
                        { tag='p', buttons=[text='Innovation Factory', url='/collaborate/innovation-factory/'] }
                        { tag='p', buttons=[text='Policy', url='/collaborate/policy/'] }
                        { tag='p', buttons=[text='Make a donation', url='/collaborate/make-a-donation/'] }
                        { tag='p', buttons=[text='Inspiring local communities', url='/collaborate/communities/'] }
                        { tag='p', buttons=[text='Global influence', url='/collaborate/global-influence/'] }
                { tag='li', class='menuItem', buttons=[text='About', url='/about/'] }
                        { tag='p', buttons=[text='Our story', url='/about/our-story/'] }
                        { tag='p', buttons=[text='Vision and strategic plan', url='/about/vision/'] }
                        { tag='p', buttons=[text='Manchester 2035', url='/about/manchester-2035/'] }
                        { tag='p', buttons=[text='University structure', url='/about/structure/'] }
                        { tag='p', buttons=[text='People', url='/about/people/'] }
                        { tag='p', buttons=[text='Key dates', url='/about/key-dates/'] }
                        { tag='p', buttons=[text='Rankings', url='/about/rankings/'] }
                        { tag='p', buttons=[text='Our campus', url='/about/our-campus/'] }
                        { tag='p', buttons=[text='Maps and travel', url='/about/maps/'] }
                        { tag='p', buttons=[text='Open to the public (visitor attractions)', url='/about/open-public/'] }
                        { tag='p', buttons=[text='Facilities', url='/about/facilities/'] }
                        { tag='p', buttons=[text='Conference venues', url='/about/conference-venues/'] }
                        { tag='p', buttons=[text='Our bicentenary year', url='/about/bicentenary/'] }
                        { tag='p', buttons=[text='History and heritage', url='/about/history-heritage/'] }
                        { tag='p', buttons=[text='Social responsibility', url='/about/social-responsibility/'] }
                        { tag='p', buttons=[text='Teaching and learning excellence', url='/about/teaching-and-learning-excellence/'] }
                        { tag='p', buttons=[text='Environmental sustainability', url='/about/social-responsibility/environmental-sustainability/'] }
                        { tag='p', buttons=[text='News', url='https://www.manchester.ac.uk/about/news/'] }
                        { tag='p', buttons=[text='Events', url='/about/events/'] }
                        { tag='p', buttons=[text='The University Magazine', url='/about/magazine/'] }
                        { tag='p', buttons=[text='Governance', url='/about/governance/'] }
                        { tag='p', buttons=[text='Privacy information', url='/about/privacy-information/'] }
                { tag='li', class='menuItem', buttons=[text='Connect', url='/connect/'] }
                        { tag='p', buttons=[text='Jobs', url='/connect/jobs/'] }
                        { tag='p', buttons=[text='Alumni', url='/connect/alumni/'] }
                        { tag='p', buttons=[text='Teachers and careers advisers', url='/connect/teachers/'] }
                        { tag='p', buttons=[text='Social media', url='/connect/social-media/'] }
                        { tag='p', buttons=[text='Contact us', url='/connect/contact-us/'] }
            { tag='div', class='menu-search-icons', buttons=[text='Search', url=''] }
                  { tag='li', class='closeMenuItem', buttons=[text='Close menu', url=''] }
                      { tag='li', class='email', buttons=[text='Share byEmail', url='mailto:?subject=Faculties%20and%20Schools%20%7C%20Structure%20of%20The%20University%20of%20Manchester&body=https%3A%2F%2Fwww.manchester.ac.uk%2Fabout%2Fstructure%2Ffaculties-schools%2F%3Futm_campaign=uom%26utm_content=article%26utm_medium=social%26utm_source=email%0A%0D'] }
                      { tag='li', class='facebook', buttons=[text='Share viaFacebook', url='https://www.facebook.com/sharer/sharer.php?u=https%3A%2F%2Fwww.manchester.ac.uk%2Fabout%2Fstructure%2Ffaculties-schools%2F%3Futm_campaign=uom%26utm_content=article%26utm_medium=social%26utm_source=facebook'] }
                      { tag='li', class='facebook-messenger', buttons=[text='Share viaFacebook Messenger', url='http://www.facebook.com/dialog/send?app_id=1080012805396708&redirect_uri=https%3A%2F%2Fwww.manchester.ac.uk%2Fabout%2Fstructure%2Ffaculties-schools%2F%3Futm_campaign=uom%26utm_content=article%26utm_medium=social%26utm_source=facebook&link=https%3A%2F%2Fwww.manchester.ac.uk%2Fabout%2Fstructure%2Ffaculties-schools%2F%3Futm_campaign=uom%26utm_content=article%26utm_medium=social%26utm_source=facebook'] }
                      { tag='li', class='twitter', buttons=[text='Share viaTwitter', url='https://twitter.com/intent/tweet?text=Faculties%20and%20Schools%20%7C%20Structure%20of%20The%20University%20of%20Manchester.%0AFollow%20us%20at%20%40OfficialUoM&url=https%3A%2F%2Fwww.manchester.ac.uk%2Fabout%2Fstructure%2Ffaculties-schools%2F%3Futm_campaign=uom%26utm_content=article%26utm_medium=social%26utm_source=twitter'] }
                      { tag='li', class='linkedin', buttons=[text='Share viaLinkedIn', url='https://www.linkedin.com/shareArticle?mini=true&url=https%3A%2F%2Fwww.manchester.ac.uk%2Fabout%2Fstructure%2Ffaculties-schools%2F%3Futm_campaign=uom%26utm_content=article%26utm_medium=social%26utm_source=linkedin&title=Faculties%20and%20Schools%20%7C%20Structure%20of%20The%20University%20of%20Manchester'] }
                      { tag='li', class='pinterest', buttons=[text='Share viaPinterest', url='http://pinterest.com/pin/create/button/?url=https%3A%2F%2Fwww.manchester.ac.uk%2Fabout%2Fstructure%2Ffaculties-schools%2F%3Futm_campaign=uom%26utm_content=article%26utm_medium=social%26utm_source=linkedin&media=https://assets.manchester.ac.uk/corporate/images/content/the-university-of-manchester-600x600.jpg&description=Faculties%20and%20Schools%20%7C%20Structure%20of%20The%20University%20of%20Manchester'] }
                      { tag='li', class='reddit', buttons=[text='Share viaReddit', url='http://www.reddit.com/submit?url=https%3A%2F%2Fwww.manchester.ac.uk%2Fabout%2Fstructure%2Ffaculties-schools%2F%3Futm_campaign=uom%26utm_content=article%26utm_medium=social%26utm_source=reddit&title=Faculties%20and%20Schools%20%7C%20Structure%20of%20The%20University%20of%20Manchester'] }
                      { tag='div', class='searchInputWrapper2', buttons=[text='Search', url='/search/'] }
                  { tag='p', class='button', buttons=[text='A–Z index', url='/a-z/'] }
                  { tag='li', class='closeMenuItem', buttons=[text='Close menu', url=''] }
                  { tag='li', class='breadcrumbItem', buttons=[text='Home', url='/'] }
                  { tag='li', class='breadcrumbItem', buttons=[text='About', url='/about/'] }
                  { tag='li', class='sectionHeader', buttons=[text='Structure', url='/about/structure/'] }
                        { tag='span', buttons=[text='Faculties and Schools', url='/about/structure/faculties-schools/'] }
                      { tag='li', buttons=[text='Professional Services', url='/about/structure/professional-services/'] }
              { tag='li', buttons=[text='Home', url='/'] }
              { tag='li', buttons=[text='About', url='/about/'] }
              { tag='li', buttons=[text='Structure', url='/about/structure/'] }
              { tag='li', buttons=[text='Faculties and Schools', url='/about/structure/faculties-schools/'] }
            { tag='div', buttons=[text='Share', url=''] }
              { tag='li', class='email', buttons=[text='', url='mailto:?subject=Faculties%20and%20Schools%20%7C%20Structure%20of%20The%20University%20of%20Manchester&body=https%3A%2F%2Fwww.manchester.ac.uk%2Fabout%2Fstructure%2Ffaculties-schools%2F%3Futm_campaign=uom%26utm_content=article%26utm_medium=social%26utm_source=email%0A%0D'] }
              { tag='li', class='facebook', buttons=[text='', url='https://www.facebook.com/sharer/sharer.php?u=https%3A%2F%2Fwww.manchester.ac.uk%2Fabout%2Fstructure%2Ffaculties-schools%2F%3Futm_campaign=uom%26utm_content=article%26utm_medium=social%26utm_source=facebook'] }
              { tag='li', class='facebook-messenger', buttons=[text='', url='http://www.facebook.com/dialog/send?app_id=1080012805396708&redirect_uri=https%3A%2F%2Fwww.manchester.ac.uk%2Fabout%2Fstructure%2Ffaculties-schools%2F%3Futm_campaign=uom%26utm_content=article%26utm_medium=social%26utm_source=facebook&link=https%3A%2F%2Fwww.manchester.ac.uk%2Fabout%2Fstructure%2Ffaculties-schools%2F%3Futm_campaign=uom%26utm_content=article%26utm_medium=social%26utm_source=facebook'] }
              { tag='li', class='twitter', buttons=[text='', url='https://twitter.com/intent/tweet?text=Faculties%20and%20Schools%20%7C%20Structure%20of%20The%20University%20of%20Manchester.%0AFollow%20us%20at%20%40OfficialUoM&url=https%3A%2F%2Fwww.manchester.ac.uk%2Fabout%2Fstructure%2Ffaculties-schools%2F%3Futm_campaign=uom%26utm_content=article%26utm_medium=social%26utm_source=twitter'] }
              { tag='li', class='linkedin', buttons=[text='', url='https://www.linkedin.com/shareArticle?mini=true&url=https%3A%2F%2Fwww.manchester.ac.uk%2Fabout%2Fstructure%2Ffaculties-schools%2F%3Futm_campaign=uom%26utm_content=article%26utm_medium=social%26utm_source=linkedin&title=Faculties%20and%20Schools%20%7C%20Structure%20of%20The%20University%20of%20Manchester'] }
              { tag='li', class='pinterest', buttons=[text='', url='http://pinterest.com/pin/create/button/?url=https%3A%2F%2Fwww.manchester.ac.uk%2Fabout%2Fstructure%2Ffaculties-schools%2F%3Futm_campaign=uom%26utm_content=article%26utm_medium=social%26utm_source=linkedin&media=https://assets.manchester.ac.uk/corporate/images/content/the-university-of-manchester-600x600.jpg&description=Faculties%20and%20Schools%20%7C%20Structure%20of%20The%20University%20of%20Manchester'] }
              { tag='li', class='reddit', buttons=[text='', url='http://www.reddit.com/submit?url=https%3A%2F%2Fwww.manchester.ac.uk%2Fabout%2Fstructure%2Ffaculties-schools%2F%3Futm_campaign=uom%26utm_content=article%26utm_medium=social%26utm_source=reddit&title=Faculties%20and%20Schools%20%7C%20Structure%20of%20The%20University%20of%20Manchester'] }
                { tag='li', class='breadcrumbItem', buttons=[text='Home', url='/'] }
                { tag='li', class='breadcrumbItem', buttons=[text='About', url='/about/'] }
                { tag='li', class='sectionHeader', buttons=[text='Structure', url='/about/structure/'] }
                      { tag='span', buttons=[text='Faculties and Schools', url='/about/structure/faculties-schools/'] }
                    { tag='li', buttons=[text='Professional Services', url='/about/structure/professional-services/'] }
            { tag='div', class='mainContentContainer', buttons=[text='Faculty of Biology, Medicine and Health', url='', text='School of Biological Sciences', url='', text='School of Medical Sciences', url='', text='School of Health Sciences', url='', text='Faculty of Science and Engineering', url='', text='The School of Engineering', url='', text='School of Natural Sciences', url='', text='Faculty of Humanities', url=''] }
            { tag='h2', buttons=[text='Faculty of Biology, Medicine and Health', url='http://www.bmh.manchester.ac.uk/'] }
                { tag='li', buttons=[text='Division of Cell Matrix Biology and Regenerative Medicine', url='https://www.research.manchester.ac.uk/portal/en/facultiesandschools/division-of-cell-matrix-biology--regenerative-medicine(3a367b53-51f1-424b-9351-7f1a5f561fed).html'] }
                { tag='li', buttons=[text='Division of Evolution, Infection and Genomics', url='https://www.research.manchester.ac.uk/portal/en/facultiesandschools/division-of-evolution--genomic-sciences(87cfa5ff-5660-41e2-9a3a-308bc423f75a).html'] }
                { tag='li', buttons=[text='Division of Immunology, Immunity to Infection and Respiratory Medicine', url='https://www.research.manchester.ac.uk/portal/en/facultiesandschools/division-of-infection-immunity--respiratory-medicine(7973f195-20f8-4d58-9b84-c45c7b26880c).html'] }
                { tag='li', buttons=[text='Division of Molecular and Cellular Function', url='https://www.research.manchester.ac.uk/portal/en/facultiesandschools/division-of-molecular--cellular-function(9e72f880-7672-4a20-8287-274f88f17f5f).html'] }
                { tag='li', buttons=[text='Division of Musculoskeletal and Dermatological Sciences', url='https://www.research.manchester.ac.uk/portal/en/facultiesandschools/division-of-musculoskeletal--dermatological-sciences(4040da72-b4fc-41f8-86f4-bea0a665a52a).html'] }
                { tag='li', buttons=[text='Division of Neuroscience', url='https://www.research.manchester.ac.uk/portal/en/facultiesandschools/division-of-neuroscience--experimental-psychology(56df8793-4074-4d32-b197-a40989cfefc7).html'] }
                { tag='li', buttons=[text='Division of Cancer Sciences', url='https://www.research.manchester.ac.uk/portal/en/facultiesandschools/division-of-cancer-sciences(0b0cf147-3dc8-4f46-a374-27dd6cca92f3).html'] }
                { tag='li', buttons=[text='Division of Cardiovascular Sciences', url='https://www.research.manchester.ac.uk/portal/en/facultiesandschools/division-of-cardiovascular-sciences(1b40ba1a-2d60-4471-9531-a1b4ab2aa1ba).html'] }
                { tag='li', buttons=[text='Division of Dentistry', url='https://www.research.manchester.ac.uk/portal/en/facultiesandschools/division-of-dentistry(2c1c06cf-571b-4ad2-a72a-a5f92a78681e).html'] }
                { tag='li', buttons=[text='Division of Developmental Biology and Medicine', url='https://www.research.manchester.ac.uk/portal/en/facultiesandschools/division-of-developmental-biology--medicine(cbb929a8-5dfb-4bf1-aadf-77ae97d6cabe).html'] }
                { tag='li', buttons=[text='Division of Diabetes, Endocrinology and Gastroenterology', url='https://www.research.manchester.ac.uk/portal/en/facultiesandschools/division-of-diabetes-endocrinology--gastroenterology(e955d843-88a3-48d9-9ee5-131d97337a41).html'] }
                { tag='li', buttons=[text='Division of Medical Education', url='https://www.research.manchester.ac.uk/portal/en/facultiesandschools/division-of-medical-education(e9587e0f-8a87-486c-a108-9e5f3b88e496).html'] }
                { tag='li', buttons=[text='Division of Psychology, Communication and Human Neuroscience', url='https://www.research.manchester.ac.uk/portal/en/facultiesandschools/division-of-human-communication-development--hearing(99281489-4997-4a79-83bd-9d2ad66510c1).html'] }
                { tag='li', buttons=[text='Division of Informatics, Imaging and Data Sciences', url='https://www.research.manchester.ac.uk/portal/en/facultiesandschools/division-of-informatics-imaging--data-sciences(3508b831-4d64-4f79-8790-a50df943742c).html'] }
                { tag='li', buttons=[text='Division of Nursing, Midwifery and Social Work', url='https://www.research.manchester.ac.uk/portal/en/facultiesandschools/division-of-nursing-midwifery--social-work(49b5608c-437f-4d6d-8352-d44739565a52).html'] }
                { tag='li', buttons=[text='Division of Pharmacy and Optometry', url='https://www.research.manchester.ac.uk/portal/en/facultiesandschools/division-of-pharmacy--optometry(92ec216d-1e7a-411b-aaae-317c29e3cf88).html'] }
                { tag='li', buttons=[text='Division of Population Health, Health Services Research and Primary Care', url='https://www.research.manchester.ac.uk/portal/en/facultiesandschools/division-of-population-health-health-services-research--primary-care(19db7129-c98b-4029-a819-8c5ffe20e845).html'] }
                { tag='li', buttons=[text='Division of Psychology and Mental Health', url='https://www.research.manchester.ac.uk/portal/en/facultiesandschools/division-of-psychology--mental-health(cf85ad37-263c-4ff9-8bfc-951018e094da).html'] }
                { tag='li', buttons=[text='Audiology', url='https://www.bmh.manchester.ac.uk/study/audiology/'] }
                { tag='li', buttons=[text='Biosciences', url='https://www.bmh.manchester.ac.uk/study/biosciences/'] }
                { tag='li', buttons=[text='Dentistry', url='https://www.bmh.manchester.ac.uk/study/dentistry/'] }
                { tag='li', buttons=[text='Medicine', url='https://www.bmh.manchester.ac.uk/study/medicine/'] }
                { tag='li', buttons=[text='Midwifery', url='https://www.bmh.manchester.ac.uk/study/midwifery/'] }
                { tag='li', buttons=[text='Nursing', url='https://www.bmh.manchester.ac.uk/study/nursing/'] }
                { tag='li', buttons=[text='Optometry', url='https://www.bmh.manchester.ac.uk/study/optometry/'] }
                { tag='li', buttons=[text='Pharmacy', url='https://www.bmh.manchester.ac.uk/study/pharmacy/'] }
                { tag='li', buttons=[text='Psychology', url='https://www.bmh.manchester.ac.uk/study/psychology/'] }
                { tag='li', buttons=[text='Public health and data', url='https://www.bmh.manchester.ac.uk/study/public-health-data/'] }
                { tag='li', buttons=[text='Social work', url='https://www.bmh.manchester.ac.uk/study/social-work/'] }
                { tag='li', buttons=[text='Speech and language therapy', url='https://www.bmh.manchester.ac.uk/study/speech-language-therapy/'] }
            { tag='p', buttons=[text='Faculty of Science and Engineering', url='https://www.se.manchester.ac.uk/'] }
                { tag='li', buttons=[text='Department of Civil Engineering and Management', url='https://www.se.manchester.ac.uk/cem/'] }
                { tag='li', buttons=[text='Department of Chemical Engineering', url='https://www.ce.manchester.ac.uk/'] }
                { tag='li', buttons=[text='Department of Computer Science', url='http://www.manchester.ac.uk/cs'] }
                { tag='li', buttons=[text='Department of Electrical and Electronic Engineering', url='http://www.manchester.ac.uk/eee'] }
                { tag='li', buttons=[text='Department of Mechanical and Aerospace Engineering', url='https://www.se.manchester.ac.uk/mae/'] }
                { tag='li', buttons=[text='Department of Chemistry', url='https://www.chemistry.manchester.ac.uk/'] }
                { tag='li', buttons=[text='Department of Earth and Environmental Sciences', url='https://www.ees.manchester.ac.uk/'] }
                { tag='li', buttons=[text='Department of Materials', url='http://www.manchester.ac.uk/materials'] }
                { tag='li', buttons=[text='Department of Mathematics', url='http://www.manchester.ac.uk/maths'] }
                { tag='li', buttons=[text='Department of Physics and Astronomy', url='http://www.manchester.ac.uk/physics'] }
            { tag='h2', buttons=[text='Faculty of Humanities', url='http://www.manchester.ac.uk/humanities'] }
            { tag='p', buttons=[text='Faculty of Humanities', url='http://www.manchester.ac.uk/humanities'] }
                { tag='li', buttons=[text='Alliance Manchester Business School', url='http://www.mbs.ac.uk'] }
                { tag='li', buttons=[text='School of Arts, Languages and Cultures', url='http://www.alc.manchester.ac.uk/'] }
                { tag='li', buttons=[text='School of Environment, Education and Development', url='http://www.manchester.ac.uk/seed'] }
                { tag='li', buttons=[text='School of Social Sciences', url='http://www.manchester.ac.uk/socialsciences'] }
          { tag='div', class='fourcol halfSizeUntilLargeMobile', buttons=[text='Contact us', url=''] }
              { tag='li', buttons=[text='+44 (0) 161 306 6000', url='tel:+441613066000'] }
              { tag='li', buttons=[text='Contact details', url='/connect/contact-us/'] }
          { tag='div', class='fourcol halfSizeUntilLargeMobile lastAtMobile', buttons=[text='Find us', url=''] }
            { tag='address', buttons=[text='The University of ManchesterOxford RdManchesterM13 9PLUK', url='/about/maps/interactive-map/'] }
          { tag='div', class='fourcol last', buttons=[text='Connect with us', url=''] }
              { tag='li', buttons=[text='', url='https://www.facebook.com/TheUniversityOfManchester'] }
              { tag='li', buttons=[text='', url='https://bsky.app/profile/manchester.ac.uk'] }
              { tag='li', buttons=[text='', url='https://www.youtube.com/universitymanchester'] }
              { tag='li', buttons=[text='', url='https://instagram.com/officialuom/'] }
              { tag='li', buttons=[text='', url='https://www.tiktok.com/@officialuom/'] }
              { tag='li', buttons=[text='', url='https://www.linkedin.com/school/university-of-manchester/'] }
            { tag='p', class='socialmediadirectory', buttons=[text='Social media directory', url='/connect/social-media/'] }
              { tag='li', buttons=[text='Disclaimer', url='/disclaimer/'] }
              { tag='li', buttons=[text='Data Protection', url='/about/privacy-information/data-protection/'] }
              { tag='li', buttons=[text='Copyright notice', url='/copyright/'] }
              { tag='li', buttons=[text='Web accessibility', url='/web-accessibility/'] }
              { tag='li', buttons=[text='Freedom of information', url='/about/privacy-information/freedom-information/'] }
              { tag='li', buttons=[text='Charitable status', url='/about/governance/charitable-status/'] }
