    { tag='div', class='flipped' }
          { tag='div', class='container d-flex justify-content-between', buttons=[text='', url='https://www.unav.edu/'] }
              { tag='li', class='dropdown language br1' }
              { tag='li', class='open' }
              { tag='li', class='cerrar hide', buttons=[text='Close', url=''] }
                  { tag='li', class='nav-item', buttons=[text='¿Qué quieres estudiar?', url='https://www.unav.edu/en/studies'] }
                    { tag='li', class='nav-item', buttons=[text='Grados', url='https://www.unav.edu/en/studies/undergraduate-degrees'] }
                      { tag='li', class='nav-item', buttons=[text='Másteres', url='https://www.unav.edu/en/studies/masters-programs'] }
                        { tag='li', class='nav-item', buttons=[text='Programas de doctorado', url='https://www.unav.edu/en/studies/doctoral-programs'] }
                          { tag='li', class='nav-item', buttons=[text='Programas profesionales', url='https://www.unav.edu/en/studies/professional-programs'] }
                  { tag='li', class='nav-item', buttons=[text='¿Por qué la Universidad de Navarra?', url='https://www.unav.edu/en/admission-and-financial-aid'] }
                        { tag='li', class='nav-item no-child', buttons=[text='El grado, paso a paso', url='https://www.unav.edu/en/admissions-and-financial-aid/undergraduate-degree'] }
                        { tag='li', class='nav-item no-child', buttons=[text='¿Qué carrera estudiar en la Universidad?', url='https://www.unav.edu/en/admision-y-ayudas/grado/nuestros-estudios/que-carrera-estudiar-en-la-universidad'] }
                        { tag='li', class='nav-item', buttons=[text='Admisión', url='https://www.unav.edu/en/admision-y-ayudas/grado/admision'] }
                            { tag='li', class='nav-item', buttons=[text='Deadlines', url='https://www.unav.edu/en/admision-y-ayudas/grado/admision/plazos-de-admision'] }
                            { tag='li', class='nav-item', buttons=[text='Criterios y pruebas de admisión', url='https://www.unav.edu/en/admision-y-ayudas/grado/admision/criterios-y-pruebas-de-admision'] }
                            { tag='li', class='nav-item', buttons=[text='Registration', url='https://www.unav.edu/en/admision-y-ayudas/grado/admision/matricula'] }
                        { tag='li', class='nav-item', buttons=[text='Becas y ayudas', url='https://www.unav.edu/en/admision-y-ayudas/grado/becas-y-ayudas'] }
                            { tag='li', class='nav-item', buttons=[text='¿Cuánto cuesta estudiar en la universidad?', url='https://www.unav.edu/en/admision-y-ayudas/grado/cuanto-cuesta-estudiar-en-la-universidad'] }
                            { tag='li', class='nav-item', buttons=[text='Payment Methods', url='https://www.unav.edu/en/admision-y-ayudas/grado/becas-y-ayudas/formas-de-pago'] }
                          { tag='li', class='nav-item no-child', buttons=[text='Nuestros programas', url='https://www.unav.edu/en/admision-y-ayudas/master'] }
                          { tag='li', class='nav-item no-child', buttons=[text='Admisión y matrícula', url='https://www.unav.edu/en/admission-and-financial-aid/masters-programs/admission'] }
                          { tag='li', class='nav-item', buttons=[text='Precios, becas y ayudas', url='https://www.unav.edu/en/admission-and-financial-aid/masters-programs/how-much-does-it-cost-to-study-at-the-university'] }
                              { tag='li', class='nav-item', buttons=[text='Calculadora de precio', url='https://www.unav.edu/en/admission-and-financial-aid/masters-programs/calculator'] }
                              { tag='li', class='nav-item', buttons=[text='Descuentos y financiación', url='https://www.unav.edu/en/admission-and-financial-aid/scholarships-and-financial-aid/discounts-financing-and-payment-methods'] }
                              { tag='li', class='nav-item', buttons=[text='Scholarships', url='https://www.unav.edu/en/admission-and-financial-aid/masters-programs/scholarships-and-financial-aid/scholarships'] }
                          { tag='li', class='nav-item no-child', buttons=[text='Salidas profesionales', url='https://www.unav.edu/en/admission-and-financial-aid/masters-programs/professional-prospects'] }
                        { tag='li', class='nav-item', buttons=[text='Doctoral programs', url='https://www.unav.edu/en/admission-and-financial-aid/doctoral-programs'] }
                          { tag='li', class='nav-item', buttons=[text='Housing', url='https://www.unav.edu/en/admission-and-financial-aid/housing'] }
                            { tag='li', class='nav-item', buttons=[text='Conoce nuestros campus', url='https://www.unav.edu/en/admission-and-financial-aid/explore-our-campus'] }
                              { tag='li', class='nav-item', buttons=[text='Nuestros delegados', url='https://www.unav.edu/en/admision-y-ayudas/grado/orientacion/nuestros-delegados'] }
                  { tag='li', class='nav-item', buttons=[text='Nuestra investigación', url='https://www.unav.edu/en/investigacion/nuestra-investigacion'] }
                        { tag='li', class='nav-item no-child', buttons=[text='Contratos I+D', url='https://www.unav.edu/en/investigacion/colaboracion-con-empresas/contratos-i-d'] }
                        { tag='li', class='nav-item no-child', buttons=[text='Colaboraciones I+D', url='https://www.unav.edu/en/investigacion/colaboracion-con-empresas/colaboraciones-i-d'] }
                        { tag='li', class='nav-item no-child', buttons=[text='Doctorado industrial', url='https://www.unav.edu/investigacion/escuela-de-doctorado#doctorado-industrial'] }
                        { tag='li', class='nav-item no-child', buttons=[text='Cátedras', url='https://www.unav.edu/en/investigacion/colaboracion-con-empresas/catedras'] }
                        { tag='li', class='nav-item no-child', buttons=[text='Transferencia e innovación', url='https://www.unav.edu/web/oficina-de-transferencia-de-conocimiento-y-tecnologia'] }
                        { tag='li', class='nav-item no-child', buttons=[text='Emprendimiento (Innovation Factory)', url='https://www.unav.edu/web/innovation-factory/incubacion'] }
                        { tag='li', class='nav-item no-child', buttons=[text='Enterprise Europe Network', url='https://www.unav.edu/en/research/our-services/for-companies/enterprise-europe-network'] }
                          { tag='li', class='nav-item no-child', buttons=[text='Convocatorias', url='https://www.unav.edu/en/investigacion/servicios-para-investigadores/convocatorias'] }
                          { tag='li', class='nav-item no-child', buttons=[text='Atracción de talento', url='https://www.unav.edu/en/investigacion/servicios-para-investigadores/atraccion-de-talento'] }
                          { tag='li', class='nav-item no-child', buttons=[text='Transferencia e innovación', url='https://www.unav.edu/web/oficina-de-transferencia-de-conocimiento-y-tecnologia'] }
                          { tag='li', class='nav-item no-child', buttons=[text='Emprendimiento (Innovation Factory)', url='https://www.unav.edu/web/innovation-factory/investigadores'] }
                          { tag='li', class='nav-item no-child', buttons=[text='Contratos I+D', url='https://www.unav.edu/en/contratos-i-d'] }
                          { tag='li', class='nav-item no-child', buttons=[text='Impacto social', url='https://www.unav.edu/en/investigacion/servicios-para-investigadores/impacto-social'] }
                          { tag='li', class='nav-item no-child', buttons=[text='Evaluacion de la investigación', url='https://www.unav.edu/en/investigacion/servicios-para-investigadores/evaluacion-de-la-investigacion'] }
                          { tag='li', class='nav-item no-child', buttons=[text='Biblioteca', url='https://www.unav.edu/en/investigacion/bibliotecas'] }
                          { tag='li', class='nav-item no-child', buttons=[text='Gestión económica', url='https://www.unav.edu/en/investigacion/servicios-para-investigadores/gestion-economica'] }
                          { tag='li', class='nav-item no-child', buttons=[text='Compras y contratación de servicios', url='https://www.unav.edu/web/area-economica'] }
                          { tag='li', class='nav-item no-child', buttons=[text='Ética para la investigación', url='https://www.unav.edu/en/investigacion/nuestra-investigacion/etica-para-la-investigacion'] }
                          { tag='li', class='nav-item no-child', buttons=[text='Secretaría Técnica de Investigación', url='https://www.unav.edu/en/investigacion/secretaria-tecnica-de-investigacion'] }
                        { tag='li', class='nav-item', buttons=[text='Escuela de doctorado', url='https://www.unav.edu/en/investigacion/escuela-de-doctorado'] }
                              { tag='li', class='nav-item no-child', buttons=[text='Qué hacemos', url='https://www.unav.edu/en/investigacion/unidad-de-cultura-cientifica-y-de-la-innovacion'] }
                              { tag='li', class='nav-item no-child', buttons=[text='Comunicación de la investigación', url='https://www.unav.edu/en/investigacion/unidad-de-cultura-cientifica-y-de-la-innovacion/comunicacion-de-la-investigacion'] }
                              { tag='li', class='nav-item no-child', buttons=[text='Divulgación científica', url='https://www.unav.edu/en/investigacion/unidad-de-cultura-cientifica-y-de-la-innovacion/divulgacion-cientifica'] }
                              { tag='li', class='nav-item no-child', buttons=[text='Formación', url='https://www.unav.edu/en/investigacion/unidad-de-cultura-cientifica-y-de-la-innovacion/formacion'] }
                              { tag='li', class='nav-item no-child', buttons=[text='Investigación', url='https://www.unav.edu/en/investigacion/unidad-de-cultura-cientifica-y-de-la-innovacion/investigacion'] }
                  { tag='li', class='nav-item active', buttons=[text='Centros, institutos, departamentos y cátedras', url='https://www.unav.edu/en/schools'] }
                    { tag='li', class='nav-item', buttons=[text='Arquitectura', url='https://www.unav.edu/web/escuela-tecnica-superior-de-arquitectura'] }
                      { tag='li', class='nav-item', buttons=[text='Ciencias', url='https://www.unav.edu/web/facultad-de-ciencias'] }
                        { tag='li', class='nav-item', buttons=[text='Comunicación', url='https://www.unav.edu/web/facultad-de-comunicacion'] }
                          { tag='li', class='nav-item', buttons=[text='Derecho', url='https://www.unav.edu/web/facultad-de-derecho'] }
                            { tag='li', class='nav-item', buttons=[text='Derecho Canónico', url='https://www.unav.edu/web/facultad-de-derecho-canonico'] }
                              { tag='li', class='nav-item', buttons=[text='Eclesiástica de Filosofía', url='https://www.unav.edu/web/facultad-eclesiastica-de-filosofia'] }
                                { tag='li', class='nav-item', buttons=[text='Económicas y Empresariales', url='https://www.unav.edu/web/facultad-de-ciencias-economicas-y-empresariales'] }
                                  { tag='li', class='nav-item', buttons=[text='Educación y Psicología', url='https://www.unav.edu/web/facultad-de-educacion-y-psicologia'] }
                                    { tag='li', class='nav-item', buttons=[text='Enfermería', url='https://www.unav.edu/web/facultad-de-enfermeria'] }
                                      { tag='li', class='nav-item', buttons=[text='Farmacia y Nutrición', url='https://www.unav.edu/web/facultad-de-farmacia'] }
                                        { tag='li', class='nav-item', buttons=[text='Filosofía y Letras', url='https://www.unav.edu/web/facultad-de-filosofia-y-letras'] }
                                          { tag='li', class='nav-item', buttons=[text='IESE Business School', url='https://www.iese.edu'] }
                                            { tag='li', class='nav-item', buttons=[text='ISEM Fashion Business School', url='https://www.isem.es/'] }
                                              { tag='li', class='nav-item', buttons=[text='ISSA School of Applied Management', url='https://www.unav.edu/web/issa-school-of-applied-management'] }
                                                { tag='li', class='nav-item', buttons=[text='Medicina', url='https://www.unav.edu/web/facultad-de-medicina'] }
                                                  { tag='li', class='nav-item', buttons=[text='Tecnun. Escuela de Ingeniería', url='https://tecnun.unav.edu/'] }
                                                    { tag='li', class='nav-item', buttons=[text='Teología', url='https://www.unav.edu/web/facultad-de-teologia'] }
                  { tag='li', class='nav-item', buttons=[text='Misión y valores', url='https://www.unav.edu/en/about-the-university'] }
                        { tag='li', class='nav-item no-child', buttons=[text='Hitos históricos', url='https://www.unav.edu/en/about-the-university/our-background'] }
                        { tag='li', class='nav-item no-child', buttons=[text='Honorary Doctors', url='https://www.unav.edu/en/about-the-university/our-background/honorary-doctors'] }
                        { tag='li', class='nav-item no-child', buttons=[text='Medallas de Oro', url='https://www.unav.edu/en/about-the-university/our-background/gold-medals'] }
                          { tag='li', class='nav-item', buttons=[text='Cancillería', url='https://www.unav.edu/en/about-the-university/organization/chancellery'] }
                              { tag='li', class='nav-item', buttons=[text='Former Chancellors', url='https://www.unav.edu/en/about-the-university/former-chancellors'] }
                          { tag='li', class='nav-item', buttons=[text='Rectorado', url='https://www.unav.edu/en/about-the-university/organization/office-executive-council'] }
                              { tag='li', class='nav-item', buttons=[text='Rectora', url='https://www.unav.edu/en/conoce-la-universidad/organizacion/rectorado/oficina-de-la-rectora/rectora'] }
                              { tag='li', class='nav-item', buttons=[text='Administrative Office of the Executive Council', url='https://www.unav.edu/en/about-the-university/organization/administrative-office-executive-council'] }
                              { tag='li', class='nav-item', buttons=[text='Anteriores rectores', url='https://www.unav.edu/en/about-the-university/organization/office-executive-council/president-office/predecessors'] }
                          { tag='li', class='nav-item no-child', buttons=[text='Governing Board', url='https://www.unav.edu/en/about-the-university/organization/governing-board'] }
                          { tag='li', class='nav-item no-child', buttons=[text='Centers and Institutes', url='https://www.unav.edu/en/about-the-university/organization/centers-and-institutes'] }
                          { tag='li', class='nav-item no-child', buttons=[text='Facultades y Escuelas', url='https://www.unav.edu/en/about-the-university/organization/schools'] }
                          { tag='li', class='nav-item no-child', buttons=[text='Representación estudiantil', url='https://www.unav.edu/en/conoce-la-universidad/organizacion/representacion-estudiantil'] }
                          { tag='li', class='nav-item no-child', buttons=[text='Servicios centrales', url='https://www.unav.edu/en/about-the-university/organization/central-services'] }
                          { tag='li', class='nav-item no-child', buttons=[text='Entidades colaboradoras', url='https://www.unav.edu/en/about-the-university/organization/partner-entities'] }
                          { tag='li', class='nav-item no-child', buttons=[text='Normativa básica', url='https://www.unav.edu/en/about-the-university/organization/rules-and-regulation'] }
                            { tag='li', class='nav-item no-child', buttons=[text='Los tres ejes', url='https://www.unav.edu/en/about-the-university/2025-strategy'] }
                            { tag='li', class='nav-item no-child', buttons=[text='Universidad interdisciplinar', url='https://www.unav.edu/en/conoce-la-universidad/estrategia-2025/universidad-interdisciplinar'] }
                              { tag='li', class='nav-item no-child', buttons=[text='Una Universidad para todos', url='https://www.unav.edu/en/conoce-la-universidad/estrategia-2530'] }
                              { tag='li', class='nav-item no-child', buttons=[text='Talento', url='https://www.unav.edu/en/conoce-la-universidad/estrategia-2530/talento'] }
                              { tag='li', class='nav-item no-child', buttons=[text='Ciencia', url='https://www.unav.edu/en/conoce-la-universidad/estrategia-2530/ciencia'] }
                              { tag='li', class='nav-item no-child', buttons=[text='Compromiso', url='https://www.unav.edu/en/conoce-la-universidad/estrategia-2530/compromiso'] }
                              { tag='li', class='nav-item no-child', buttons=[text='Construyendo la estrategia', url='https://www.unav.edu/en/conoce-la-universidad/estrategia-2530/proceso-escucha'] }
                                { tag='li', class='nav-item', buttons=[text='Portal de transparencia', url='https://www.unav.edu/en/about-the-university/impact-society/transparency-portal'] }
                                    { tag='li', class='nav-item', buttons=[text='Información institucional', url='https://www.unav.edu/en/conoce-la-universidad/impacto-sociedad/portal-transparencia/informacion-institucional'] }
                                    { tag='li', class='nav-item', buttons=[text='Docencia', url='https://www.unav.edu/en/conoce-la-universidad/impacto-sociedad/portal-transparencia/docencia'] }
                                    { tag='li', class='nav-item', buttons=[text='Investigación', url='https://www.unav.edu/en/conoce-la-universidad/impacto-sociedad/portal-transparencia/investigacion'] }
                                    { tag='li', class='nav-item', buttons=[text='Impacto', url='https://www.unav.edu/en/conoce-la-universidad/impacto-sociedad/portal-transparencia/impacto'] }
                                { tag='li', class='nav-item', buttons=[text='Memorias', url='https://www.unav.edu/en/about-the-university/impact-society/annual-reports'] }
                                    { tag='li', class='nav-item', buttons=[text='Otras memorias', url='https://www.unav.edu/en/conoce-la-universidad/memorias/otras-memorias'] }
                                { tag='li', class='nav-item', buttons=[text='Unidad de Atención a personas con discapacidad', url='https://www.unav.edu/en/about-the-university/impact-society/disability-support-unit'] }
                                    { tag='li', class='nav-item', buttons=[text='Necesidades educativas especiales', url='https://www.unav.edu/en/conoce-la-universidad/impacto-sociedad/atencion-discapacidad/necesidades-educativas-especiales'] }
                                { tag='li', class='nav-item no-child', buttons=[text='Iniciativas', url='https://www.unav.edu/en/conoce-la-universidad/impacto-sociedad/iniciativas'] }
                              { tag='li', class='nav-item', buttons=[text='Rankings', url='https://www.unav.edu/en/about-the-university/rankings'] }
                                    { tag='li', class='nav-item no-child', buttons=[text='Campus Pamplona', url='https://www.unav.edu/en/about-the-university/our-campus/pamplona'] }
                                    { tag='li', class='nav-item no-child', buttons=[text='Campus San Sebastián', url='https://www.unav.edu/en/about-the-university/our-campus/san-sebastian'] }
                                    { tag='li', class='nav-item no-child', buttons=[text='Campus Madrid', url='https://www.unav.edu/en/about-the-university/our-campus/madrid'] }
                                    { tag='li', class='nav-item no-child', buttons=[text='IESE Business School', url='https://www.unav.edu/en/about-the-university/our-campus/iese'] }
                  { tag='li', class='nav-item', buttons=[text='Más allá del aula', url='https://www.unav.edu/en/campus-life'] }
                    { tag='li', class='nav-item', buttons=[text='Deporte', url='https://www.unav.edu/web/deportes'] }
                      { tag='li', class='nav-item', buttons=[text='Solidaridad', url='https://www.unav.edu/web/tantaka'] }
                        { tag='li', class='nav-item', buttons=[text='Museum University of Navarra', url='https://museo.unav.edu'] }
                          { tag='li', class='nav-item', buttons=[text='Science Museum University of Navarra', url='https://museodeciencias.unav.edu'] }
                            { tag='li', class='nav-item', buttons=[text='Empleo y prácticas', url='https://www.unav.edu/web/careerservices'] }
                              { tag='li', class='nav-item', buttons=[text='Innovation Factory', url='https://www.unav.edu/web/innovation-factory'] }
                                { tag='li', class='nav-item', buttons=[text='Capellanía', url='https://www.unav.edu/web/capellania'] }
                                  { tag='li', class='nav-item', buttons=[text='Clubes y Congresos', url='https://www.unav.edu/en/campus-life/clubs-and-conferences'] }
                  { tag='li', class='nav-item', buttons=[text='Actualidad', url='https://www.unav.edu/en/noticias-y-eventos'] }
                    { tag='li', class='nav-item', buttons=[text='Salud y Ciencia', url='https://www.unav.edu/en/news-and-events/health-and-science'] }
                      { tag='li', class='nav-item', buttons=[text='Sociedad y Comunicación', url='https://www.unav.edu/en/news-and-events/society-and-communication'] }
                        { tag='li', class='nav-item', buttons=[text='Cultura y Arte', url='https://www.unav.edu/en/news-and-events/culture-and-art'] }
                          { tag='li', class='nav-item', buttons=[text='Empleo e Innovación', url='https://www.unav.edu/en/news-and-events/employment-and-innovation'] }
                            { tag='li', class='nav-item', buttons=[text='Calendario de eventos', url='https://www.unav.edu/en/eventos'] }
                              { tag='li', class='nav-item', buttons=[text='Redes sociales', url='https://www.unav.edu/en/about-the-university/directory/social-networks'] }
                          { tag='div', class='autofit-col autofit-col-expand', buttons=[text='Navigation Menu', url=''] }
                                  { tag='li', class='l7_menu_item', buttons=[text='Estudiantes', url='https://www.unav.edu/en/estudiantes'] }
                                  { tag='li', class='l7_menu_item', buttons=[text='Faculty and staff', url='https://portaldelempleado.unav.edu'] }
                                  { tag='li', class='l7_menu_item', buttons=[text='Alumni', url='https://www.unav.edu/web/alumni'] }
                                  { tag='li', class='l7_menu_item', buttons=[text='Quick links', url='https://www.unav.edu/en/enlaces-rapidos'] }
                                  { tag='li', class='l7_menu_item', buttons=[text='¿Qué quieres estudiar?', url='https://www.unav.edu/en/studies'] }
                                  { tag='li', class='l7_menu_item', buttons=[text='Colabora', url='https://www.unav.edu/web/gracias'] }
                                  { tag='li', class='l7_menu_item', buttons=[text='Medios', url='https://www.unav.edu/en/media'] }
            { tag='div', class='container', buttons=[text='Inicio', url='https://www.unav.edu/en'] }
          { tag='div', class='container', buttons=[text='Close', url=''] }
              { tag='div', class='search-block col-12 col-sm-10 panel-buscador', buttons=[text='', url='https://www.unav.edu/en/buscador?p_p_id=3&p_p_lifecycle=0&p_p_state=normal&p_p_mode=view&_3_struts_action=%2Fsearch%2Fsearch'] }
                          { tag='div', class='autofit-col autofit-col-expand', buttons=[text='video-prepara2-home Duplicate 1', url=''] }
                                              { tag='div', class='col-xs-10 col-xs-offset-1 titulo', buttons=[text='Schools', url=''] }
                          { tag='div', class='autofit-col autofit-col-expand', buttons=[text='Nested Applications', url=''] }
                                            { tag='div', class='autofit-col autofit-col-expand', buttons=[text='FacultadesyCentros_Enlaces_Facultades1Columna', url=''] }
                                                    { tag='div', class='unav-recommended-links__item' }
                                                        { tag='li', class='unav-recommended-links__link-item', buttons=[text='Architecture', url='/web/escuela-tecnica-superior-de-arquitectura'] }
                                                        { tag='li', class='unav-recommended-links__link-item', buttons=[text='Sciences', url='/web/facultad-de-ciencias'] }
                                                        { tag='li', class='unav-recommended-links__link-item', buttons=[text='Communication', url='/web/facultad-de-comunicacion'] }
                                                        { tag='li', class='unav-recommended-links__link-item', buttons=[text='Law', url='/web/facultad-de-derecho'] }
                                                        { tag='li', class='unav-recommended-links__link-item', buttons=[text='Canon Law', url='/web/facultad-de-derecho-canonico'] }
                                                        { tag='li', class='unav-recommended-links__link-item', buttons=[text='Ecclesiastical Philosophy', url='/web/facultad-eclesiastica-de-filosofia'] }
                                            { tag='div', class='autofit-col autofit-col-expand', buttons=[text='FacultadesyCentros_Enlaces_Facultades2Columna', url=''] }
                                                    { tag='div', class='unav-recommended-links__item' }
                                                        { tag='li', class='unav-recommended-links__link-item', buttons=[text='Economics and Business', url='/web/facultad-de-ciencias-economicas-y-empresariales'] }
                                                        { tag='li', class='unav-recommended-links__link-item', buttons=[text='Education and Psychology', url='/web/facultad-de-educacion-y-psicologia'] }
                                                        { tag='li', class='unav-recommended-links__link-item', buttons=[text='Nursing', url='/web/facultad-de-enfermeria'] }
                                                        { tag='li', class='unav-recommended-links__link-item', buttons=[text='Pharmacy and Nutrition', url='/web/facultad-de-farmacia'] }
                                                        { tag='li', class='unav-recommended-links__link-item', buttons=[text='Humanities and Social Sciences', url='/web/facultad-de-filosofia-y-letras'] }
                                                        { tag='li', class='unav-recommended-links__link-item', buttons=[text='IESE Business School', url='https://www.iese.edu/es/'] }
                                            { tag='div', class='autofit-col autofit-col-expand', buttons=[text='FacultadesyCentros_Enlaces_Facultades3Columna', url=''] }
                                                    { tag='div', class='unav-recommended-links__item' }
                                                        { tag='li', class='unav-recommended-links__link-item', buttons=[text='ISEM Fashion Business School', url='https://www.isem.es/'] }
                                                        { tag='li', class='unav-recommended-links__link-item', buttons=[text='ISSA. School of Applied Management', url='/web/issa-school-of-applied-management'] }
                                                        { tag='li', class='unav-recommended-links__link-item', buttons=[text='Medicine', url='/web/facultad-de-medicina'] }
                                                        { tag='li', class='unav-recommended-links__link-item', buttons=[text='Theology', url='/web/facultad-de-teologia'] }
                                                        { tag='li', class='unav-recommended-links__link-item', buttons=[text='Tecnun. Engineering school', url='https://tecnun.unav.edu/'] }
                          { tag='div', class='autofit-col autofit-col-expand', buttons=[text='video-prepara2-home Duplicate 1 Duplicate 1', url=''] }
                                              { tag='div', class='col-xs-10 col-xs-offset-1 titulo', buttons=[text='Institutes and centers', url=''] }
                          { tag='div', class='autofit-col autofit-col-expand', buttons=[text='Nested Applications', url=''] }
                                            { tag='div', class='autofit-col autofit-col-expand', buttons=[text='FacultadesyCentros_Enlaces_Institutos1Columna', url=''] }
                                                    { tag='div', class='unav-recommended-links__item' }
                                                        { tag='li', class='unav-recommended-links__link-item', buttons=[text='CEIT. Guipúzcoa Center for Technical Studies and Research', url='http://www.ceit.es/'] }
                                                        { tag='li', class='unav-recommended-links__link-item', buttons=[text='CEIT. Centro de Estudios e Investigaciones Técnicas de Guipúzcoa', url='http://www.ceit.es/'] }
                                                        { tag='li', class='unav-recommended-links__link-item', buttons=[text='Center of studies Saint Josemaría', url='/web/centro-de-estudios-josemaria-escriva'] }
                                                        { tag='li', class='unav-recommended-links__link-item', buttons=[text='Writing Center', url='/web/centro-de-escritura'] }
                                                        { tag='li', class='unav-recommended-links__link-item', buttons=[text='Olympic Studies Center', url='/web/centro-de-estudios-olimpicos'] }
                                                        { tag='li', class='unav-recommended-links__link-item', buttons=[text='Center for University Governance and Reputation', url='/web/centro-de-gobierno-y-reputacion-de-universidades'] }
                                                        { tag='li', class='unav-recommended-links__link-item', buttons=[text='Biomedical Engineering Center', url='/web/centro-de-ingenieria-biomedica'] }
                                                        { tag='li', class='unav-recommended-links__link-item', buttons=[text='Nutrition Research Center', url='/web/centro-de-investigacion-en-nutricion'] }
                                                        { tag='li', class='unav-recommended-links__link-item', buttons=[text='Nursing Simulation Center', url='/web/centro-de-simulacion-enfermeria'] }
                                            { tag='div', class='autofit-col autofit-col-expand', buttons=[text='FacultadesyCentros_Enlaces_Institutos2Columna', url=''] }
                                                    { tag='div', class='unav-recommended-links__item' }
                                                        { tag='li', class='unav-recommended-links__link-item', buttons=[text='CIMA. Center for Applied Medical Research', url='https://cima.unav.edu/'] }
                                                        { tag='li', class='unav-recommended-links__link-item', buttons=[text='CIMA. Centro de Investigación Médica Aplicada', url='https://cima.unav.edu/'] }
                                                        { tag='li', class='unav-recommended-links__link-item', buttons=[text='CIMA LAB Diagnostics', url='/web/cimalab'] }
                                                        { tag='li', class='unav-recommended-links__link-item', buttons=[text='University of Navarra Clinic', url='https://www.cun.es/'] }
                                                        { tag='li', class='unav-recommended-links__link-item', buttons=[text='Institute for Culture and Society', url='/web/instituto-cultura-y-sociedad'] }
                                                        { tag='li', class='unav-recommended-links__link-item', buttons=[text='Core Curriculum Institute', url='/web/instituto-core-curriculum'] }
                                                        { tag='li', class='unav-recommended-links__link-item', buttons=[text='Institute of Biodiversity and Environment (BIOMA)', url='https://www.bioma.es/'] }
                                                        { tag='li', class='unav-recommended-links__link-item', buttons=[text='Institute of Data Science and Artificial Intelligence (DATAI)', url='/web/instituto-de-ciencia-de-los-datos-e-inteligencia-artificial'] }
                                                        { tag='li', class='unav-recommended-links__link-item', buttons=[text='Instituto de Ciencias para la Familia', url='/web/instituto-de-ciencias-para-la-familia'] }
                                            { tag='div', class='autofit-col autofit-col-expand', buttons=[text='FacultadesyCentros_Enlaces_Institutos3Columna', url=''] }
                                                    { tag='div', class='unav-recommended-links__item' }
                                                        { tag='li', class='unav-recommended-links__link-item', buttons=[text='Instituto de Idiomas', url='/web/instituto-de-idiomas'] }
                                                        { tag='li', class='unav-recommended-links__link-item', buttons=[text='Business and Humanism Institute', url='/web/instituto-empresa-y-humanismo'] }
                                                        { tag='li', class='unav-recommended-links__link-item', buttons=[text='Martín de Azpilcueta Institute', url='/web/instituto-martin-de-azpilcueta'] }
                                                        { tag='li', class='unav-recommended-links__link-item', buttons=[text='Higher Institute of Religious Sciences', url='/web/instituto-superior-de-ciencias-religiosas'] }
                                                        { tag='li', class='unav-recommended-links__link-item', buttons=[text='University of Navarra Science Museum', url='https://museodeciencias.unav.edu/'] }
                                                        { tag='li', class='unav-recommended-links__link-item', buttons=[text='University of Navarra Museum', url='https://museo.unav.edu/'] }
                          { tag='div', class='autofit-col autofit-col-expand', buttons=[text='Nested Applications', url=''] }
                                            { tag='div', class='autofit-col autofit-col-expand', buttons=[text='FacultadesyCentros_Portada_ImagenBloque3_Departamentos', url=''] }
                                            { tag='div', class='autofit-col autofit-col-expand', buttons=[text='FacultadesyCentros_Portada_Texto_DetalleBloque3_Departamentos', url=''] }
                                                { tag='div', class='journal-content-article', buttons=[text='Departments', url=''] }
                                            { tag='div', class='autofit-col autofit-col-expand', buttons=[text='FacultadesyCentros_Portada_Desplegable_Departamentos', url=''] }
                                                { tag='div', class='journal-content-article', buttons=[text='Our departments', url=''] }
                                                          { tag='p', buttons=[text='Alergología e Inmunología Clínica', url='https://www.cun.es/docencia/grado-medicina/alergologia-inmunologia-clinica'] }
                                                          { tag='p', buttons=[text='Anestesiología y Reanimación', url='https://www.cun.es/docencia/grado-medicina/anestesiologia-cuidados-intensivos'] }
                                                          { tag='p', buttons=[text='Biología Ambiental (AMBIUN)', url='/web/departamento-de-biologia-ambiental'] }
                                                          { tag='p', buttons=[text='Bioquímica y Genética', url='/web/departamento-de-bioquimica-y-genetica'] }
                                                          { tag='p', buttons=[text='Cardiología y Cirugía Cardiovascular', url='https://www.cun.es/docencia/grado-medicina/cardiologia-cirugia-cardiovascular'] }
                                                          { tag='p', buttons=[text='Ciencias de la Alimentación y Fisiología', url='/web/departamento-de-ciencias-de-la-alimentacion-y-fisiologia'] }
                                                          { tag='p', buttons=[text='Cirugía General y Digestiva', url='https://www.cun.es/docencia/grado-medicina/cirugia-general-digestiva'] }
                                                          { tag='p', buttons=[text='Cirugía Ortopédica y Traumatología', url='https://www.cun.es/docencia/grado-medicina/cirugia-ortopedica-traumatologia'] }
                                                          { tag='p', buttons=[text='Cirugía Plástica Reparadora y Estética', url='https://www.cun.es/docencia/grado-medicina/cirugia-plastica-reparadora-estetica'] }
                                                          { tag='p', buttons=[text='Dermatología', url='https://www.cun.es/docencia/grado-medicina/dermatologia'] }
                                                          { tag='p', buttons=[text='Digestivo', url='https://www.cun.es/docencia/grado-medicina/digestivo'] }
                                                          { tag='p', buttons=[text='Endocrinología', url='https://www.cun.es/docencia/grado-medicina/endocrinologia-nutricion'] }
                                                          { tag='p', buttons=[text='Enfermería Comunitaria y Materno-Infantil', url='/web/departamento-de-enfermeria-comunitaria-y-materno-infantil'] }
                                                          { tag='p', buttons=[text='Enfermería de la Persona Adulta', url='/web/departamento-de-enfermeria-de-la-persona-adulta'] }
                                                          { tag='p', buttons=[text='Farmacia y Tecnología Farmacéutica', url='/web/departamento-de-farmacia-y-tecnologia-farmaceutica/'] }
                                                          { tag='p', buttons=[text='Farmacología y Toxicología', url='/web/departamento-de-farmacologia-y-toxicologia'] }
                                                          { tag='p', buttons=[text='Física y Matemática Aplicada', url='/web/departamento-de-fisica-y-matematica-aplicada'] }
                                                          { tag='p', buttons=[text='Hematología y Hemoterapia', url='https://www.cun.es/docencia/grado-medicina/hematologia-hemoterapia'] }
                                                          { tag='p', buttons=[text='Inmunología', url='https://www.cun.es/docencia/grado-medicina/inmunologia'] }
                                                          { tag='p', buttons=[text='Medicina interna', url='https://www.cun.es/docencia/grado-medicina/medicina-interna'] }
                                                          { tag='p', buttons=[text='Medicina nuclear', url='https://www.cun.es/docencia/grado-medicina/medicina-nuclear'] }
                                                          { tag='p', buttons=[text='Medicina Preventiva y Salud Pública', url='/web/departamento-de-medicina-preventiva-y-salud-publica'] }
                                                          { tag='p', buttons=[text='Microbiología y Parasitología', url='/web/departamento-de-microbiologia-y-parasitologia'] }
                                                          { tag='p', buttons=[text='Neurología y Neurocirugía', url='https://www.cun.es/docencia/grado-medicina/neurologia-neurocirugia'] }
                                                          { tag='p', buttons=[text='Nefrología', url='https://www.cun.es/docencia/grado-medicina/nefrologia'] }
                                                          { tag='p', buttons=[text='Obstetricia y Ginecología', url='https://www.cun.es/docencia/grado-medicina/ginecologia-obstetricia'] }
                                                          { tag='p', buttons=[text='Oftalmología', url='https://www.cun.es/docencia/grado-medicina/oftalmologia'] }
                                                          { tag='p', buttons=[text='Oncología', url='https://www.cun.es/docencia/grado-medicina/oncologia'] }
                                                          { tag='p', buttons=[text='Otorrinolaringología', url='https://www.cun.es/docencia/grado-medicina/otorrinolaringologia'] }
                                                          { tag='p', buttons=[text='Patología, Anatomía y Fisiología', url='/web/departamento-de-patologia-anatomia-y-fisiologia'] }
                                                          { tag='p', buttons=[text='Pediatría', url='https://www.cun.es/docencia/grado-medicina/pediatria'] }
                                                          { tag='p', buttons=[text='Psiquiatría y Psicología Médica', url='https://www.cun.es/docencia/grado-medicina/psiquiatria-psicologia-medica'] }
                                                          { tag='p', buttons=[text='Química Orgánica y Farmacéutica', url='/web/departamento-de-quimica-organica-y-farmaceutica'] }
                                                          { tag='p', buttons=[text='Química', url='/web/departamento-de-quimica'] }
                                                          { tag='p', buttons=[text='Radiología', url='https://www.cun.es/docencia/grado-medicina/radiologia'] }
                                                          { tag='p', buttons=[text='Unidad de Humanidades y Ética Médica', url='/web/unidad-de-humanidades-y-etica-medica'] }
                                                          { tag='p', buttons=[text='Urología', url='https://www.cun.es/docencia/grado-medicina/urologia'] }
                                                          { tag='p', buttons=[text='Aprendizaje y Curriculum', url='/web/aprendizaje-y-curriculum'] }
                                                          { tag='p', buttons=[text='Comunicación Pública', url='/web/departamento-de-comunicacion-publica'] }
                                                          { tag='p', buttons=[text='Cultura y Comunicación Audiovisual', url='/web/departamento-de-cultura-y-comunicacion-audiovisual'] }
                                                          { tag='p', buttons=[text='Derecho Privado, Internacional y de la Empresa', url='/web/departamento-de-derecho-privado'] }
                                                          { tag='p', buttons=[text='Derecho Público e Instituciones Jurídicas Básicas', url='/web/departamento-de-derecho-publico'] }
                                                          { tag='p', buttons=[text='Economía', url='/web/facultad-de-ciencias-economicas-y-empresariales/departamentos'] }
                                                          { tag='p', buttons=[text='Empresa', url='/web/facultad-de-ciencias-economicas-y-empresariales/departamentos'] }
                                                          { tag='p', buttons=[text='Empresa Informativa', url='/web/departamento-de-marketing-y-empresas-de-comunicacion'] }
                                                          { tag='p', buttons=[text='Proyectos Periodísticos', url='/web/departamento-de-proyectos-periodisticos'] }
                                                          { tag='p', buttons=[text='IESE: Análisis de Decisiones', url='https://www.iese.edu/es/claustro-investigacion/departamentos-academicos/analisis-decisiones/'] }
                                                          { tag='p', buttons=[text='IESE: Contabilidad y Control', url='https://www.iese.edu/es/claustro-investigacion/departamentos-academicos/contabilidad-control/'] }
                                                          { tag='p', buttons=[text='IESE: Dirección Comercial', url='https://www.iese.edu/es/claustro-investigacion/departamentos-academicos/direccion-comercial/'] }
                                                          { tag='p', buttons=[text='IESE: Dirección de Personas en las Organizaciones', url='https://www.iese.edu/es/claustro-investigacion/departamentos-academicos/direccion-personas-organizaciones/'] }
                                                          { tag='p', buttons=[text='IESE: Dirección de Producción, Tecnología y Operaciones', url='https://www.iese.edu/es/claustro-investigacion/departamentos-academicos/direccion-produccion-tecnologia-operaciones/'] }
                                                          { tag='p', buttons=[text='IESE: Dirección Estratégica', url='https://www.iese.edu/es/claustro-investigacion/departamentos-academicos/direccion-estrategica/'] }
                                                          { tag='p', buttons=[text='IESE: Dirección Financiera', url='https://www.iese.edu/es/claustro-investigacion/departamentos-academicos/direccion-financiera/'] }
                                                          { tag='p', buttons=[text='IESE: Economía', url='https://www.iese.edu/es/claustro-investigacion/departamentos-academicos/economia/'] }
                                                          { tag='p', buttons=[text='IESE: Ética Empresarial', url='https://www.iese.edu/es/claustro-investigacion/departamentos-academicos/etica-empresarial/'] }
                                                          { tag='p', buttons=[text='IESE: Iniciativa Emprendedora', url='https://www.iese.edu/es/claustro-investigacion/departamentos-academicos/iniciativa-emprendedora/'] }
                                                          { tag='p', buttons=[text='IESE: Sistemas de Información', url='https://www.iese.edu/es/claustro-investigacion/departamentos-academicos/sistemas-informacion/'] }
                                                          { tag='p', buttons=[text='Teoría y Métodos de Investigación Educativa y Psicológica', url='https://www.unav.edu/web/teoria-y-metodos-de-investigacion-educativa-y-psicologica'] }
                                                          { tag='p', buttons=[text='Filología', url='/web/departamento-de-filologia'] }
                                                          { tag='p', buttons=[text='Filosofía', url='/web/departamento-de-filosofia'] }
                                                          { tag='p', buttons=[text='Historia, Historia del Arte y Geografía', url='/web/historia-del-arte-y-geografia'] }
                                                          { tag='p', buttons=[text='Humanidades', url='/web/departamento-de-humanidades/'] }
                                                          { tag='p', buttons=[text='Sagrada Escritura', url='/web/facultad-de-teologia/departamentos-y-centros-de-investigacion'] }
                                                          { tag='p', buttons=[text='Teología Histórica', url='/web/facultad-de-teologia/departamentos-y-centros-de-investigacion'] }
                                                          { tag='p', buttons=[text='Teología Sistemática', url='/web/facultad-de-teologia/departamentos-y-centros-de-investigacion'] }
                                                          { tag='p', buttons=[text='Construcción, Instalaciones y Estructuras', url='/web/departamento-de-construccion-instalaciones-estructuras'] }
                                                          { tag='p', buttons=[text='Proyectos, Urbanismo y Teoría e Historia de la Arquitectura', url='/web/departamento-teoria-proyectos-y-urbanismo'] }
                                                          { tag='p', buttons=[text='Ingeniería Biomédica y Ciencias', url='/web/departamento-de-ingenieria-biomedica-y-ciencias'] }
                                                          { tag='p', buttons=[text='Ingeniería Mecánica y Materiales', url='/web/departamento-de-ingenieria-mecanica-y-materiales'] }
                                                          { tag='p', buttons=[text='Organización Industrial', url='/web/departamento-de-organizacion-industrial'] }
                                                          { tag='p', buttons=[text='Ingeniería Eléctrica y Electrónica', url='/web/departamento-de-ingenieria-electrica-y-electronica'] }
                                                          { tag='p', buttons=[text='Materiales y Fabricación (CEIT)', url='https://www.ceit.es/es/areas-investigacion/materiales-fabricacion'] }
                                                          { tag='p', buttons=[text='Transporte y Energía (CEIT)', url='https://www.ceit.es/es/areas-investigacion/transporte-energia'] }
                                                          { tag='p', buttons=[text='TIC (Tecnologías de Información y Comunicaciones) (CEIT)', url='https://www.ceit.es/es/areas-investigacion/tecnologias-informacion-comunicaciones'] }
                                                          { tag='p', buttons=[text='Agua y Salud (CEIT)', url='https://www.ceit.es/es/areas-investigacion/agua-salud'] }
                          { tag='div', class='autofit-col autofit-col-expand', buttons=[text='Nested Applications', url=''] }
                                            { tag='div', class='autofit-col autofit-col-expand', buttons=[text='FacultadesyCentros_Portada_Imagen_Catedras', url=''] }
                                            { tag='div', class='autofit-col autofit-col-expand', buttons=[text='FacultadesyCentros_Portada_Texto_DetalleBloque4_Catedras', url=''] }
                                                { tag='div', class='journal-content-article', buttons=[text='Chairs', url=''] }
                                            { tag='div', class='autofit-col autofit-col-expand', buttons=[text='FacultadesyCentros_Portada_Desplegable_Catedras', url=''] }
                                                          { tag='p', buttons=[text='Cátedra de Empresa Volkswagen', url='/web/catedra-empresa-volkswagen'] }
                                                          { tag='p', buttons=[text='Cátedra de Madera', url='/web/catedra-madera'] }
                                                          { tag='p', buttons=[text='Cátedra de Lengua y Cultura Vasca', url='/web/catedra-de-lengua-cultura-vasca'] }
                                                          { tag='p', buttons=[text='Cátedra de Patrimonio y Arte Navarro', url='/web/catedra-patrimonio'] }
                                                          { tag='p', buttons=[text='Cátedra María Egea', url='/web/catedra-maria-egea'] }
                                                          { tag='p', buttons=[text='Cátedra Timac Agro', url='/web/catedra-timac-agro'] }
                                                          { tag='p', buttons=[text='Cátedra Álvaro d'Ors', url='/web/catedra-alvaro-dors'] }
                                                          { tag='p', buttons=[text='IESE: Cátedra Abertis de Regulación, Competencia y Políticas Públicas', url='https://www.iese.edu/es/claustro-investigacion/catedras/abertis-regulacion-competencia-politicas-publicas/'] }
                                                          { tag='p', buttons=[text='IESE: Cátedra Banco Sabadell de Economías Emergentes', url='https://www.iese.edu/es/claustro-investigacion/catedras/banco-sabadell-economias-emergentes/'] }
                                                          { tag='p', buttons=[text='IESE: Cátedra CaixaBank de Sostenibilidad e Impacto Social', url='https://www.iese.edu/es/claustro-investigacion/catedras/caixabank-sostenibilidad-impacto-social/'] }
                                                          { tag='p', buttons=[text='IESE: Cátedra Carl Schroeder de Dirección Estratégica', url='https://www.iese.edu/es/claustro-investigacion/catedras/carl-schroeder-direccion-estrategica/'] }
                                                          { tag='p', buttons=[text='IESE: Cátedra Carmina Roca y Rafael Pich-Aguilera de Mujer y Liderazgo', url='https://www.iese.edu/es/claustro-investigacion/catedras/carmina-roca-rafael-pich-aguilera-mujer-liderazgo/'] }
                                                          { tag='p', buttons=[text='IESE: Cátedra CELSA de Competitividad en Manufacturación', url='https://www.iese.edu/es/claustro-investigacion/catedras/celsa-competitividad-manufacturacion/'] }
                                                          { tag='p', buttons=[text='IESE: Cátedra Crèdit Andorrà de Emprendimiento y Banca', url='https://www.iese.edu/es/claustro-investigacion/catedras/credit-andorra-emprendimiento-banca/'] }
                                                          { tag='p', buttons=[text='IESE: Cátedra de Dirección de Instituciones Financieras y Gobierno Corporativo Grupo Santander', url='https://www.iese.edu/es/claustro-investigacion/catedras/grupo-santander-direccion-instituciones-financieras-gobierno-corporativo/'] }
                                                          { tag='p', buttons=[text='IESE: Cátedra de Empresa Familiar', url='https://www.iese.edu/es/claustro-investigacion/catedras/empresa-familiar/'] }
                                                          { tag='p', buttons=[text='IESE: Cátedra de Ética Empresarial y de los Negocios', url='https://www.iese.edu/es/claustro-investigacion/catedras/etica-empresarial/'] }
                                                          { tag='p', buttons=[text='IESE: Cátedra Eurest de Excelencia en los Servicios', url='https://www.iese.edu/es/claustro-investigacion/catedras/eurest-excelencia-servicios/'] }
                                                          { tag='p', buttons=[text='IESE: Cátedra Fuel Freedom de Energía y Desarrollo Social', url='https://www.iese.edu/es/claustro-investigacion/catedras/fuel-freedom-energia-desarrollo-social/'] }
                                                          { tag='p', buttons=[text='IESE: Cátedra Fundación Bertrán de Iniciativa Empresarial', url='https://www.iese.edu/es/claustro-investigacion/catedras/fundacion-bertran-iniciativa-empresarial/'] }
                                                          { tag='p', buttons=[text='IESE: Cátedra Fundación IESE de Gobierno Corporativo', url='https://www.iese.edu/es/claustro-investigacion/catedras/fundacion-iese-gobierno-corporativo/'] }
                                                          { tag='p', buttons=[text='IESE: Cátedra Indra de Estrategia Digital', url='https://www.iese.edu/es/claustro-investigacion/catedras/indra-estrategia-digital/'] }
                                                          { tag='p', buttons=[text='IESE: Cátedra Intent HQ de Cambios en el Comportamiento del Consumidor', url='https://www.iese.edu/es/claustro-investigacion/catedras/intent-hq-comportamiento-consumidor/'] }
                                                          { tag='p', buttons=[text='IESE: Cátedra Jaime Grego de Healthcare Management', url='https://www.iese.edu/es/claustro-investigacion/catedras/jaime-grego-healthcare-management/'] }
                                                          { tag='p', buttons=[text='IESE: Cátedra Joaquim Molins Figueras de Alianzas Estratégicas', url='https://www.iese.edu/es/claustro-investigacion/catedras/joaquim-molins-figueras-alianzas-estrategicas/'] }
                                                          { tag='p', buttons=[text='IESE: Cátedra José Felipe Bertrán de Gobierno y Liderazgo en la Administración Pública', url='https://www.iese.edu/es/claustro-investigacion/catedras/jose-felipe-bertran-gobierno-liderazgo-administracion-publica/'] }
                                                          { tag='p', buttons=[text='IESE: Cátedra Nissan de Estrategia Corporativa y Competitividad Internacional', url='https://www.iese.edu/es/claustro-investigacion/catedras/nissan-estrategia-corporativa-competitividad-internacional/'] }
                                                          { tag='p', buttons=[text='IESE: Cátedra PricewaterhouseCoopers de Finanzas Corporativas', url='https://www.iese.edu/es/claustro-investigacion/catedras/pricewaterhousecoopers-finanzas-corporativas/'] }
                                                          { tag='p', buttons=[text='IESE: Cátedra Puig de Global Leadership Development', url='https://www.iese.edu/es/claustro-investigacion/catedras/puig-global-leadership-development/'] }
                                                          { tag='p', buttons=[text='IESE: Cátedra Schneider Electric de Sostenibilidad y Estrategia', url='https://www.iese.edu/es/claustro-investigacion/catedras/schneider-electric-sostenibilidad-estrategia/'] }
                                                          { tag='p', buttons=[text='IESE: Cátedra SEAT de Innovación', url='https://www.iese.edu/es/claustro-investigacion/catedras/seat-innovacion/'] }
          { tag='form', class='hide', buttons=[text='', url='#'] }
                  { tag='li', class='item-red-social', buttons=[text='', url='https://www.instagram.com/universidaddenavarra'] }
                  { tag='li', class='item-red-social', buttons=[text='', url='https://twitter.com/unav'] }
                  { tag='li', class='item-red-social', buttons=[text='', url='https://es.linkedin.com/school/universidad-de-navarra-cp/'] }
                  { tag='li', class='item-red-social', buttons=[text='', url='https://es-es.facebook.com/unav'] }
                  { tag='li', class='item-red-social', buttons=[text='', url='https://www.youtube.com/user/universidaddenavarra'] }
                  { tag='li', class='item-red-social', buttons=[text='', url='https://www.tiktok.com/@universidaddenavarra?lang=es'] }
                  { tag='li', class='item-red-social', buttons=[text='', url='https://www.flickr.com/photos/unav/'] }
                  { tag='div', class='logo-container', buttons=[text='', url='https://www.unav.edu'] }
                      { tag='li', class='acceso-enlace', buttons=[text='Biblioteca(abre en nueva ventana)', url='https://www.unav.edu/web/biblioteca'] }
                      { tag='li', class='acceso-enlace', buttons=[text='Mi correo(abre en nueva ventana)', url='https://mail.google.com/'] }
                      { tag='li', class='acceso-enlace', buttons=[text='Aula virtual ADI(abre en nueva ventana)', url='https://aula-virtual.unav.edu'] }
                      { tag='li', class='acceso-enlace', buttons=[text='Búsqueda de personas(abre en nueva ventana)', url='https://www.unav.edu/buscador-avanzado'] }
                      { tag='li', class='acceso-enlace', buttons=[text='Trabaja con nosotros(abre en nueva ventana)', url='https://www.unav.edu/trabaja-con-nosotros'] }
                  { tag='div', class='telefono-info', buttons=[text='TFNO +34 948 42 56 00', url='tel:+34948425600'] }
                  { tag='div', class='boton-info', buttons=[text='¿QUÉ GRADO TE INTERESA?', url='https://www.unav.edu/solicitud-de-informacion'] }
                  { tag='div', class='boton-info', buttons=[text='¿QUÉ MÁSTER TE INTERESA?', url='https://www.unav.edu/solicitud-de-informacion-de-master'] }
                  { tag='p', buttons=[text='© Universidad de Navarra', url='https://www.unav.edu'] }
                    { tag='li', class='enlace', buttons=[text='Información legal', url='https://www.unav.edu/informacion-legal'] }
                    { tag='li', class='enlace', buttons=[text='Accesibilidad', url='https://www.unav.edu/accesibilidad'] }
                  { tag='p', buttons=[text='+34 948 42 56 00', url='tel:+34 948 42 56 00', text='info@unav.es', url='mailto:info@unav.es'] }
                  { tag='p', buttons=[text='+34 943 21 98 77', url='tel:+34 943 21 98 77', text='', url='mailto:'] }
                  { tag='p', buttons=[text='+34 914 51 43 41', url='tel:+34 914 51 43 41', text='', url='mailto:'] }
                  { tag='p', buttons=[text='+34 93 253 42 00', url='tel:+34 93 253 42 00', text='', url='mailto:'] }
                  { tag='p', buttons=[text='+34 912 11 30 00', url='tel:+34 912 11 30 00', text='', url='mailto:'] }
                  { tag='p', buttons=[text='+1 646 346 8850', url='tel:+1 646 346 8850', text='', url='mailto:'] }
                  { tag='p', buttons=[text='+49 89 24209790', url='tel:+49 89 24209790', text='', url='mailto:'] }
                  { tag='p', buttons=[text='+55 11 3177-8300', url='tel:+55 11 3177-8300', text='', url='mailto:'] }
