  { tag='body', class='role-anonymous layout-no-sidebars has-featured-top path-frontpage', buttons=[text='Skip to search', url='https://www.ens-lyon.fr/en//search/node', text='Skip to main page', url='/en/', text='Skip to sitemap', url='https://www.ens-lyon.fr/en//sitemap', text='Skip to search', url='https://www.ens-lyon.fr/en//search/node', text='Skip to accessibility', url='https://www.ens-lyon.fr/en//about-site/accessibility', text='Skip to contact', url='https://www.ens-lyon.fr/en//contact', text='Skip to legal notice', url='https://www.ens-lyon.fr/en//about-site/legal-notice'] }
  { tag='li', buttons=[text='Université de Lyon', url='https://www.universite-lyon.fr/version-anglaise/'] }
  { tag='li', buttons=[text='Bibliothèque Diderot de Lyon (Library)', url='https://www.bibliotheque-diderot.fr/'] }
  { tag='li', buttons=[text='IFÉ (French Institute of Education)', url='https://ife.ens-lyon.fr/'] }
  { tag='li', buttons=[text='ENS Éditions', url='http://catalogue-editions.ens-lyon.fr/en/'] }
  { tag='li', buttons=[text='Alumni', url='http://alumni.ens-lyon.fr'] }
  { tag='li', buttons=[text='Webosphere of ENS de Lyon', url='https://www.ens-lyon.fr/en//about-site/webosphere-ens-de-lyon'] }
  { tag='li', buttons=[text='News', url='https://www.ens-lyon.fr/en//news'] }
  { tag='li', buttons=[text='Events', url='https://www.ens-lyon.fr/en//agenda'] }
  { tag='li', buttons=[text='People finder (Directory in French)', url='https://www.ens-lyon.fr/lecole/nous-connaitre/annuaire'] }
  { tag='li', buttons=[text='Intranet', url='https://intranet.ens-lyon.fr/'] }
  { tag='li', buttons=[text='Learning Platform', url='https://etudes.ens-lyon.fr/'] }
  { tag='li', buttons=[text='ENT', url='https://ent.ens-lyon.fr/'] }
                  { tag='div', buttons=[text='Écolenormale supérieure de Lyon', url='https://www.ens-lyon.fr/en/'] }
                      { tag='li', class='language-fr', buttons=[text='Français', url='https://www.ens-lyon.fr'] }
                      { tag='li', class='currentLanguage language-en', buttons=[text='English', url='https://www.ens-lyon.fr/en/'] }
                      { tag='li', buttons=[text='', url='https://www.facebook.com/ENSdeLyon/'] }
                      { tag='li', buttons=[text='', url='https://bsky.app/profile/ensdelyon.bsky.social'] }
                      { tag='li', buttons=[text='', url='https://mastodon.social/@ENSdeLyon'] }
                      { tag='li', buttons=[text='', url='https://www.instagram.com/ensdelyon/'] }
                      { tag='li', buttons=[text='', url='https://www.youtube.com/channel/UCWlMZS55hLdZsVpJtem9IIg'] }
                      { tag='li', buttons=[text='', url='https://www.linkedin.com/school/40497/'] }
                          { tag='div', class='form-actions js-form-wrapper form-wrapper', buttons=[text='Rechercher', url='https://www.ens-lyon.fr/en//search/node'] }
                { tag='div', class='clearfix site-branding block block-system block-system-branding-block', buttons=[text='', url='/en/'] }
                    { tag='div', class='site-branding__name', buttons=[text='Site Ens international', url='/en/'] }
                        { tag='li', class='menu-item menu-item--expanded', buttons=[text='Studies', url='/en/studies'] }
                            { tag='li', class='menu-item menu-item--collapsed', buttons=[text='Academic programs', url='/en/studies/academic-programs'] }
                            { tag='li', class='menu-item', buttons=[text='Admissions', url='/en/studies/admissions'] }
                            { tag='li', class='menu-item', buttons=[text='Student Information', url='/en/studies/student-information'] }
                            { tag='li', class='menu-item', buttons=[text='Registration and tuition', url='/en/studies/registration-and-tuition'] }
                            { tag='li', class='menu-item', buttons=[text='Teaching Departments', url='/en/studies/teaching-departments'] }
                        { tag='li', class='menu-item menu-item--expanded', buttons=[text='Research', url='/en/research'] }
                            { tag='li', class='menu-item', buttons=[text='Services for researchers', url='/en/research/services-researchers'] }
                            { tag='li', class='menu-item', buttons=[text='Visiting Academics', url='/en/research/visiting-academics'] }
                            { tag='li', class='menu-item menu-item--collapsed', buttons=[text='Research units', url='/en/research/research-units'] }
                            { tag='li', class='menu-item', buttons=[text='Entrepreneurship', url='/en/research/entrepreneurship'] }
                            { tag='li', class='menu-item', buttons=[text='Publications', url='/en/research/publications'] }
                            { tag='li', class='menu-item', buttons=[text='Honors and awards', url='/en/research/honors-and-awards'] }
                            { tag='li', class='menu-item menu-item--collapsed', buttons=[text='Research projects', url='/en/research/research-projects'] }
                        { tag='li', class='menu-item menu-item--expanded', buttons=[text='Campus life', url='/en/campus-life'] }
                            { tag='li', class='menu-item', buttons=[text='Campus tour', url='/en/campus-life/campus-tour'] }
                            { tag='li', class='menu-item', buttons=[text='Health and Disability', url='/en/campus-life/health-and-disability'] }
                            { tag='li', class='menu-item', buttons=[text='Accommodation', url='/en/campus-life/accommodation'] }
                            { tag='li', class='menu-item', buttons=[text='Student life', url='/en/campus-life/student-life'] }
                            { tag='li', class='menu-item', buttons=[text='Culture and events', url='/en/campus-life/culture-and-events'] }
                            { tag='li', class='menu-item', buttons=[text='Life in Lyon', url='/en/campus-life/life-lyon'] }
                        { tag='li', class='menu-item menu-item--expanded', buttons=[text='About us', url='/en/about-us'] }
                            { tag='li', class='menu-item', buttons=[text='Who we are', url='/en/about-us/who-we-are'] }
                            { tag='li', class='menu-item', buttons=[text='Our Community', url='/en/about-us/our-community'] }
                            { tag='li', class='menu-item menu-item--collapsed', buttons=[text='Our Commitments', url='/en/about-us/our-commitments'] }
                            { tag='li', class='menu-item', buttons=[text='International students and scholars', url='/en/about-us/international-students-and-scholars'] }
                            { tag='li', class='menu-item', buttons=[text='Networks and partnerships', url='/en/about-us/networks-and-partnerships'] }
                            { tag='li', class='menu-item menu-item--collapsed', buttons=[text='Working at ENS de Lyon', url='/en/about-us/working-ens-de-lyon'] }
                            { tag='li', class='menu-item', buttons=[text='Administrative and support services', url='/en/about-us/administrative-and-support-services'] }
                        { tag='li', class='menu-item menu-item--expanded', buttons=[text='International partnerships', url='/en/international-partnerships'] }
                            { tag='li', class='menu-item menu-item--collapsed', buttons=[text='Asia', url='/en/international-partnerships/asia'] }
                            { tag='li', class='menu-item menu-item--collapsed', buttons=[text='Americas', url='/en/international-partnerships/americas'] }
                            { tag='li', class='menu-item menu-item--collapsed', buttons=[text='Europe', url='/en/international-partnerships/europe'] }
                            { tag='div', class='zone-slogan', buttons=[text='Training through research', url='', text='Discover', url='http://www.ens-lyon.fr/en/studies/academic-programs'] }
                            { tag='div', class='zone-slogan', buttons=[text='Multidisciplinary research', url='', text='Discover', url='https://www.ens-lyon.fr/en/research/research-units'] }
                          { tag='div', class='item', buttons=[text='', url='mailto:signalement.violences.discriminations@ens-lyon.fr'] }
                            { tag='div', class='zone-slogan', buttons=[text='An urban campus in the heart of Europe', url='', text='Discover', url='https://www.ens-lyon.fr/en/campus-life/campus-tour'] }
                            { tag='div', class='zone-slogan', buttons=[text='Bibliothèque Diderot de Lyon', url='', text='Discover', url='http://www.ens-lyon.fr/en/campus-life/campus-tour/library'] }
                        { tag='div', class='transcript-control', buttons=[text='Display transcript', url=''] }
                        { tag='section', class='transcript', buttons=[text='ENS de Lyon institutional presentation video', url=''] }
                    { tag='div', class='block col-md-12 col-sm-12 block-block-content block-block-contentb3771dea-952a-4d0e-8d92-10ce1fe02306', buttons=[text='Headlines', url=''] }
                      { tag='span', class='lien-rubrique', buttons=[text='See all news', url='https://www.ens-lyon.fr/en//news?date_publication[min]=June 20 2025&date_publication[max]=September 18 2025'] }
                      { tag='div', class='content avec_header', buttons=[text='Two new ERC Starting Grants for CIRI and LARHRAAccording to the press release issued on September 5, 2025. The European Research Council (ERC) has just announced the list of recipients of Starting Grants for 2025. The Lyon metropolitan area has two projects: one led by François Rousset at the International Centre for Infectious Disease Research in Lyon on conflicts between bacteria and viruses, and the other by Katja Doose at the Rhône-Alpes Historical Research Laboratory on the history of non-Western discourses on environmental change.', url='/en/article/research/two-new-erc-starting-grants-ciri-and-larhra'] }
                        { tag='a', buttons=[text='Two new ERC Starting Grants for CIRI and LARHRA', url=''] }
                        { tag='div', class='alaune-scnd_thumb', buttons=[text='', url='/en/event/about-us/jacques-cartier-talks-combining-research-and-practice-lever-transformative-action-equity-diversity-and-inclusion'] }
                        { tag='div', class='alaune-scnd_title', buttons=[text='Jacques Cartier Talks: Combining research and practice: a lever for transformative action for equity, diversity, and inclusion', url='/en/event/about-us/jacques-cartier-talks-combining-research-and-practice-lever-transformative-action-equity-diversity-and-inclusion'] }
                        { tag='div', class='alaune-scnd_thumb', buttons=[text='', url='/en/article/research/xiao-su-invited-professor-chemistry-laboratory'] }
                        { tag='div', class='alaune-scnd_title', buttons=[text='Xiao Su, Invited professor at the Chemistry Laboratory', url='/en/article/research/xiao-su-invited-professor-chemistry-laboratory'] }
                      { tag='div', class='sous-bloc-infoplus col-md-6 col-sm-12', buttons=[text='Research', url=''] }
                          { tag='p', buttons=[text='More information', url='/en/research'] }
                      { tag='div', class='sous-bloc-zoomsur col-md-6 col-sm-12', buttons=[text='Focus on', url=''] }
                                { tag='div', class='col-sm-12', buttons=[text='Geochemical chronologies in Paranthropus robustus teeth inform habitat and life histories', url=''] }
                                { tag='div', class='col-sm-12 vignette', buttons=[text='', url='/en/article/research/geochemical-chronologies-paranthropus-robustus-teeth-inform-habitat-and-life-histories'] }
                                { tag='div', class='col-sm-12 lien', buttons=[text='More information', url='/en/article/research/geochemical-chronologies-paranthropus-robustus-teeth-inform-habitat-and-life-histories'] }
                                { tag='div', class='col-sm-12', buttons=[text='NMR reveals active sites of catalysts based on isolated platinum atoms', url=''] }
                                { tag='div', class='col-sm-12 vignette', buttons=[text='', url='/en/article/research/nmr-reveals-active-sites-catalysts-based-isolated-platinum-atoms'] }
                                { tag='div', class='col-sm-12 lien', buttons=[text='More information', url='/en/article/research/nmr-reveals-active-sites-catalysts-based-isolated-platinum-atoms'] }
                                { tag='div', class='col-sm-12', buttons=[text='Metaphysics and the Sciences in Nineteenth-Century France', url=''] }
                                { tag='div', class='col-sm-12 vignette', buttons=[text='', url='/en/article/research/metaphysics-and-sciences-nineteenth-century-france'] }
                                { tag='div', class='col-sm-12 lien', buttons=[text='More information', url='/en/article/research/metaphysics-and-sciences-nineteenth-century-france'] }
                                { tag='div', class='col-sm-12', buttons=[text='Philosophising about Art History', url=''] }
                                { tag='div', class='col-sm-12 vignette', buttons=[text='', url='/en/article/research/philosophising-about-art-history'] }
                                { tag='div', class='col-sm-12 lien', buttons=[text='More information', url='/en/article/research/philosophising-about-art-history'] }
                                { tag='div', class='col-sm-12', buttons=[text='The eco-friendly school: to adapt or to transform?', url=''] }
                                { tag='div', class='col-sm-12 vignette', buttons=[text='', url='/en/article/research/eco-friendly-school-adapt-or-transform'] }
                                { tag='div', class='col-sm-12 lien', buttons=[text='More information', url='/en/article/research/eco-friendly-school-adapt-or-transform'] }
                                { tag='div', class='col-sm-12', buttons=[text='Ultra-fast spinning NMR: towards detailed analysis of complex proteins', url=''] }
                                { tag='div', class='col-sm-12 vignette', buttons=[text='', url='/en/article/research/ultra-fast-spinning-nmr-towards-detailed-analysis-complex-proteins'] }
                                { tag='div', class='col-sm-12 lien', buttons=[text='More information', url='/en/article/research/ultra-fast-spinning-nmr-towards-detailed-analysis-complex-proteins'] }
                                { tag='div', class='col-sm-12', buttons=[text='An unprecedented solar vibration opens a new path to its core', url=''] }
                                { tag='div', class='col-sm-12 vignette', buttons=[text='', url='/en/article/research/unprecedented-solar-vibration-opens-new-path-its-core'] }
                                { tag='div', class='col-sm-12 lien', buttons=[text='More information', url='/en/article/research/unprecedented-solar-vibration-opens-new-path-its-core'] }
                                { tag='div', class='col-sm-12', buttons=[text='A shared growth dynamic across the living world', url=''] }
                                { tag='div', class='col-sm-12 vignette', buttons=[text='', url='/en/article/research/shared-growth-dynamic-across-living-world'] }
                                { tag='div', class='col-sm-12 lien', buttons=[text='More information', url='/en/article/research/shared-growth-dynamic-across-living-world'] }
                                { tag='div', class='col-sm-12', buttons=[text='Abolishing Patriarchy: The Feminist Utopia of James Henry Lawrence (1773–1840).', url=''] }
                                { tag='div', class='col-sm-12 vignette', buttons=[text='', url='/en/article/research/abolishing-patriarchy-feminist-utopia-james-henry-lawrence-1773-1840'] }
                                { tag='div', class='col-sm-12 lien', buttons=[text='More information', url='/en/article/research/abolishing-patriarchy-feminist-utopia-james-henry-lawrence-1773-1840'] }
                                { tag='div', class='col-sm-12', buttons=[text='The Jesuits’ Java: Another History of Muslim-Christian Relations – 19th–21st Centuries', url=''] }
                                { tag='div', class='col-sm-12 vignette', buttons=[text='', url='/en/article/research/jesuits-java-another-history-muslim-christian-relations-19th-21st-centuries'] }
                                { tag='div', class='col-sm-12 lien', buttons=[text='More information', url='/en/article/research/jesuits-java-another-history-muslim-christian-relations-19th-21st-centuries'] }
                                { tag='div', class='col-sm-12', buttons=[text='Laws and Numbers', url=''] }
                                { tag='div', class='col-sm-12 vignette', buttons=[text='', url='/en/article/research/laws-and-numbers'] }
                                { tag='div', class='col-sm-12 lien', buttons=[text='More information', url='/en/article/research/laws-and-numbers'] }
                                { tag='div', class='col-sm-12', buttons=[text='History of Contemporary Vietnam - From 1858 to the present day', url=''] }
                                { tag='div', class='col-sm-12 vignette', buttons=[text='', url='/en/article/research/history-contemporary-vietnam-1858-present-day'] }
                                { tag='div', class='col-sm-12 lien', buttons=[text='More information', url='/en/article/research/history-contemporary-vietnam-1858-present-day'] }
                                { tag='div', class='col-sm-12', buttons=[text='My little story of numbers', url=''] }
                                { tag='div', class='col-sm-12 vignette', buttons=[text='', url='/en/article/research/my-little-story-numbers'] }
                                { tag='div', class='col-sm-12 lien', buttons=[text='More information', url='/en/article/research/my-little-story-numbers'] }
                                { tag='div', class='col-sm-12', buttons=[text='Intentional Invisibilization in Modern Asian History: Concealing and Self-Concealed Agents', url=''] }
                                { tag='div', class='col-sm-12 vignette', buttons=[text='', url='/en/article/research/intentional-invisibilization-modern-asian-history-concealing-and-self-concealed-agents'] }
                                { tag='div', class='col-sm-12 lien', buttons=[text='More information', url='/en/article/research/intentional-invisibilization-modern-asian-history-concealing-and-self-concealed-agents'] }
                                { tag='div', class='col-sm-12', buttons=[text='Competition between ordered morphologies of functionalized silver nanoparticles elucidated by a joint experimental and multiscale theoretical study', url=''] }
                                { tag='div', class='col-sm-12 vignette', buttons=[text='', url='/en/article/research/competition-between-ordered-morphologies-functionalized-silver-nanoparticles-elucidated-joint-experimental-and-multiscale-theoretical-study'] }
                                { tag='div', class='col-sm-12 lien', buttons=[text='More information', url='/en/article/research/competition-between-ordered-morphologies-functionalized-silver-nanoparticles-elucidated-joint-experimental-and-multiscale-theoretical-study'] }
                                { tag='div', class='col-sm-12', buttons=[text='Mechanism of homology search expansion during recombinational DNA break repair in Saccharomyces cerevisiae', url=''] }
                                { tag='div', class='col-sm-12 vignette', buttons=[text='', url='/en/article/research/mechanism-homology-search-expansion-during-recombinational-dna-break-repair-saccharomyces-cerevisiae'] }
                                { tag='div', class='col-sm-12 lien', buttons=[text='More information', url='/en/article/research/mechanism-homology-search-expansion-during-recombinational-dna-break-repair-saccharomyces-cerevisiae'] }
                                { tag='div', class='col-sm-12', buttons=[text='Nuclear power plants: a scintillating sponge for monitoring radioactive gas emissions', url=''] }
                                { tag='div', class='col-sm-12 vignette', buttons=[text='', url='/en/article/research/nuclear-power-plants-scintillating-sponge-monitoring-radioactive-gas-emissions'] }
                                { tag='div', class='col-sm-12 lien', buttons=[text='More information', url='/en/article/research/nuclear-power-plants-scintillating-sponge-monitoring-radioactive-gas-emissions'] }
                                { tag='div', class='col-sm-12', buttons=[text='So wait a while before cutting the cheese...', url=''] }
                                { tag='div', class='col-sm-12 vignette', buttons=[text='', url='/en/article/research/so-wait-while-cutting-cheese'] }
                                { tag='div', class='col-sm-12 lien', buttons=[text='More information', url='/en/article/research/so-wait-while-cutting-cheese'] }
                                { tag='div', class='col-sm-12', buttons=[text='The counter-intuitive statistics of thermodynamics on a microscopic scale', url=''] }
                                { tag='div', class='col-sm-12 vignette', buttons=[text='', url='/en/article/research/counter-intuitive-statistics-thermodynamics-microscopic-scale'] }
                                { tag='div', class='col-sm-12 lien', buttons=[text='More information', url='/en/article/research/counter-intuitive-statistics-thermodynamics-microscopic-scale'] }
                                { tag='div', class='col-sm-12', buttons=[text='New molecular cages to clean up contaminated aquatic ecosystems', url=''] }
                                { tag='div', class='col-sm-12 vignette', buttons=[text='', url='/en/article/research/new-molecular-cages-clean-contaminated-aquatic-ecosystems'] }
                                { tag='div', class='col-sm-12 lien', buttons=[text='More information', url='/en/article/research/new-molecular-cages-clean-contaminated-aquatic-ecosystems'] }
                                { tag='div', class='col-sm-12', buttons=[text='How old is the Eye of Africa?', url=''] }
                                { tag='div', class='col-sm-12 vignette', buttons=[text='', url='/en/article/research/how-old-eye-africa'] }
                                { tag='div', class='col-sm-12 lien', buttons=[text='More information', url='/en/article/research/how-old-eye-africa'] }
                                { tag='div', class='col-sm-12', buttons=[text='Cell memory, a key parameter for morphogenesis', url=''] }
                                { tag='div', class='col-sm-12 vignette', buttons=[text='', url='/en/article/research/cell-memory-key-parameter-morphogenesis'] }
                                { tag='div', class='col-sm-12 lien', buttons=[text='More information', url='/en/article/research/cell-memory-key-parameter-morphogenesis'] }
                                { tag='div', class='col-sm-12', buttons=[text='Where does the ocean dissipate the energy it receives from prevailing winds?', url=''] }
                                { tag='div', class='col-sm-12 vignette', buttons=[text='', url='/en/article/research/where-does-ocean-dissipate-energy-it-receives-prevailing-winds'] }
                                { tag='div', class='col-sm-12 lien', buttons=[text='More information', url='/en/article/research/where-does-ocean-dissipate-energy-it-receives-prevailing-winds'] }
                                { tag='div', class='col-sm-12', buttons=[text='Extent of CO2 and CO ices in the trans-Neptunian region revealed by JWST', url=''] }
                                { tag='div', class='col-sm-12 vignette', buttons=[text='', url='/en/article/research/extent-co2-and-co-ices-trans-neptunian-region-revealed-jwst'] }
                                { tag='div', class='col-sm-12 lien', buttons=[text='More information', url='/en/article/research/extent-co2-and-co-ices-trans-neptunian-region-revealed-jwst'] }
                                { tag='div', class='col-sm-12', buttons=[text='Introducing HiSCod: A new Gateway for the Study of Historical Conflict', url=''] }
                                { tag='div', class='col-sm-12 vignette', buttons=[text='', url='/en/article/research/introducing-hiscod-new-gateway-study-historical-conflict'] }
                                { tag='div', class='col-sm-12 lien', buttons=[text='More information', url='/en/article/research/introducing-hiscod-new-gateway-study-historical-conflict'] }
                                { tag='div', class='col-sm-12', buttons=[text='Key role of stem cells in organizing the entire visible portion of plants', url=''] }
                                { tag='div', class='col-sm-12 vignette', buttons=[text='', url='/en/article/research/key-role-stem-cells-organizing-entire-visible-portion-plants'] }
                                { tag='div', class='col-sm-12 lien', buttons=[text='More information', url='/en/article/research/key-role-stem-cells-organizing-entire-visible-portion-plants'] }
                    { tag='div', class='views-element-container block col-md-12 col-sm-12 block-views block-views-blockaccueil-agenda-accueil-agenda events-accueil', buttons=[text='Events', url=''] }
                      { tag='span', class='lien-rubrique', buttons=[text='See all events', url='https://www.ens-lyon.fr/en//agenda?start_date[min]=Sep 18 2025&start_date[max]=Sep 18 2026'] }
                              { tag='div', class='bloc_date', buttons=[text='Wednesday,  August 27, 2025', url=''] }
                                  { tag='div', class='views-field views-field-title', buttons=[text='Discover the 2025 ENS de Lyon associations', url='/en/event/campus-life/discover-2025-ens-de-lyon-associations'] }
                              { tag='div', class='bloc_date', buttons=[text='Friday,  September 19, 2025', url=''] }
                                  { tag='div', class='views-field views-field-title', buttons=[text='Identification of thyroid hormone receptors target genes: in vitro analysis and in vivo exploration in mouse hypothalamus', url='/en/event/research/identification-thyroid-hormone-receptors-target-genes-vitro-analysis-and-vivo-exploration-mouse-hypothalamus'] }
                              { tag='div', class='bloc_date', buttons=[text='Monday,  September 22, 2025', url=''] }
                                  { tag='div', class='views-field views-field-title', buttons=[text='Influence of thyroid hormones on the maturation and function of parvalbumin neurons in the mouse neocortex', url='/en/event/research/influence-thyroid-hormones-maturation-and-function-parvalbumin-neurons-mouse-neocortex'] }
                                  { tag='div', class='views-field views-field-title', buttons=[text='Student Engagement and Learning: Strategies and Challenges', url='/en/event/research/student-engagement-and-learning-strategies-and-challenges'] }
                              { tag='div', class='bloc_date', buttons=[text='Friday,  September 26, 2025', url=''] }
                                  { tag='div', class='views-field views-field-title', buttons=[text='Epigenetic role of H3.3 histone variant in establishment of mammalian circadian rhythms', url='/en/event/research/epigenetic-role-h33-histone-variant-establishment-mammalian-circadian-rhythms'] }
                      { tag='div', class='sous-bloc-infoplus col-md-6 col-sm-12', buttons=[text='Academic programs', url=''] }
                        { tag='div', class='field field--name-field-more-information field--type-link field--label-hidden field__item', buttons=[text='More information', url='/en/studies/academic-programs'] }
                      { tag='div', class='sous-bloc-zoomsur col-md-6 col-sm-12', buttons=[text='Focus on', url=''] }
                                { tag='div', class='col-sm-12', buttons=[text='Welcome booklets - 2025-2026 Academic year', url=''] }
                                { tag='div', class='col-sm-12 vignette', buttons=[text='', url='/en/article/about-us/welcome-booklets-2025-2026-academic-year-0'] }
                                { tag='div', class='col-sm-12 lien', buttons=[text='More information', url='/en/article/about-us/welcome-booklets-2025-2026-academic-year-0'] }
                                { tag='div', class='col-sm-12', buttons=[text='Admissions', url=''] }
                                { tag='div', class='col-sm-12 vignette', buttons=[text='', url='/en/studies/admissions'] }
                                { tag='div', class='col-sm-12 lien', buttons=[text='More information', url='/en/studies/admissions'] }
                                { tag='div', class='col-sm-12', buttons=[text='Facts & figures', url=''] }
                                { tag='div', class='col-sm-12 vignette', buttons=[text='', url='/en/about-us/who-we-are/facts-figures'] }
                                { tag='div', class='col-sm-12 lien', buttons=[text='More information', url='/en/about-us/who-we-are/facts-figures'] }
                    { tag='div', class='block block-block-content block-block-content4c961fcd-5a72-488d-9265-4ead0ec3c0e0', buttons=[text='Prepare your stay', url=''] }
                          { tag='div', class='field field--name-field-virtual-tour field--type-link field--label-hidden field__item', buttons=[text='Campus virtual tour', url='http://www.ens-lyon.fr/en/virtual-tour'] }
                          { tag='div', class='field__item', buttons=[text='PRACTICAL INFORMATION', url='/en/studies/student-information/practical-information-prepare-your-stay'] }
                          { tag='div', class='field__item', buttons=[text='Fees and living expenses', url='/en/studies/student-information/fees-and-living-expenses'] }
                          { tag='div', class='field__item', buttons=[text='Grants and scholarships', url='/en/studies/student-information/grants-and-scholarships'] }
                          { tag='div', class='field__item', buttons=[text='Accommodation', url='/en/campus-life/accommodation'] }
                          { tag='div', class='field__item', buttons=[text='Calendar year', url='/en/studies/student-information/calendar-year'] }
                          { tag='div', class='field__item', buttons=[text='French as a foreign language', url='/en/studies/academic-programs/z-courses/french-foreign-language'] }
                          { tag='div', class='field__item', buttons=[text='International students association (ASSET)', url='https://assetensdelyon.home.blog/'] }
                          { tag='div', class='field__item', buttons=[text='Life in Lyon', url='/en/campus-life/life-lyon'] }
                    { tag='div', class='block block-block-content block-block-content266b20c0-6570-4809-8522-f49d8f4c49dc', buttons=[text='How to apply', url=''] }
                                          { tag='p', buttons=[text='For EU/EEA student', url='https://www.ens-lyon.fr/en/studies/admissions/application-masters-degrees-eueea', text='For Non-EU student', url='https://www.ens-lyon.fr/en/studies/admissions/application-masters-degrees-non-eu-citizens'] }
                                          { tag='p', buttons=[text='Read more', url='https://www.ens-lyon.fr/en/studies/admissions/application-ens-diploma-through-competitive-exam-bachelor-3rd-year'] }
                                          { tag='p', buttons=[text='Read more', url='https://www.ens-lyon.fr/en/studies/admissions/application-student-exchange-program'] }
                        { tag='div', class='field field--name-field-more-information field--type-link field--label-hidden field__item', buttons=[text='More information', url='/en/studies/admissions'] }
                    { tag='div', class='col-sm-3', buttons=[text='Contacts', url=''] }
                        { tag='span', buttons=[text='+33 (0) 4 37 37 60 00', url='tel:334 37 37 60 00'] }
                        { tag='span', buttons=[text='+33 (0) 4 72 72 80 00', url='tel:334 72 72 80 00'] }
                        { tag='li', buttons=[text='Contact us', url='https://www.ens-lyon.fr/en//contact'] }
                        { tag='li', buttons=[text='Administrative contacts', url='https://www.ens-lyon.fr/en/about-us/administrative-and-support-services'] }
                        { tag='li', buttons=[text='People finder (Directory in French)', url='http://www.ens-lyon.fr/lecole/nous-connaitre/annuaire'] }
                        { tag='li', buttons=[text='Alumni ENS de Lyon', url='http://alumni.ens-lyon.fr'] }
                    { tag='div', class='col-sm-6', buttons=[text='Useful links', url=''] }
                        { tag='li', buttons=[text='Maps and Directions', url='https://www.ens-lyon.fr/en/campus-life/campus-tour/maps-directions'] }
                        { tag='li', buttons=[text='Accomodation', url='https://www.ens-lyon.fr/en/campus-life/accommodation/campus-accommodation'] }
                        { tag='li', buttons=[text='Recruitment', url='https://www.ens-lyon.fr/en//about-us/working-ens-de-lyon'] }
                        { tag='li', buttons=[text='', url='http://www.chels.fr/'] }
                        { tag='li', buttons=[text='', url='https://www.universite-lyon.fr/'] }
                        { tag='li', buttons=[text='', url='http://www.ens-lyon.fr/en/about-us/working-ens-de-lyon/hrs4r'] }
                      { tag='li', buttons=[text='Legal Notice', url='https://www.ens-lyon.fr/en/about-site/legal-notice'] }
                      { tag='li', buttons=[text='Accessibility: not compliant', url='https://www.ens-lyon.fr/acces/declaration-daccessibilite'] }
                      { tag='li', buttons=[text='Sitemap', url='https://www.ens-lyon.fr/en//sitemap'] }
                      { tag='li', buttons=[text='Log in', url='https://www.ens-lyon.fr/en//caslogin?returnto=https://www.ens-lyon.fr/en/'] }
  { tag='li', class='menu-item--taxonomy-menumenu-linkmenu-navigation206 menu-name--main', buttons=[text='Studies', url='/en/studies'] }
              { tag='li', class='menu-item--taxonomy-menumenu-linkmenu-navigation207 menu-name--main', buttons=[text='Academic programs', url='/en/studies/academic-programs'] }
                  { tag='li', class='menu-item--taxonomy-menumenu-linkmenu-navigation664 menu-name--main', buttons=[text='Masters (2022-2026)', url='/en/studies/academic-programs/masters-2022-2026'] }
                  { tag='li', class='menu-item--taxonomy-menumenu-linkmenu-navigation486 menu-name--main', buttons=[text='A-Z of courses', url='/en/studies/academic-programs/z-courses'] }
                  { tag='li', class='menu-item--taxonomy-menumenu-linkmenu-navigation221 menu-name--main', buttons=[text='Joint Diplomas', url='/en/studies/academic-programs/joint-diplomas'] }
                  { tag='li', class='menu-item--taxonomy-menumenu-linkmenu-navigation224 menu-name--main', buttons=[text='Doctorate', url='/en/studies/academic-programs/doctorate'] }
                  { tag='li', class='menu-item--a5d5f50a-b96e-44b9-8bd0-11e2b42472d9 menu-name--main', buttons=[text='Continuing Education', url='/en/studies/academic-programs/continuing-education'] }
              { tag='li', class='menu-item--taxonomy-menumenu-linkmenu-navigation208 menu-name--main', buttons=[text='Admissions', url='/en/studies/admissions'] }
              { tag='li', class='menu-item--taxonomy-menumenu-linkmenu-navigation209 menu-name--main', buttons=[text='Student Information', url='/en/studies/student-information'] }
              { tag='li', class='menu-item--taxonomy-menumenu-linkmenu-navigation630 menu-name--main', buttons=[text='Registration and tuition', url='/en/studies/registration-and-tuition'] }
              { tag='li', class='menu-item--_0afbc3c-b71d-4920-88fe-e4064c653ab8 menu-name--main', buttons=[text='Teaching Departments', url='/en/studies/teaching-departments'] }
  { tag='li', class='menu-item--taxonomy-menumenu-linkmenu-navigation200 menu-name--main', buttons=[text='Research', url='/en/research'] }
              { tag='li', class='menu-item--taxonomy-menumenu-linkmenu-navigation204 menu-name--main', buttons=[text='Services for researchers', url='/en/research/services-researchers'] }
              { tag='li', class='menu-item--taxonomy-menumenu-linkmenu-navigation484 menu-name--main', buttons=[text='Visiting Academics', url='/en/research/visiting-academics'] }
              { tag='li', class='menu-item--taxonomy-menumenu-linkmenu-navigation203 menu-name--main', buttons=[text='Research units', url='/en/research/research-units'] }
                  { tag='li', class='menu-item--taxonomy-menumenu-linkmenu-navigation223 menu-name--main', buttons=[text='Laboratories', url='/en/research/research-units/laboratories'] }
                  { tag='li', class='menu-item--taxonomy-menumenu-linkmenu-navigation228 menu-name--main', buttons=[text='Equipment', url='/en/research/research-units/equipment'] }
                  { tag='li', class='menu-item--taxonomy-menumenu-linkmenu-navigation227 menu-name--main', buttons=[text='International and joint research units', url='/en/research/research-units/international-and-joint-research-units'] }
                  { tag='li', class='menu-item--taxonomy-menumenu-linkmenu-navigation280 menu-name--main', buttons=[text='Labex', url='/en/research/research-units/labex'] }
                  { tag='li', class='menu-item--taxonomy-menumenu-linkmenu-navigation226 menu-name--main', buttons=[text='Junior labs', url='/en/research/research-units/junior-labs'] }
              { tag='li', class='menu-item--taxonomy-menumenu-linkmenu-navigation218 menu-name--main', buttons=[text='Entrepreneurship', url='/en/research/entrepreneurship'] }
              { tag='li', class='menu-item--b4ccbc33-ffa0-4c80-ab07-dde0a5d39240 menu-name--main', buttons=[text='Publications', url='/en/research/publications'] }
              { tag='li', class='menu-item--taxonomy-menumenu-linkmenu-navigation201 menu-name--main', buttons=[text='Honors and awards', url='/en/research/honors-and-awards'] }
              { tag='li', class='menu-item--taxonomy-menumenu-linkmenu-navigation217 menu-name--main', buttons=[text='Research projects', url='/en/research/research-projects'] }
                  { tag='li', class='menu-item--taxonomy-menumenu-linkmenu-navigation631 menu-name--main', buttons=[text='ERC funded projects', url='/en/research/research-projects/erc-funded-projects'] }
                  { tag='li', class='menu-item--taxonomy-menumenu-linkmenu-navigation632 menu-name--main', buttons=[text='Horizon 2020 funded projects', url='/en/research/research-projects/horizon-2020-funded-projects'] }
  { tag='li', class='menu-item--taxonomy-menumenu-linkmenu-navigation188 menu-name--main', buttons=[text='Campus life', url='/en/campus-life'] }
              { tag='li', class='menu-item--taxonomy-menumenu-linkmenu-navigation194 menu-name--main', buttons=[text='Campus tour', url='/en/campus-life/campus-tour'] }
              { tag='li', class='menu-item--taxonomy-menumenu-linkmenu-navigation758 menu-name--main', buttons=[text='Health and Disability', url='/en/campus-life/health-and-disability'] }
              { tag='li', class='menu-item--taxonomy-menumenu-linkmenu-navigation189 menu-name--main', buttons=[text='Accommodation', url='/en/campus-life/accommodation'] }
              { tag='li', class='menu-item--taxonomy-menumenu-linkmenu-navigation193 menu-name--main', buttons=[text='Student life', url='/en/campus-life/student-life'] }
              { tag='li', class='menu-item--taxonomy-menumenu-linkmenu-navigation190 menu-name--main', buttons=[text='Culture and events', url='/en/campus-life/culture-and-events'] }
              { tag='li', class='menu-item--_7d49855-46fb-4d52-809c-d63e1a182465 menu-name--main', buttons=[text='Life in Lyon', url='/en/campus-life/life-lyon'] }
  { tag='li', class='menu-item--taxonomy-menumenu-linkmenu-navigation183 menu-name--main', buttons=[text='About us', url='/en/about-us'] }
              { tag='li', class='menu-item--taxonomy-menumenu-linkmenu-navigation187 menu-name--main', buttons=[text='Who we are', url='/en/about-us/who-we-are'] }
              { tag='li', class='menu-item--taxonomy-menumenu-linkmenu-navigation219 menu-name--main', buttons=[text='Our Community', url='/en/about-us/our-community'] }
              { tag='li', class='menu-item--taxonomy-menumenu-linkmenu-navigation657 menu-name--main', buttons=[text='Our Commitments', url='/en/about-us/our-commitments'] }
                  { tag='li', class='menu-item--e5d7fb95-5236-400c-b8bc-56790d032056 menu-name--main', buttons=[text='Disability Policy', url='/en/about-us/our-commitments/disability-policy'] }
                  { tag='li', class='menu-item--taxonomy-menumenu-linkmenu-navigation658 menu-name--main', buttons=[text='Fight against discrimination and violence', url='/en/about-us/our-commitments/fight-against-discrimination-and-violence'] }
                      { tag='li', class='menu-item--taxonomy-menumenu-linkmenu-navigation660 menu-name--main', buttons=[text='Action Plan', url='/en/about-us/our-commitments/fight-against-discrimination-and-violence/action-plan'] }
                          { tag='li', class='menu-item--eac22a54-857c-46d5-a7e3-0e235b31d37a menu-name--main', buttons=[text='National Action Plan', url='/en/about-us/our-commitments/fight-against-discrimination-and-violence/action-plan/national-action-plan'] }
                          { tag='li', class='menu-item--_23ddc7f-9913-461d-83c8-13149e38f0ba menu-name--main', buttons=[text='Spotlight on the steps taken by ENS de Lyon', url='/en/about-us/our-commitments/fight-against-discrimination-and-violence/action-plan/spotlight-steps-taken-ens-de-lyon'] }
                      { tag='li', class='menu-item--_a31f03e-5680-471c-b6ef-9de56293633e menu-name--main', buttons=[text='Awareness', url='/en/about-us/our-commitments/fight-against-discrimination-and-violence/awareness'] }
                      { tag='li', class='menu-item--a7b5a326-2e9f-4c20-80d5-e045c02db42b menu-name--main', buttons=[text='Fight against LGBT+ Phobia', url='/en/about-us/our-commitments/fight-against-discrimination-and-violence/fight-against-lgbt-phobia'] }
                      { tag='li', class='menu-item--_1465655-59f3-4180-b0c0-31128df70c22 menu-name--main', buttons=[text='Process', url='/en/about-us/our-commitments/fight-against-discrimination-and-violence/process'] }
                      { tag='li', class='menu-item--e897a534-f519-4834-bbc8-1d4650b834f7 menu-name--main', buttons=[text='Training', url='/en/about-us/our-commitments/fight-against-discrimination-and-violence/training'] }
                  { tag='li', class='menu-item--e93e39fa-a835-4c35-8b3c-a6097f4c3151 menu-name--main', buttons=[text='Professional equality', url='/en/about-us/our-commitments/professional-equality'] }
                  { tag='li', class='menu-item--de20c9df-8217-412c-89cb-009ca72f9b0b menu-name--main', buttons=[text='Sustainability', url='/en/about-us/our-commitments/sustainability'] }
              { tag='li', class='menu-item--taxonomy-menumenu-linkmenu-navigation780 menu-name--main', buttons=[text='International students and scholars', url='/en/about-us/international-students-and-scholars'] }
              { tag='li', class='menu-item--taxonomy-menumenu-linkmenu-navigation186 menu-name--main', buttons=[text='Networks and partnerships', url='/en/about-us/networks-and-partnerships'] }
              { tag='li', class='menu-item--taxonomy-menumenu-linkmenu-navigation185 menu-name--main', buttons=[text='Working at ENS de Lyon', url='/en/about-us/working-ens-de-lyon'] }
                  { tag='li', class='menu-item--taxonomy-menumenu-linkmenu-navigation616 menu-name--main', buttons=[text='Academic and Research Positions', url='/en/about-us/working-ens-de-lyon/academic-and-research-positions'] }
                      { tag='li', class='menu-item--_6b11d7b-aefd-4b48-acb3-f388fe455215 menu-name--main', buttons=[text='Faculty positions by competitive examination', url='/en/about-us/working-ens-de-lyon/academic-and-research-positions/faculty-positions-competitive-examination'] }
                      { tag='li', class='menu-item--_24710df-4b60-4d46-afbe-60db2e1cd9f1 menu-name--main', buttons=[text='Other teaching and research positions', url='/en/about-us/working-ens-de-lyon/academic-and-research-positions/other-teaching-and-research-positions'] }
                      { tag='li', class='menu-item--_f92647c-b462-48e1-8c7f-18f5e0193e78 menu-name--main', buttons=[text='PhD & Postdoc positions', url='/en/about-us/working-ens-de-lyon/academic-and-research-positions/phd-postdoc-positions'] }
                  { tag='li', class='menu-item--taxonomy-menumenu-linkmenu-navigation733 menu-name--main', buttons=[text='HRS4R', url='/en/about-us/working-ens-de-lyon/hrs4r'] }
                      { tag='li', class='menu-item--_9efa686-db2b-46a2-bac7-9a583a5f39d2 menu-name--main', buttons=[text='HRS4R - Our Actions', url='/en/about-us/working-ens-de-lyon/hrs4r/hrs4r-our-actions'] }
                      { tag='li', class='menu-item--_5d20ddb-7cd5-4528-85a8-296cc6630ea8 menu-name--main', buttons=[text='HRS4R - Human resources strategy for research staff', url='/en/about-us/working-ens-de-lyon/hrs4r/hrs4r-human-resources-strategy-research-staff'] }
              { tag='li', class='menu-item--_5451c37-c60a-4cfb-99fb-3d4638ba7233 menu-name--main', buttons=[text='Administrative and support services', url='/en/about-us/administrative-and-support-services'] }
  { tag='li', class='menu-item--taxonomy-menumenu-linkmenu-navigation640 menu-name--main', buttons=[text='International partnerships', url='/en/international-partnerships'] }
              { tag='li', class='menu-item--taxonomy-menumenu-linkmenu-navigation768 menu-name--main', buttons=[text='Asia', url='/en/international-partnerships/asia'] }
                  { tag='li', class='menu-item--taxonomy-menumenu-linkmenu-navigation643 menu-name--main', buttons=[text='China', url='/en/international-partnerships/asia/china'] }
                      { tag='li', class='menu-item--taxonomy-menumenu-linkmenu-navigation644 menu-name--main', buttons=[text='JoRISS program', url='/en/international-partnerships/asia/china/joriss-program'] }
                          { tag='li', class='menu-item--e054198e-af03-4826-a252-f1840975ce1a menu-name--main', buttons=[text='JoRISS Presentation', url='/en/international-partnerships/china/joriss-program/joriss-presentation'] }
                          { tag='li', class='menu-item--taxonomy-menumenu-linkmenu-navigation646 menu-name--main', buttons=[text='JoRISS Research Projects', url='/en/international-partnerships/asia/china/joriss-program/joriss-research-projects'] }
                          { tag='li', class='menu-item--taxonomy-menumenu-linkmenu-navigation647 menu-name--main', buttons=[text='JoRISS Call for Projects', url='/en/international-partnerships/asia/china/joriss-program/joriss-call-projects'] }
                          { tag='li', class='menu-item--_03dbffb-2ef5-4dbe-9cda-eb4b80788dd7 menu-name--main', buttons=[text='JoRISS Activities', url='/en/international-partnerships/china/joriss-program/joriss-activities'] }
                          { tag='li', class='menu-item--_3853247-bdc8-438e-9080-f8d0f03ac718 menu-name--main', buttons=[text='JoRISS Contact', url='/en/international-partnerships/asia/china/joriss-program/joriss-contact'] }
                      { tag='li', class='menu-item--taxonomy-menumenu-linkmenu-navigation645 menu-name--main', buttons=[text='PRoSFER program', url='/en/international-partnerships/asia/china/prosfer-program'] }
                          { tag='li', class='menu-item--_761da9a-20ce-4833-afd1-81bb7a87817d menu-name--main', buttons=[text='Data and History of Prosfer', url='/en/international-partnerships/asia/china/prosfer-program/data-and-history-prosfer'] }
                          { tag='li', class='menu-item--_9831f30-6959-4f3d-9571-e8286dad253c menu-name--main', buttons=[text='Organization of studies', url='/en/international-partnerships/asia/china/prosfer-program/organization-studies'] }
                          { tag='li', class='menu-item--_20bdcc3-b52b-4dfd-a9d9-c2f7aad9a2d1 menu-name--main', buttons=[text='Prosfer Governance and contacts', url='/en/international-partnerships/asia/china/prosfer-program/prosfer-governance-and-contacts'] }
                      { tag='li', class='menu-item--_37bad93-a2dd-4617-aa8f-3a1c8f7ded49 menu-name--main', buttons=[text='Program LIA Post-Western Sociology', url='/en/international-partnerships/asia/china/program-lia-post-western-sociology'] }
                      { tag='li', class='menu-item--d8dbf3eb-3824-4225-9aca-b73d4c6ec784 menu-name--main', buttons=[text='Programs in Green Chemistry', url='/en/international-partnerships/asia/china/programs-green-chemistry'] }
                      { tag='li', class='menu-item--f8e6c4d3-e8cc-471e-9704-4ac94319b47e menu-name--main', buttons=[text='General overview and collaborations in China', url='/en/international-partnerships/asia/china/general-overview-and-collaborations-china'] }
                      { tag='li', class='menu-item--eaee85b4-fefc-4a54-b893-f76310323677 menu-name--main', buttons=[text='Opportunities in China', url='/en/international-partnerships/asia/china/opportunities-china'] }
                  { tag='li', class='menu-item--taxonomy-menumenu-linkmenu-navigation723 menu-name--main', buttons=[text='India', url='/en/international-partnerships/asia/india'] }
                      { tag='li', class='menu-item--taxonomy-menumenu-linkmenu-navigation724 menu-name--main', buttons=[text='Biosantexc', url='/en/international-partnerships/asia/india/biosantexc'] }
                          { tag='li', class='menu-item--_9899364-0a1f-4da5-b98c-150ef191c92d menu-name--main', buttons=[text='Presentation of Biosantexc', url='/en/international-partnerships/india/biosantexc/presentation-biosantexc'] }
                          { tag='li', class='menu-item--taxonomy-menumenu-linkmenu-navigation728 menu-name--main', buttons=[text='BSX Mobility programs', url='/en/international-partnerships/asia/india/biosantexc/bsx-mobility-programs'] }
                              { tag='li', class='menu-item--_93f32f9-5447-4812-8a1c-acadda2e46d9 menu-name--main', buttons=[text='BSX Administrative staff Mobility Programs', url='/en/international-partnerships/asia/india/biosantexc/bsx-mobility-programs/bsx-administrative-staff-mobility-programs'] }
                              { tag='li', class='menu-item--dacca960-54ce-4506-b2c0-1f2032e85b21 menu-name--main', buttons=[text='BSX Internship Programs', url='/en/international-partnerships/asia/india/biosantexc/bsx-mobility-programs/bsx-internship-programs'] }
                              { tag='li', class='menu-item--_b8cc2b8-a0da-430f-ab7d-883f7503467c menu-name--main', buttons=[text='BSX PhD Mobility Programs', url='/en/international-partnerships/asia/india/biosantexc/bsx-mobility-programs/bsx-phd-mobility-programs'] }
                              { tag='li', class='menu-item--_caa182a-d93d-4e5c-9148-095a45167b28 menu-name--main', buttons=[text='BSX Research and Academic Mobility Programs', url='/en/international-partnerships/asia/india/biosantexc/bsx-mobility-programs/bsx-research-and-academic-mobility-programs'] }
                          { tag='li', class='menu-item--_20ae7e7-e3c6-4f05-886c-921cb69f1b66 menu-name--main', buttons=[text='BSX News and events', url='/en/international-partnerships/asia/india/biosantexc/bsx-news-and-events'] }
                          { tag='li', class='menu-item--e7036454-f51e-4194-8907-85aaebb30c42 menu-name--main', buttons=[text='BSX Partners', url='/en/international-partnerships/india/biosantexc/bsx-partners'] }
                          { tag='li', class='menu-item--f852ba61-2d35-4a01-923f-ca67d1062fc1 menu-name--main', buttons=[text='BSX Contacts', url='/en/international-partnerships/india/biosantexc/bsx-contacts'] }
                          { tag='li', class='menu-item--e33504d1-eefb-4a48-afe9-932a7ad51ad5 menu-name--main', buttons=[text='Biosantexc: Testimonies', url='/en/international-partnerships/asia/india/biosantexc/biosantexc-testimonies'] }
                      { tag='li', class='menu-item--_c1577ee-c055-403d-91e8-cefbb4314893 menu-name--main', buttons=[text='ENS-IISER networks', url='/en/international-partnerships/india/ens-iiser-networks'] }
                      { tag='li', class='menu-item--_de4ca03-7871-4755-99a0-616c166d94a2 menu-name--main', buttons=[text='General overview and collaborations in India', url='/en/international-partnerships/asia/india/general-overview-and-collaborations-india'] }
                      { tag='li', class='menu-item--_e702cef-5f78-4511-bdf0-c99dfcaf3512 menu-name--main', buttons=[text='Opportunities in India', url='/en/international-partnerships/india/opportunities-india'] }
                  { tag='li', class='menu-item--taxonomy-menumenu-linkmenu-navigation782 menu-name--main', buttons=[text='Japan', url='/en/international-partnerships/asia/japan'] }
                      { tag='li', class='menu-item--_33b5961-9382-4705-b87c-e36f7ec2f26f menu-name--main', buttons=[text='General overview and collaborations in Japan', url='/en/international-partnerships/asia/japan/general-overview-and-collaborations-japan'] }
                      { tag='li', class='menu-item--a37c5942-b846-4646-8116-e1dd44ef1856 menu-name--main', buttons=[text='Main projects and programs in Japan', url='/en/international-partnerships/asia/japan/main-projects-and-programs-japan'] }
                      { tag='li', class='menu-item--_89727e2-08f6-4e36-ba85-bca5bef8e59f menu-name--main', buttons=[text='Opportunities in Japan', url='/en/international-partnerships/asia/japan/opportunities-japan'] }
              { tag='li', class='menu-item--taxonomy-menumenu-linkmenu-navigation770 menu-name--main', buttons=[text='Americas', url='/en/international-partnerships/americas'] }
                  { tag='li', class='menu-item--taxonomy-menumenu-linkmenu-navigation763 menu-name--main', buttons=[text='Canada', url='/en/international-partnerships/americas/canada'] }
                      { tag='li', class='menu-item--_65614ab-21d7-4350-b7b7-c3eb359b40b3 menu-name--main', buttons=[text='General overview and collaborations in Canada', url='/en/international-partnerships/americas/canada/general-overview-and-collaborations-canada'] }
                      { tag='li', class='menu-item--e840d1b5-5225-470f-89ac-87ac82070f77 menu-name--main', buttons=[text='Main projects and programs in Canada', url='/en/international-partnerships/americas/canada/main-projects-and-programs-canada'] }
                      { tag='li', class='menu-item--_265d894-03d9-4bff-8f3e-c6a5d6c3e6ac menu-name--main', buttons=[text='Opportunities in Canada', url='/en/international-partnerships/americas/canada/opportunities-canada'] }
                  { tag='li', class='menu-item--taxonomy-menumenu-linkmenu-navigation767 menu-name--main', buttons=[text='United States', url='/en/international-partnerships/americas/united-states'] }
                      { tag='li', class='menu-item--_9334b1c-b585-4b03-a820-cf185e9986d9 menu-name--main', buttons=[text='General overview and collaborations in United States', url='/en/international-partnerships/americas/united-states/general-overview-and-collaborations-united-states'] }
              { tag='li', class='menu-item--taxonomy-menumenu-linkmenu-navigation769 menu-name--main', buttons=[text='Europe', url='/en/international-partnerships/europe'] }
                  { tag='li', class='menu-item--taxonomy-menumenu-linkmenu-navigation741 menu-name--main', buttons=[text='Germany', url='/en/international-partnerships/europe/germany'] }
                      { tag='li', class='menu-item--aca0b07c-7e1b-4005-907a-fa2749aa6e20 menu-name--main', buttons=[text='General overview and collaborations with Germany', url='/en/international-partnerships/europe/germany/general-overview-and-collaborations-germany'] }
                      { tag='li', class='menu-item--_a935966-54c6-43bd-99d9-cda5eb9e38ad menu-name--main', buttons=[text='Opportunities in Germany', url='/en/international-partnerships/germany/opportunities-germany'] }
                  { tag='li', class='menu-item--taxonomy-menumenu-linkmenu-navigation764 menu-name--main', buttons=[text='Italy', url='/en/international-partnerships/europe/italy'] }
                      { tag='li', class='menu-item--c9f0dc02-c066-437d-86a1-22cc7e2ea317 menu-name--main', buttons=[text='General overview and collaborations in Italy', url='/en/international-partnerships/europe/italy/general-overview-and-collaborations-italy'] }
                      { tag='li', class='menu-item--_ff16521-e147-4073-b22d-4476739c3285 menu-name--main', buttons=[text='Main projects and programs in Italy', url='/en/international-partnerships/europe/italy/main-projects-and-programs-italy'] }
                      { tag='li', class='menu-item--abe5a927-ba41-49d3-a78e-58f3b0b63d31 menu-name--main', buttons=[text='Opportunities in Italy', url='/en/international-partnerships/europe/italy/opportunities-italy'] }
                  { tag='li', class='menu-item--taxonomy-menumenu-linkmenu-navigation765 menu-name--main', buttons=[text='Switzerland', url='/en/international-partnerships/europe/switzerland'] }
                      { tag='li', class='menu-item--_08758b2-53f3-4c26-8d8c-1c89e07c4db1 menu-name--main', buttons=[text='General overview and collaborations in Switzerland', url='/en/international-partnerships/europe/switzerland/general-overview-and-collaborations-switzerland'] }
                      { tag='li', class='menu-item--_4612650-eec5-45a3-9121-10ed8d1d3b61 menu-name--main', buttons=[text='Opportunities in Switzerland', url='/en/international-partnerships/europe/switzerland/opportunities-switzerland'] }
                  { tag='li', class='menu-item--taxonomy-menumenu-linkmenu-navigation766 menu-name--main', buttons=[text='United Kingdom', url='/en/international-partnerships/europe/united-kingdom'] }
                      { tag='li', class='menu-item--_402fc0d-4e76-4b78-835f-9b79ad555fe6 menu-name--main', buttons=[text='General overview and collaborations in United Kingdom', url='/en/international-partnerships/europe/united-kingdom/general-overview-and-collaborations-united-kingdom'] }
                      { tag='li', class='menu-item--_eb2051b-ea0a-4611-8b38-f23a035193b6 menu-name--main', buttons=[text='Main projects and programs in United Kingdom', url='/en/international-partnerships/europe/united-kingdom/main-projects-and-programs-united-kingdom'] }
                      { tag='li', class='menu-item--_eadc558-57c1-41b8-899a-eebed66ed464 menu-name--main', buttons=[text='Opportunities in United Kingdom', url='/en/international-partnerships/europe/united-kingdom/opportunities-united-kingdom'] }
