    { tag='header', buttons=[text='Accede a Declaración de Accesibilidad', url='/uam/declaracion-accesiblidad'] }
        { tag='div', class='container', buttons=[text='CIVIS', url='https://www.uam.es/uam/civis', text='Biblioteca', url='https://www.uam.es/uam/vida-universitaria/bibliotecas'] }
        { tag='div', class='dropdown notranslate', buttons=[text='Español', url=''] }
            { tag='div', class='dropdown-menu animated faster slideOutUp fast', buttons=[text='English', url='https://www.uam.es/uam/en/inicio'] }
        { tag='div', class='dropdown', buttons=[text='Información para...', url=''] }
            { tag='div', class='dropdown-menu animated faster slideOutUp fast', buttons=[text='Estudiantes', url='https://www.uam.es/uam/informacion-para-estudiantes', text='PDI', url='https://www.uam.es/uam/informacion-para-pdi', text='PDIF', url='https://www.uam.es/uam/informacion-para-pdif', text='PTGAS', url='https://www.uam.es/uam/informacion-para-ptgas', text='Futuros Estudiantes', url='https://www.uam.es/uam/estudios/futuros-estudiantes', text='Alumni', url='https://alumni.uam.es/'] }
        { tag='div', class='container' }
          { tag='div', class='uam-logo', buttons=[text='', url='https://www.uam.es/uam/inicio'] }
          { tag='div', class='uam-logo-mobile', buttons=[text='', url='https://www.uam.es/uam/inicio'] }
          { tag='div', buttons=[text='', url='https://www.uam.es/uam/buscador'] }
          { tag='li', buttons=[text='Por qué estudiar en la UAM', url='https://www.uam.es/uam/por-que-uam'] }
          { tag='li', buttons=[text='Acceso a estudios universitarios de grado', url='https://www.uam.es/uam/estudios/acceso-estudios-grado'] }
          { tag='li', buttons=[text='Grado', url='https://www.uam.es/uam/grado'] }
          { tag='li', buttons=[text='Posgrado', url='https://www.uam.es/uam/posgrados'] }
          { tag='li', buttons=[text='Formación Permanente', url='https://www.uam.es/uam/formacion-permanente'] }
          { tag='li', buttons=[text='Programas Internacionales de Estudios', url='https://www.uam.es/uam/internacional/programas-internacionales-estudios'] }
          { tag='li', buttons=[text='Escuela de Doctorado', url='https://www.uam.es/EscuelaDoctorado/Home.htm?language=en_GB'] }
          { tag='li', buttons=[text='Microtítulos', url='https://www.uam.es/uam/estudios/microtitulos'] }
          { tag='li', buttons=[text='Apoyo a la Docencia', url='https://www.uam.es/uam/apoyo-docencia'] }
          { tag='li', buttons=[text='Servicio de Idiomas', url='https://www.uam.es/uam/estudios/servicio-de-idiomas'] }
          { tag='li', buttons=[text='Investigar en la UAM', url='https://www.uam.es/uam/investigacion/investigar-uam'] }
          { tag='li', buttons=[text='Centros e institutos', url='https://www.uam.es/uam/investigacion/centros-institutos'] }
          { tag='li', buttons=[text='Grupos de investigación', url='https://www.uam.es/uam/investigacion/grupos-investigacion'] }
          { tag='li', buttons=[text='Fondos Next España puede', url='https://www.uam.es/uam/investigacion/fondos-next-espana-puede'] }
          { tag='li', buttons=[text='Programa propio de investigación', url='https://www.uam.es/uam/investigacion/programa-propio-investigacion'] }
          { tag='li', buttons=[text='Proyectos y captación de RRHH de investigación', url='https://www.uam.es/uam/investigacion/proyectos-investigacion'] }
          { tag='li', buttons=[text='Producción científica de la UAM', url='https://portalcientifico.uam.es'] }
          { tag='li', buttons=[text='Infraestructuras y servicios científicos', url='https://www.uam.es/uam/investigacion/infraestructuras-servicios-cientificos'] }
          { tag='li', buttons=[text='Estrategia de recursos humanos para la Investigación (HRS4R)', url='https://www.uam.es/uam/hrs4r'] }
          { tag='li', buttons=[text='Cultura Científica', url='https://www.uam.es/uam/investigacion/cultura-cientifica'] }
          { tag='li', buttons=[text='Ciencia Abierta', url='https://www.uam.es/uam/investigacion/ciencia-abierta'] }
          { tag='li', buttons=[text='Oficina de Proyectos Europeos e Internacionales', url='https://www.uam.es/uam/investigacion/opei'] }
          { tag='li', buttons=[text='Innovación y transferencia', url='https://www.uam.es/uam/innovacion/presentacion'] }
          { tag='li', buttons=[text='Contratación de proyectos de innovación y transferencia', url='https://www.uam.es/uam/innovacion/acuerdos-colaboracion'] }
          { tag='li', buttons=[text='Empresas Basadas en el Conocimiento', url='https://www.uam.es/uam/innovacion/empresas-basadas-conocimiento'] }
          { tag='li', buttons=[text='UAM Emprende', url='https://www.uamemprende.es/'] }
          { tag='li', buttons=[text='Campus', url='https://www.uam.es/uam/vida-universitaria/campus'] }
          { tag='li', buttons=[text='Facultades y Escuelas de la UAM', url='https://www.uam.es/uam/vida-universitaria/facultades'] }
          { tag='li', buttons=[text='Biblioteca', url='https://www.uam.es/uam/vida-universitaria/bibliotecas'] }
          { tag='li', buttons=[text='Servicio de Publicaciones', url='https://www.uam.es/uam/uam-ediciones'] }
          { tag='li', buttons=[text='Alojamientos UAM | Vida universitaria', url='https://www.uam.es/uam/alojamientos'] }
          { tag='li', buttons=[text='Cultura, Música y Arte en la UAM', url='https://www.uam.es/uam/vida-universitaria/cultura'] }
          { tag='li', buttons=[text='Actividad Física y Deporte en la UAM', url='https://www.uam.es/uam/sefyd'] }
          { tag='li', buttons=[text='Representación del Personal', url='https://www.uam.es/uam/vida-universitaria/representacion-personal'] }
          { tag='li', buttons=[text='Voluntariado, Cooperación y Solidaridad', url='https://www.uam.es/uam/voluntariado-cooperacion-solidaridad'] }
          { tag='li', buttons=[text='Participación estudiantil y asociacionismo', url='https://www.uam.es/uam/participacion-estudiantil-asociacionismo'] }
          { tag='li', buttons=[text='Comité de seguridad y salud', url='https://www.uam.es/uam/comite-seguridad-salud'] }
          { tag='li', buttons=[text='Noticias', url='https://www.uam.es/uam/gabinete-comunicacion/noticias'] }
          { tag='li', buttons=[text='Agenda', url='https://www.uam.es/uam/comunicacion/agenda'] }
          { tag='li', buttons=[text='Internacionalización', url='https://www.uam.es/uam/internacionalizacion'] }
          { tag='li', buttons=[text='Movilidad', url='https://www.uam.es/uam/internacional/movilidad'] }
          { tag='li', buttons=[text='Study Abroad at UAM', url='https://www.uam.es/uam/studyabroad'] }
          { tag='li', buttons=[text='Conócenos', url='https://www.uam.es/uam/internacional/vicerrectorado-internacionalizacion'] }
          { tag='li', buttons=[text='Conócenos', url='https://www.uam.es/uam/conoce-la-uam'] }
          { tag='li', buttons=[text='Gobierno', url='https://www.uam.es/uam/gobierno'] }
          { tag='li', buttons=[text='Comunicación', url='https://www.uam.es/uam/unidad-comunicacion'] }
          { tag='li', buttons=[text='Estrategia', url='https://www.uam.es/uam/estrategia'] }
          { tag='li', buttons=[text='Compromiso', url='https://www.uam.es/uam/compromiso-social-sostenibilidad'] }
          { tag='li', buttons=[text='Calidad', url='https://www.uam.es/uam/calidad-en-la-uam'] }
          { tag='li', buttons=[text='Portal de Transparencia', url='https://www.uam.es/uam/transparencia'] }
          { tag='li', buttons=[text='Información Pública', url='https://www.uam.es/uam/informacion-publica'] }
          { tag='li', buttons=[text='Contacta con la UAM', url='https://www.uam.es/uam/contacta'] }
                    { tag='li', buttons=[text='Por qué estudiar en la UAM', url='https://www.uam.es/uam/por-que-uam'] }
                    { tag='li', buttons=[text='Acceso a estudios universitarios de grado', url='https://www.uam.es/uam/estudios/acceso-estudios-grado'] }
                    { tag='li', buttons=[text='Grado', url='https://www.uam.es/uam/grado'] }
                    { tag='li', buttons=[text='Posgrado', url='https://www.uam.es/uam/posgrados'] }
                    { tag='li', buttons=[text='Formación Permanente', url='https://www.uam.es/uam/formacion-permanente'] }
                    { tag='li', buttons=[text='Programas Internacionales de Estudios', url='https://www.uam.es/uam/internacional/programas-internacionales-estudios'] }
                    { tag='li', buttons=[text='Escuela de Doctorado', url='https://www.uam.es/EscuelaDoctorado/Home.htm?language=en_GB'] }
                    { tag='li', buttons=[text='Microtítulos', url='https://www.uam.es/uam/estudios/microtitulos'] }
                    { tag='li', buttons=[text='Apoyo a la Docencia', url='https://www.uam.es/uam/apoyo-docencia'] }
                    { tag='li', buttons=[text='Servicio de Idiomas', url='https://www.uam.es/uam/estudios/servicio-de-idiomas'] }
                    { tag='li', buttons=[text='Investigar en la UAM', url='https://www.uam.es/uam/investigacion/investigar-uam'] }
                    { tag='li', buttons=[text='Centros e institutos', url='https://www.uam.es/uam/investigacion/centros-institutos'] }
                    { tag='li', buttons=[text='Grupos de investigación', url='https://www.uam.es/uam/investigacion/grupos-investigacion'] }
                    { tag='li', buttons=[text='Fondos Next España puede', url='https://www.uam.es/uam/investigacion/fondos-next-espana-puede'] }
                    { tag='li', buttons=[text='Programa propio de investigación', url='https://www.uam.es/uam/investigacion/programa-propio-investigacion'] }
                    { tag='li', buttons=[text='Proyectos y captación de RRHH de investigación', url='https://www.uam.es/uam/investigacion/proyectos-investigacion'] }
                    { tag='li', buttons=[text='Producción científica de la UAM', url='https://portalcientifico.uam.es'] }
                    { tag='li', buttons=[text='Infraestructuras y servicios científicos', url='https://www.uam.es/uam/investigacion/infraestructuras-servicios-cientificos'] }
                    { tag='li', buttons=[text='Estrategia de recursos humanos para la Investigación (HRS4R)', url='https://www.uam.es/uam/hrs4r'] }
                    { tag='li', buttons=[text='Cultura Científica', url='https://www.uam.es/uam/investigacion/cultura-cientifica'] }
                    { tag='li', buttons=[text='Ciencia Abierta', url='https://www.uam.es/uam/investigacion/ciencia-abierta'] }
                    { tag='li', buttons=[text='Oficina de Proyectos Europeos e Internacionales', url='https://www.uam.es/uam/investigacion/opei'] }
                    { tag='li', buttons=[text='Innovación y transferencia', url='https://www.uam.es/uam/innovacion/presentacion'] }
                    { tag='li', buttons=[text='Contratación de proyectos de innovación y transferencia', url='https://www.uam.es/uam/innovacion/acuerdos-colaboracion'] }
                    { tag='li', buttons=[text='Empresas Basadas en el Conocimiento', url='https://www.uam.es/uam/innovacion/empresas-basadas-conocimiento'] }
                    { tag='li', buttons=[text='UAM Emprende', url='https://www.uamemprende.es/'] }
                    { tag='li', buttons=[text='Campus', url='https://www.uam.es/uam/vida-universitaria/campus'] }
                    { tag='li', buttons=[text='Facultades y Escuelas de la UAM', url='https://www.uam.es/uam/vida-universitaria/facultades'] }
                    { tag='li', buttons=[text='Biblioteca', url='https://www.uam.es/uam/vida-universitaria/bibliotecas'] }
                    { tag='li', buttons=[text='Servicio de Publicaciones', url='https://www.uam.es/uam/uam-ediciones'] }
                    { tag='li', buttons=[text='Alojamientos UAM | Vida universitaria', url='https://www.uam.es/uam/alojamientos'] }
                    { tag='li', buttons=[text='Cultura, Música y Arte en la UAM', url='https://www.uam.es/uam/vida-universitaria/cultura'] }
                    { tag='li', buttons=[text='Actividad Física y Deporte en la UAM', url='https://www.uam.es/uam/sefyd'] }
                    { tag='li', buttons=[text='Representación del Personal', url='https://www.uam.es/uam/vida-universitaria/representacion-personal'] }
                    { tag='li', buttons=[text='Voluntariado, Cooperación y Solidaridad', url='https://www.uam.es/uam/voluntariado-cooperacion-solidaridad'] }
                    { tag='li', buttons=[text='Participación estudiantil y asociacionismo', url='https://www.uam.es/uam/participacion-estudiantil-asociacionismo'] }
                    { tag='li', buttons=[text='Comité de seguridad y salud', url='https://www.uam.es/uam/comite-seguridad-salud'] }
                    { tag='li', buttons=[text='Noticias', url='https://www.uam.es/uam/gabinete-comunicacion/noticias'] }
                    { tag='li', buttons=[text='Agenda', url='https://www.uam.es/uam/comunicacion/agenda'] }
                    { tag='li', buttons=[text='Internacionalización', url='https://www.uam.es/uam/internacionalizacion'] }
                    { tag='li', buttons=[text='Movilidad', url='https://www.uam.es/uam/internacional/movilidad'] }
                    { tag='li', buttons=[text='Study Abroad at UAM', url='https://www.uam.es/uam/studyabroad'] }
                    { tag='li', buttons=[text='Conócenos', url='https://www.uam.es/uam/internacional/vicerrectorado-internacionalizacion'] }
                    { tag='li', buttons=[text='Conócenos', url='https://www.uam.es/uam/conoce-la-uam'] }
                    { tag='li', buttons=[text='Gobierno', url='https://www.uam.es/uam/gobierno'] }
                    { tag='li', buttons=[text='Comunicación', url='https://www.uam.es/uam/unidad-comunicacion'] }
                    { tag='li', buttons=[text='Estrategia', url='https://www.uam.es/uam/estrategia'] }
                    { tag='li', buttons=[text='Compromiso', url='https://www.uam.es/uam/compromiso-social-sostenibilidad'] }
                    { tag='li', buttons=[text='Calidad', url='https://www.uam.es/uam/calidad-en-la-uam'] }
                    { tag='li', buttons=[text='Portal de Transparencia', url='https://www.uam.es/uam/transparencia'] }
                    { tag='li', buttons=[text='Información Pública', url='https://www.uam.es/uam/informacion-publica'] }
                    { tag='li', buttons=[text='Contacta con la UAM', url='https://www.uam.es/uam/contacta'] }
                  { tag='li', buttons=[text='Estudiantes', url='https://www.uam.es/uam/informacion-para-estudiantes'] }
                  { tag='li', buttons=[text='PDI', url='https://www.uam.es/uam/informacion-para-pdi'] }
                  { tag='li', buttons=[text='PDIF', url='https://www.uam.es/uam/informacion-para-pdif'] }
                  { tag='li', buttons=[text='PTGAS', url='https://www.uam.es/uam/informacion-para-ptgas'] }
                  { tag='li', buttons=[text='Futuros Estudiantes', url='https://www.uam.es/uam/estudios/futuros-estudiantes'] }
                  { tag='li', buttons=[text='Alumni', url='https://alumni.uam.es/'] }
                  { tag='li', buttons=[text='English', url='https://www.uam.es/uam/en/inicio'] }
            { tag='div', class='accordion-header js-accordion-header', buttons=[text='CIVIS', url='https://www.uam.es/uam/civis'] }
            { tag='div', class='accordion-header js-accordion-header', buttons=[text='Biblioteca', url='https://www.uam.es/uam/vida-universitaria/bibliotecas'] }
          { tag='p', class='hero-banner-title uam-header', buttons=[text='La UAM [CON]tigo', url='https://www.uam.es/uam/estudios/futuros-estudiantes'] }
      { tag='div', class='uam-header-links', buttons=[text='Proceso de reforma de los Estatutos de la UAM 2024 - 2025', url='https://www.uam.es/uam/organos-de-gobierno/consejo-gobierno/comisiones-independientes-consejo-gobierno/estatutos-reglamentacion-desarrollo-normativo/reforma-estatutos-uam', text='Elecciones parciales a Claustro, Juntas y Consejos 2025', url='https://www.uam.es/uam/elecciones-organos-colegiados-2025'] }
      { tag='div', class='contributed left', buttons=[text='Consulta de admisión a grados 2025-26 convocatoria extraordinaria', url=''] }
            { tag='div', class='uam-media-container float-right', buttons=[text='', url='https://www.uam.es/uam/media/img/1606999434470/4b235588-1e2a-4490-b8cb-a9d991380c3b.jpg'] }
                      { tag='li', buttons=[text='pinterest', url='https://pinterest.com/pin/create/button/?url=https://www.uam.es/uam/media/img/1606999434470/4b235588-1e2a-4490-b8cb-a9d991380c3b.jpg&media=https://www.uam.es/uam/media/img/1606999434470/4b235588-1e2a-4490-b8cb-a9d991380c3b.jpg&description='] }
            { tag='p', class='small-spacing', buttons=[text='incluirte en nuestras listas de espera', url='https://www.uam.es/uam/admision-lista-espera'] }
      { tag='div', class='uam-mod-footer', buttons=[text='Resultado de admisión', url='https://www.uam.es/uam/admision-universidades-distrito-unico-madrid'] }
              { tag='div', class='col-12', buttons=[text='Actualidad UAM', url=''] }
                { tag='div', class='news-card-clickable', buttons=[text='La rectora Amaya Mendikoetxea presenta una estrategia de transformación integral de la UAM en el acto de apertura del curso académico', url='https://www.uam.es/uam/noticias/inauguracion-curso-academico-25-26'] }
              { tag='div', class='news-card-clickable', buttons=[text='La investigadora de la UAM Ana Cueto obtiene una 'ERC Starting Grant' para su proyecto 'Plusphoton', que explorará nuevos modos de producción del bosón de Higgs', url='https://www.uam.es/uam/noticias/investigadora-uam-ana-cueto-recibe-beca-erc-starting-grant'] }
              { tag='div', class='news-card-clickable', buttons=[text='La UAM da la bienvenida a estudiantes internacionales y de nuevo ingreso', url='https://www.uam.es/uam/noticias/jornadas-bienvenida-2025-uam'] }
              { tag='div', class='news-card-clickable', buttons=[text='La UAM incorpora la Mención Dual en el Grado en Química y se convierte en el primer centro público de la Comunidad de Madrid en ofrecer esta modalidad formativa', url='https://www.uam.es/uam/noticias/uam-incorpora-mencion-dual-grado-quimica-primer-centro-publico-comunidad-madrid-ofrece-esta-modalidad-formativa-en-ensenanzas-grado-'] }
              { tag='div', class='news-card-clickable', buttons=[text='La UAM, en el puesto 206 del mundo y cuarta mejor universidad de España en el ‘QS World University Rankings 2026’', url='https://www.uam.es/uam/noticias/ranking-qs-world-university-2026'] }
            { tag='div', class='col-12 text-center', buttons=[text='Ver todas las noticias', url='https://www.uam.es/uam/gabinete-comunicacion/noticias'] }
              { tag='div', class='col-12', buttons=[text='Noticias científicas', url=''] }
                { tag='div', class='news-card-clickable', buttons=[text='La colaboración docente es clave para la mejora educativa en España', url='https://www.uam.es/uam/investigacion/cultura-cientifica/noticias/codocencia-educacion'] }
              { tag='div', class='news-card-clickable', buttons=[text='Desarrollan un sistema para mapear en 3D la temperatura dentro de tejidos vivos', url='https://www.uam.es/uam/investigacion/cultura-cientifica/noticias/nanotermometria-tejidos'] }
              { tag='div', class='news-card-clickable', buttons=[text='La Unidad de Cultura Científica amplía su presencia en línea y refuerza su compromiso con la divulgación científica', url='https://www.uam.es/uam/investigacion/cultura-cientifica/actividades/canal-whatsapp-uccuam'] }
              { tag='div', class='news-card-clickable', buttons=[text='Neutrinos: más ligeros y menos misteriosos que nunca', url='https://www.uam.es/uam/investigacion/cultura-cientifica/noticias/katrin-neutrinos'] }
              { tag='div', class='news-card-clickable', buttons=[text='Primera edición de "LA UNI EN EL BARRIO": proyecto de conferencias en el barrio de Usera', url='https://www.uam.es/uam/investigacion/cultura-cientifica/actividades/uni-en-el-barrio-octubre25'] }
            { tag='div', class='col-12 text-center', buttons=[text='Más cultura científica', url='https://www.uam.es/uam/investigacion/cultura-cientifica'] }
      { tag='div', class='contributed left', buttons=[text='EVENTOS', url=''] }
            { tag='div', class='uam-media-container float-right', buttons=[text='', url='https://www.uam.es/uam/media/img/1606859313941/banner-agenda-2024.jpg'] }
                      { tag='li', buttons=[text='pinterest', url='https://pinterest.com/pin/create/button/?url=https://www.uam.es/uam/media/img/1606859313941/banner-agenda-2024.jpg&media=https://www.uam.es/uam/media/img/1606859313941/banner-agenda-2024.jpg&description='] }
      { tag='div', class='uam-mod-footer', buttons=[text='Infórmate', url='https://www.uam.es/uam/comunicacion/agenda'] }
      { tag='div', class='contributed left', buttons=[text='Conoce los datos de la UAM, la universidad donde quieres estudiar', url=''] }
            { tag='div', class='uam-media-container float-right', buttons=[text='', url='https://www.uam.es/uam/media/img/1606995215633/portada-23-24.svg'] }
                      { tag='li', buttons=[text='pinterest', url='https://pinterest.com/pin/create/button/?url=https://www.uam.es/uam/media/img/1606995215633/portada-23-24.svg&media=https://www.uam.es/uam/media/img/1606995215633/portada-23-24.svg&description='] }
      { tag='div', class='uam-mod-footer', buttons=[text='La UAM en cifras', url='https://www.uam.es/uam/oficina-analisis-planificacion/cifras'] }
      { tag='div', class='contributed left', buttons=[text='La UAM ante las crisis humanitarias', url=''] }
            { tag='div', class='uam-media-container float-right', buttons=[text='', url='https://www.uam.es/uam/media/img/1606937915229/imagenuamantecrisishumanitarias-donaciones.jpg'] }
                      { tag='li', buttons=[text='pinterest', url='https://pinterest.com/pin/create/button/?url=https://www.uam.es/uam/media/img/1606937915229/imagenuamantecrisishumanitarias-donaciones.jpg&media=https://www.uam.es/uam/media/img/1606937915229/imagenuamantecrisishumanitarias-donaciones.jpg&description='] }
      { tag='div', class='uam-mod-footer', buttons=[text='Colabora', url='https://www.uam.es/uam/voluntariado-cooperacion-solidaridad/uam-ante-crisis-humanitarias-donaciones'] }
      { tag='div', class='contributed left', buttons=[text='CURSOS DE CORTA DURACIÓN Y MICROCREDENCIALES', url=''] }
            { tag='div', class='uam-media-container float-right', buttons=[text='', url='https://www.uam.es/uam/media/img/1606903067572/fotoccd.jpg'] }
                      { tag='li', buttons=[text='pinterest', url='https://pinterest.com/pin/create/button/?url=https://www.uam.es/uam/media/img/1606903067572/fotoccd.jpg&media=https://www.uam.es/uam/media/img/1606903067572/fotoccd.jpg&description='] }
            { tag='p', buttons=[text='Cursos de corta duración', url='https://www.uam.es/CentroFormacionContinua/cursos-corta-duracion'] }
            { tag='p', buttons=[text='Microcrendeciales universitarias', url='https://www.uam.es/CentroFormacionContinua/microcredenciales/1446848113452.htm?language=es_ES&nodepath=Microcredenciales'] }
      { tag='div', class='contributed left', buttons=[text='[CON]ecta con el planeta', url=''] }
            { tag='div', class='uam-media-container float-right', buttons=[text='', url='https://www.uam.es/uam/media/img/1606928370518/infografia-consumo-19-5-23.svg'] }
                      { tag='li', buttons=[text='pinterest', url='https://pinterest.com/pin/create/button/?url=https://www.uam.es/uam/media/img/1606928370518/infografia-consumo-19-5-23.svg&media=https://www.uam.es/uam/media/img/1606928370518/infografia-consumo-19-5-23.svg&description='] }
      { tag='div', class='uam-mod-footer', buttons=[text='quiero saber más', url='https://www.uam.es/uam/noticias/campana-desconecta-la-luz-conecta-con-el-planeta'] }
      { tag='div', class='container', buttons=[text='COMUNICADOS', url=''] }
                    { tag='div', buttons=[text='DESCARGAR PDF[258.36 KB]', url='https://www.uam.es/uam/media/doc/1606996036226/v2-comunicado-cruma-13-06-2025.pdf'] }
                    { tag='div', buttons=[text='DESCARGAR PDF[124.22 KB]', url='https://www.uam.es/uam/media/doc/1606992887221/2025.05.26--comunicado-crue-reclama-el-cese-de-la-violencia-en-gaza-y-el-respeto-al-derecho-internacional.pdf'] }
                    { tag='div', buttons=[text='DESCARGAR PDF[108.30 KB]', url='https://www.uam.es/uam/media/doc/1606993519705/2025.05.27--comunicado-crue-expresa-su-preocupacion-por-las-injerencias-en-harvard-y-reafirma-su-defensa-de-la-autonomia-universitaria.pdf'] }
                    { tag='div', buttons=[text='DESCARGAR PDF[110.82 KB]', url='https://www.uam.es/uam/media/doc/1606955924684/manifiesto-paz-crue-16-mayo.pdf'] }
      { tag='div', class='container', buttons=[text='LA UAM EN CIFRAS', url=''] }
              { tag='div', class='icon-slide after col-12 col-lg-4', buttons=[text='Enlace a La UAM en cifras.', url='https://www.uam.es/uam/oficina-analisis-planificacion/cifras'] }
              { tag='div', class='icon-slide after col-12 col-lg-4', buttons=[text='Enlace a La UAM en cifras.', url='https://www.uam.es/uam/oficina-analisis-planificacion/cifras'] }
              { tag='div', class='icon-slide after col-12 col-lg-4', buttons=[text='Enlace a La UAM en cifras.', url='https://www.uam.es/uam/oficina-analisis-planificacion/cifras'] }
              { tag='div', class='icon-slide after col-12 col-lg-4', buttons=[text='Enlace a La UAM en cifras.', url='https://www.uam.es/uam/oficina-analisis-planificacion/cifras'] }
              { tag='div', class='icon-slide after col-12 col-lg-4', buttons=[text='Enlace a La UAM en cifras.', url='https://www.uam.es/uam/oficina-analisis-planificacion/cifras'] }
              { tag='div', class='icon-slide after col-12 col-lg-4', buttons=[text='Enlace a La UAM en cifras.', url='https://www.uam.es/uam/oficina-analisis-planificacion/cifras'] }
              { tag='li', buttons=[text='Sede electrónica', url='https://sede.uam.es/sede/inicio'] }
              { tag='li', buttons=[text='Portal de transparencia', url='https://www.uam.es/uam/transparencia'] }
              { tag='li', buttons=[text='BOUAM', url='http://www.uam.es/BOUAM/Home.htm'] }
              { tag='li', buttons=[text='Actas CG/Claustro', url='https://dauam.sharepoint.com/:f:/s/SecretariaGeneral/Ehm6KsfA2i5Bn7IgsndfgmMBxx43bit0jiPoi8VVFX9CaA?e=iMulaG'] }
              { tag='li', buttons=[text='Portal del empleado', url='https://portalempleado.uam.es/ServiciosApp/faces/inicioServicios'] }
              { tag='li', buttons=[text='CIVIS', url='https://www.uam.es/uam/civis'] }
              { tag='li', buttons=[text='Defensoría Universitaria', url='https://www.uam.es/uam/organos-gobierno/defensoria-universitaria'] }
              { tag='li', buttons=[text='Facebook UAM', url='https://es-es.facebook.com/universidadautonomademadrid'] }
              { tag='li', buttons=[text='Instagram UAM', url='https://www.instagram.com/uammadrid/?hl=es'] }
              { tag='li', buttons=[text='LinkedIn UAM', url='https://www.linkedin.com/school/universidad-autonoma-de-madrid/'] }
              { tag='li', buttons=[text='Twitter UAM', url='https://twitter.com/UAM_Madrid'] }
              { tag='li', buttons=[text='Bluesky UAM', url='https://web-cdn.bsky.app/profile/did:plc:auhoo7mnfc7ob3zzdlvwlghy'] }
              { tag='li', buttons=[text='YouTube UAM', url='https://www.youtube.com/channel/UCuV08OGxvz80SQvcj4ZBfKw'] }
                      { tag='li', buttons=[text='Sistema Interno de Información', url='https://www.uam.es/uam/sistema-interno-informacion'] }
                      { tag='li', buttons=[text='Calidad', url='https://www.uam.es/uam/calidad-en-la-uam'] }
                      { tag='li', buttons=[text='Directorio de Contactos', url='https://autoservicio.uam.es/paginas-blancas/'] }
                      { tag='li', buttons=[text='Comunicación e Imagen Institucional', url='https://www.uam.es/uam/unidad-comunicacion'] }
                      { tag='li', buttons=[text='Perfil del contratante', url='https://www.uam.es/uam/servicio-contratacion/perfil-contratante'] }
                      { tag='li', buttons=[text='Tecnologías de la información', url='https://www.uam.es/uam/tecnologias-informacion'] }
                        { tag='li', buttons=[text='Facultades', url='https://www.uam.es/uam/vida-universitaria/facultades'] }
                        { tag='li', buttons=[text='Biblioteca', url='https://www.uam.es/uam/vida-universitaria/bibliotecas'] }
                        { tag='li', buttons=[text='Campus', url='https://www.uam.es/uam/vida-universitaria/campus'] }
                        { tag='li', buttons=[text='Agenda', url='https://www.uam.es/uam/comunicacion/agenda'] }
                        { tag='li', buttons=[text='Noticias', url='https://www.uam.es/uam/gabinete-comunicacion/noticias'] }
                        { tag='li', buttons=[text='Publicaciones', url='https://www.uam.es/uam/uam-ediciones'] }
                        { tag='li', buttons=[text='FUAM', url='https://fuam.es/'] }
                        { tag='li', buttons=[text='Estudiantes', url='https://www.uam.es/uam/informacion-para-estudiantes'] }
                        { tag='li', buttons=[text='PDI', url='https://www.uam.es/uam/informacion-para-pdi'] }
                        { tag='li', buttons=[text='PDIF', url='https://www.uam.es/uam/informacion-para-pdif'] }
                        { tag='li', buttons=[text='PTGAS', url='https://www.uam.es/uam/informacion-para-ptgas'] }
                        { tag='li', buttons=[text='Futuros Estudiantes', url='https://www.uam.es/uam/estudios/futuros-estudiantes'] }
                        { tag='li', buttons=[text='Alumni', url='https://alumni.uam.es/'] }
              { tag='li', buttons=[text='Política de privacidad', url='https://www.uam.es/uam/politica-privacidad'] }
              { tag='li', buttons=[text='Cookies', url='https://www.uam.es/uam/politica-cookies-uam'] }
              { tag='li', buttons=[text='Contacto', url='https://www.uam.es/uam/contacto'] }
              { tag='li', buttons=[text='Aviso legal', url='https://www.uam.es/uam/aviso-legal'] }
              { tag='li', buttons=[text='Accesibilidad', url='https://www.uam.es/uam/declaracion-accesiblidad'] }
            { tag='li', class='uam-partner-logo col-4 col-lg-auto', buttons=[text='', url='https://fundacionuniversidadempresa.es/es/'] }
            { tag='li', class='uam-partner-logo col-4 col-lg-auto', buttons=[text='', url='https://www.uam.es/uam/hrs4r'] }
            { tag='li', class='uam-partner-logo col-4 col-lg-auto', buttons=[text='', url='https://fpcm.es/'] }
            { tag='li', class='uam-partner-logo col-4 col-lg-auto', buttons=[text='', url='https://www.universia.net/es/home.html'] }
            { tag='li', class='uam-partner-logo col-4 col-lg-auto', buttons=[text='', url='https://www.santander.com/es/nuestro-compromiso/crecimiento-inclusivo-y-sostenible/compromiso-con-la-educacion-superior'] }
          { tag='p', buttons=[text='nuestra política de cookies.', url='/uam/politica-cookies-uam'] }
      { tag='div', class='cookies-close', buttons=[text='Aceptar', url=''] }
