    { tag='div', class='dialog-off-canvas-main-canvas', buttons=[text='', url='/'] }
        { tag='div', class='special-header__container grid-x' }
              { tag='div', class='cell large-12', buttons=[text='Découvrez notre nouveau site carrière', url='https://carriere.univ-amu.fr/'] }
              { tag='nav', class='block-topmenu system_menu_block:top-menu block cell auto', buttons=[text='top menu', url=''] }
                  { tag='li', buttons=[text='Accueil', url='/fr'] }
                  { tag='li', buttons=[text='Intramu', url='/fr/intramu'] }
                  { tag='li', buttons=[text='Annuaire AMU', url='https://annuaire.univ-amu.fr/'] }
                  { tag='li', buttons=[text='Recrutement', url='https://carriere.univ-amu.fr'] }
                  { tag='li', buttons=[text='HRS4R', url='/fr/public/hrs4r-0'] }
                  { tag='li', buttons=[text='CIVIS', url='/fr/public/civis-0'] }
                  { tag='li', buttons=[text='WE4LEAD', url='/fr/public/le-projet-we4lead'] }
                    { tag='li', buttons=[text='', url='https://www.facebook.com/aixmarseilleuniversite/'] }
                    { tag='li', buttons=[text='', url='https://www.instagram.com/univ_amu/'] }
                    { tag='li', buttons=[text='', url='https://www.linkedin.com/school/aix-marseille-universite/'] }
                    { tag='li', buttons=[text='', url='https://bsky.app/profile/univ-amu.fr'] }
                    { tag='li', buttons=[text='', url='https://www.youtube.com/channel/UCqAJ4nmwJdjEweR1cNYPbmA'] }
                    { tag='li', buttons=[text='', url='https://www.researchgate.net/institution/Aix-Marseille_Universite'] }
                    { tag='li', buttons=[text='', url='https://hal-amu.archives-ouvertes.fr/'] }
                    { tag='li', buttons=[text='', url='https://boutique.univ-amu.fr/'] }
                    { tag='li', buttons=[text='', url='https://tele-demandes.univ-amu.fr/'] }
                    { tag='li', buttons=[text='English', url='/en'] }
                    { tag='li', class='is-active', buttons=[text='Français', url='/fr'] }
                { tag='div', class='cell small-6', buttons=[text='', url='https://www.univ-amu.fr/fr'] }
                { tag='div', class='cell small-2', buttons=[text='', url='/fr/public/engagement-contre-les-violences-sexistes-et-sexuelles'] }
                { tag='div', class='cell small-2', buttons=[text='', url='/fr/public/actualites/amu-decroche-la-troisieme-etoile-du-label-bienvenue-en-france'] }
                { tag='div', class='cell small-2', buttons=[text='', url='/fr/public/service-pour-le-respect-et-legalite'] }
                { tag='nav', class='block-navigationprincipale system_menu_block:main block', buttons=[text='Navigation principale', url=''] }
                      { tag='li', buttons=[text='Université', url='/fr'] }
                              { tag='li', buttons=[text='Aix-Marseille Université', url='/fr/public/presentation-de-luniversite'] }
                              { tag='li', buttons=[text='Organisation', url='/fr/public/organisation-daix-marseille-universite'] }
                              { tag='li', buttons=[text='Composantes', url='/fr/public/composantes-facultes-ecoles-instituts'] }
                              { tag='li', buttons=[text='Instituts d'établissement & EURs', url='/fr/public/instituts-detablissement-interdisciplinaires-amu'] }
                              { tag='li', buttons=[text='Institut d'études avancées - Iméra', url='https://imera.univ-amu.fr/'] }
                              { tag='li', buttons=[text='Développement durable', url='/fr/public/developpement-durable-citoyennete'] }
                              { tag='li', buttons=[text='Biodiversité', url='/fr/public/biodivamu-0'] }
                              { tag='li', buttons=[text='Service pour le respect et l'égalité', url='/fr/public/service-pour-le-respect-et-legalite'] }
                              { tag='li', buttons=[text='Égalité des Chances AMU', url='/fr/public/mission-egalite-des-chances-amu'] }
                              { tag='li', buttons=[text='Égalité F/H & Lutte contre les discriminations', url='/fr/public/egalite-femmes-hommes-lutte-contre-les-discriminations'] }
                              { tag='li', buttons=[text='Médiateur de l'université', url='/fr/public/mediateur-de-luniversite'] }
                              { tag='li', buttons=[text='Recueil des actes administratifs', url='https://recueil-actes-administratifs.univ-amu.fr/publication'] }
                              { tag='li', buttons=[text='Culture à l'université', url='https://www.univ-amu.fr/fr/public/culture'] }
                              { tag='li', buttons=[text='Culture scientifique', url='/fr/public/culture-scientifique'] }
                              { tag='li', buttons=[text='Patrimoine immobilier', url='/fr/public/le-patrimoine'] }
                              { tag='li', buttons=[text='Patrimoine scientifique', url='/fr/public/patrimoine-scientifique-1'] }
                              { tag='li', buttons=[text='Partenaires', url='/fr/public/nos-partenaires'] }
                              { tag='li', buttons=[text='Recrutement & offres d'emploi', url='/fr/public/recrutement-offres-demploi'] }
                              { tag='li', buttons=[text='Boutique AMU', url='https://boutique.univ-amu.fr/'] }
                              { tag='li', buttons=[text='Contact', url='/fr/public/tele-demandes-amu'] }
                              { tag='li', buttons=[text='ALLSH', url='https://www.univ-amu.fr/fr/public/allsh-faculte-des-arts-lettres-langues-sciences-humaines'] }
                              { tag='li', buttons=[text='CFMI', url='https://www.univ-amu.fr/fr/public/cfmi-centre-de-formation-des-musiciens-intervenants'] }
                              { tag='li', buttons=[text='EJCAM', url='https://www.univ-amu.fr/fr/public/ejcam-ecole-de-journalisme-et-de-communication-daix-marseille'] }
                              { tag='li', buttons=[text='FDS', url='https://www.univ-amu.fr/fr/public/fds-faculte-des-sciences'] }
                              { tag='li', buttons=[text='FDSP', url='https://www.univ-amu.fr/fr/public/fdsp-faculte-de-droit-et-science-politique'] }
                              { tag='li', buttons=[text='FEG', url='https://www.univ-amu.fr/fr/public/feg-faculte-deconomie-et-gestion'] }
                              { tag='li', buttons=[text='FSS', url='https://www.univ-amu.fr/fr/public/fss-faculte-des-sciences-du-sport'] }
                              { tag='li', buttons=[text='IAE', url='https://www.univ-amu.fr/fr/public/iae-institut-dadministration-des-entreprises'] }
                              { tag='li', buttons=[text='IMPGT', url='https://www.univ-amu.fr/fr/public/impgt-institut-de-management-public-et-gouvernance-territoriale'] }
                              { tag='li', buttons=[text='INSPE', url='https://www.univ-amu.fr/fr/public/espe-ecole-superieure-du-professorat-et-de-leducation'] }
                              { tag='li', buttons=[text='IRT', url='https://www.univ-amu.fr/fr/public/irt-institut-regional-du-travail'] }
                              { tag='li', buttons=[text='IUT', url='https://www.univ-amu.fr/fr/public/iut-institut-universitaire-de-technologie-daix-marseille'] }
                              { tag='li', buttons=[text='MMSH', url='https://www.univ-amu.fr/fr/public/mmsh-maison-mediterraneenne-des-sciences-de-lhomme'] }
                              { tag='li', buttons=[text='PHARMA', url='https://www.univ-amu.fr/fr/public/pharma-faculte-de-pharmacie'] }
                              { tag='li', buttons=[text='POLYTECH', url='https://www.univ-amu.fr/fr/public/polytech-ecole-dingenieurs'] }
                              { tag='li', buttons=[text='PYTHEAS', url='https://www.univ-amu.fr/fr/public/institut-pytheas-observatoire-des-sciences-de-lunivers'] }
                              { tag='li', buttons=[text='SMPM', url='https://www.univ-amu.fr/public/smpm-faculte-des-sciences-medicales-et-paramedicales'] }
                              { tag='li', buttons=[text='Fondation universitaire Amidex', url='/fr/public/la-fondation-amidex'] }
                              { tag='li', buttons=[text='Appels à projets amidex', url='/fr/public/appels-projets-en-cours-amidex'] }
                              { tag='li', buttons=[text='Dispositif lauréats France 2030 - PIA', url='/fr/public/dispositifs-laureats-du-pia'] }
                              { tag='li', buttons=[text='Instituts d'établissement', url='/fr/public/instituts-detablissement-amu'] }
                              { tag='li', buttons=[text='Institut d'études avancées - Iméra', url='https://imera.univ-amu.fr/en'] }
                              { tag='li', buttons=[text='Le CERCle - Club des ERC', url='/fr/public/le-cercle-club-des-erc-du-site-daix-marseille'] }
                              { tag='li', buttons=[text='Instituts d'établissement', url='/fr/public/instituts-detablissement-amu'] }
                              { tag='li', buttons=[text='Ecoles Universitaires de Recherche', url='/fr/public/ecoles-universitaires-de-recherche'] }
                      { tag='li', buttons=[text='Formation', url='/fr'] }
                              { tag='li', buttons=[text='Offre de formation AMU', url='https://formations.univ-amu.fr'] }
                              { tag='li', buttons=[text='Formation à distance', url='/fr/public/formation-distance'] }
                              { tag='li', buttons=[text='SUL - Service universitaire des Langues', url='/fr/public/sul-service-universitaire-des-langues'] }
                              { tag='li', buttons=[text='Apprentissage', url='/fr/public/apprentissage'] }
                              { tag='li', buttons=[text='Orientation et réorientation', url='/fr/public/orientation-reorientation'] }
                              { tag='li', buttons=[text='Enquêtes de satisfaction et de suivi', url='/fr/public/observatoire-de-la-vie-etudiante'] }
                              { tag='li', buttons=[text='Université du Temps Libre', url='/fr/public/universite-du-temps-libre'] }
                              { tag='li', buttons=[text='Appels à projets Amidex', url='/fr/public/formation'] }
                              { tag='li', buttons=[text='Dispositifs lauréats France 2030 - PIA', url='/fr/public/pia3-projets'] }
                              { tag='li', buttons=[text='Présentation du service For’Pro', url='/fr/public/service-formation-professionnelle-continue'] }
                              { tag='li', buttons=[text='Offre de Formations', url='/fr/public/formations-courtes-qualifiantes-et-sur-mesure'] }
                              { tag='li', buttons=[text='Evolution Pro et aide à la reconversion', url='/fr/public/evolution-professionnelle-aide-la-reconversion'] }
                              { tag='li', buttons=[text='Conseil en financement', url='/fr/public/conseil-financement'] }
                              { tag='li', buttons=[text='Prestations de services', url='/fr/public/prestations-de-services'] }
                              { tag='li', buttons=[text='Suggestion / Réclamation', url='https://formulaires.univ-amu.fr/fr/public/espace-suggestion-reclamation'] }
                              { tag='li', buttons=[text='Accueil SUIO', url='/fr/public/suio-orientation-insertion-entrepreneuriat-etudiant'] }
                              { tag='li', buttons=[text='Orientation - réorientation', url='/fr/public/orientation-et-reorientation-etudiants'] }
                              { tag='li', buttons=[text='Insertion professionnelle', url='/fr/public/insertion-professionnelle-etudiants'] }
                              { tag='li', buttons=[text='Entrepreneuriat étudiant', url='/fr/public/start-et-creation-dentreprise'] }
                              { tag='li', buttons=[text='Métiers & Débouchés', url='/fr/public/metiers-et-debouches-e'] }
                              { tag='li', buttons=[text='Stages', url='/fr/public/stages'] }
                              { tag='li', buttons=[text='Espace recruteur', url='/fr/public/espace-recruteurs'] }
                              { tag='li', buttons=[text='Handicap', url='/fr/public/insertion-professionnelle-des-etudiants-en-situation-de-handicap'] }
                              { tag='li', buttons=[text='Contacter le SUIO', url='https://formulaires.univ-amu.fr/fr/public/contact-suio'] }
                              { tag='li', buttons=[text='Formation à la pédagogie & numérique', url='/fr/public/la-formation-la-pedagogie-et-aux-outils-numeriques'] }
                              { tag='li', buttons=[text='Les rendez-vous du CIPE', url='/fr/public/les-rendez-vous-du-cipe'] }
                              { tag='li', buttons=[text='Évènement du CIPE', url='/fr/public/les-evenements-du-cipe'] }
                              { tag='li', buttons=[text='Candidater sur les appels à projet', url='/fr/public/candidater-sur-les-appels-projets'] }
                              { tag='li', buttons=[text='Espaces et outils numériques', url='/fr/public/espaces-et-outils-numeriques-au-service-de-la-pedagogie'] }
                              { tag='li', buttons=[text='FAQ enseignant', url='/fr/public/faq-cipe'] }
                              { tag='li', buttons=[text='FAQ étudiant', url='/fr/public/foire-aux-questions-faq'] }
                              { tag='li', buttons=[text='Instituts d'établissement', url='/fr/public/instituts-detablissement-amu'] }
                              { tag='li', buttons=[text='Ecoles Universitaires de Recherche', url='/fr/public/ecoles-universitaires-de-recherche'] }
                      { tag='li', buttons=[text='Scolarité', url='/fr'] }
                              { tag='li', buttons=[text='Candidature / Inscription', url='/fr/public/sinscrire-luniversite'] }
                              { tag='li', buttons=[text='Calendriers pédagogiques', url='/fr/public/les-calendriers-universitaires'] }
                              { tag='li', buttons=[text='Études', url='/fr/public/etudes'] }
                              { tag='li', buttons=[text='Les diplômes', url='/fr/public/les-diplomes'] }
                              { tag='li', buttons=[text='Contacts des services de scolarité', url='/fr/public/contacts-des-services-de-scolarite'] }
                              { tag='li', buttons=[text='Mission handicap', url='/fr/public/mission-handicap-amu'] }
                              { tag='li', buttons=[text='Les aménagements', url='/fr/public/les-amenagements'] }
                              { tag='li', buttons=[text='Vos démarches', url='/fr/public/vos-demarches'] }
                              { tag='li', buttons=[text='Liens utiles & partenaires', url='/fr/public/liens-utiles'] }
                      { tag='li', buttons=[text='Recherche', url='/fr'] }
                              { tag='li', buttons=[text='Publication & Science Ouverte', url='/fr/public/publication-science-ouverte'] }
                              { tag='li', buttons=[text='Université de recherche intensive', url='/fr/public/une-universite-de-recherche-intensive'] }
                              { tag='li', buttons=[text='Innovation & Valorisation de la recherche', url='/fr/public/linnovation-et-la-valorisation-de-la-recherche-un-axe-de-developpement-prioritaire'] }
                              { tag='li', buttons=[text='Interdisciplinarité', url='/fr/public/mission-interdisciplinarite'] }
                              { tag='li', buttons=[text='Contrat d'établissement 2018/2022', url='/fr/public/contrat-detablissement-2018-2022'] }
                              { tag='li', buttons=[text='Projet HRS4R', url='/fr/public/hrs4r-0'] }
                              { tag='li', buttons=[text='EURAXESS - Chercheurs internationaux', url='https://euraxess.univ-amu.fr/fr'] }
                              { tag='li', buttons=[text='Guide de la Recherche', url='https://guide-recherche.univ-amu.fr/'] }
                              { tag='li', buttons=[text='Direction Recherche et Valorisation', url='/fr/public/direction-de-la-recherche-et-de-la-valorisation'] }
                              { tag='li', buttons=[text='Les structures de recherche', url='/fr/public/les-structures-de-recherche'] }
                              { tag='li', buttons=[text='Les instances de la recherche', url='/fr/public/instances-de-la-recherche'] }
                              { tag='li', buttons=[text='Éthique & Intégrité scientifique', url='/fr/public/ethique-et-integrite-scientifique'] }
                              { tag='li', buttons=[text='Ethique en expérimentation animale', url='/fr/public/modele-animal-aix-marseille-universite-signe-une-charte-de-transparence'] }
                              { tag='li', buttons=[text='Innovation, valorisation & plateformes', url='/fr/public/innovation-valorisation-plateformes'] }
                              { tag='li', buttons=[text='Culture et patrimoine scientifiques', url='/fr/public/culture-scientifique'] }
                              { tag='li', buttons=[text='Europe & International', url='/fr/public/europe-international'] }
                              { tag='li', buttons=[text='Habilitation à diriger des recherches', url='/fr/public/habilitation-diriger-des-recherches-hdr'] }
                              { tag='li', buttons=[text='Votre interlocuteur : la DRV', url='/fr/public/direction-de-la-recherche-et-de-la-valorisation-drv'] }
                              { tag='li', buttons=[text='Fondation universitaire Amidex', url='/fr/public/la-fondation-amidex'] }
                              { tag='li', buttons=[text='Appels à projets Amidex', url='/fr/public/appels-projets-en-cours-amidex'] }
                              { tag='li', buttons=[text='Dispositifs lauréats France 2030 - PIA', url='/fr/public/dispositifs-laureats-du-pia'] }
                              { tag='li', buttons=[text='Instituts d'établissement & EURs', url='/fr/public/instituts-detablissement-interdisciplinaires-amu'] }
                              { tag='li', buttons=[text='Institut d'études avancées - Iméra', url='https://imera.univ-amu.fr/'] }
                              { tag='li', buttons=[text='Le CERCle - Club des ERC', url='/fr/public/le-cercle-club-des-erc-du-site-daix-marseille'] }
                              { tag='li', buttons=[text='Internes AMU', url='/fr/intramu/appels-projets-internes-amu'] }
                              { tag='li', buttons=[text='Amidex', url='/fr/public/appels-projets-en-cours-amidex'] }
                              { tag='li', buttons=[text='Région', url='/fr/public/appels-projets-region'] }
                              { tag='li', buttons=[text='Nationaux', url='/fr/public/appels-projets-nationaux'] }
                              { tag='li', buttons=[text='Programme Horizon Europe', url='/fr/public/programme-horizon-europe'] }
                              { tag='li', buttons=[text='Europe (hors H2020) & International', url='/fr/public/europe-hors-h2020-international'] }
                              { tag='li', buttons=[text='Doctorants & Post doc.', url='/fr/public/financer-sa-these'] }
                              { tag='li', buttons=[text='Devenir Doctorant', url='/fr/public/devenir-doctorant'] }
                              { tag='li', buttons=[text='Être Doctorant', url='/fr/public/etre-doctorant'] }
                              { tag='li', buttons=[text='Suivi, diplômes et valorisation', url='/fr/public/doctorat'] }
                              { tag='li', buttons=[text='Poursuivre sa carrière', url='/fr/public/poursuivre-sa-carriere'] }
                              { tag='li', buttons=[text='Vie pratique & vie étudiante', url='/fr/public/vie-etudiante'] }
                              { tag='li', buttons=[text='Vos interlocuteurs', url='/fr/public/vos-interlocuteurs'] }
                      { tag='li', buttons=[text='Interdisciplinarité(s)', url='/fr'] }
                              { tag='li', buttons=[text='Actualités de l'interdisciplinarité(s)', url='https://www.univ-amu.fr/fr/public/actualites?field_evt_structure_target_id=106'] }
                              { tag='li', buttons=[text='Stratégie de la Mission', url='/fr/public/strategie-de-la-mission-interdisciplinarite'] }
                              { tag='li', buttons=[text='Organisation de la Mission', url='/fr/public/organisation-de-la-mission-interdisciplinarite'] }
                              { tag='li', buttons=[text='L'observatoire de l'interdisciplinarité(s)', url='/fr/public/lobservatoire-interdisciplinaire'] }
                              { tag='li', buttons=[text='Découvrir les projets', url='/fr/public/projets-en-incubation'] }
                              { tag='li', buttons=[text='Découvrir nos rencontres', url='/fr/public/tout-un-monde-en-mouvement'] }
                      { tag='li', buttons=[text='Entreprise', url='/fr'] }
                              { tag='li', buttons=[text='Devenir partenaire d'AMU', url='/fr/public/devenir-partenaire-damu'] }
                              { tag='li', buttons=[text='Espace fournisseur', url='/fr/public/espace-fournisseur'] }
                              { tag='li', buttons=[text='Nos partenaires', url='/fr/public/nos-partenaires'] }
                              { tag='li', buttons=[text='Créer ou s'associer à une chaire', url='/fr/public/creer-ou-sassocier-une-chaire'] }
                              { tag='li', buttons=[text='Innovation & valorisation', url='/fr/public/innovation-et-valorisation'] }
                              { tag='li', buttons=[text='Programmes européens, recherche et innovation', url='/fr/public/les-projets-collaboratifs-europeens-public-prive'] }
                              { tag='li', buttons=[text='Instituts d'établissement', url='/fr/public/instituts-detablissement-amu'] }
                              { tag='li', buttons=[text='Evolution professionnelle', url='/fr/public/evolution-professionnelle'] }
                              { tag='li', buttons=[text='Former vos collaborateurs', url='/fr/public/former-vos-collaborateurs'] }
                              { tag='li', buttons=[text='Devenir mécène', url='/fr/public/devenir-mecene'] }
                              { tag='li', buttons=[text='Taxe d'apprentissage', url='/fr/public/taxe-dapprentissage'] }
                              { tag='li', buttons=[text='Devenir membre', url='/fr/public/devenir-membre'] }
                              { tag='li', buttons=[text='Communauté & ressources', url='/fr/public/communaute-et-ressources-alumni'] }
                              { tag='li', buttons=[text='Portraits d'Alumni', url='/fr/public/portraits-dalumni'] }
                      { tag='li', buttons=[text='International', url='/fr'] }
                              { tag='li', buttons=[text='Direction des Relations Internationales', url='/fr/public/dri-direction-des-relations-internationales'] }
                              { tag='li', buttons=[text='Universités et réseaux partenaires', url='/fr/public/universites-et-reseaux-partenaires'] }
                              { tag='li', buttons=[text='Diplômes en Partenariat International', url='/fr/public/les-diplomes-en-partenariat-international-dpi'] }
                              { tag='li', buttons=[text='Programme Erasmus+', url='/fr/public/erasmus-un-programme-aux-multiples-opportunites'] }
                              { tag='li', buttons=[text='Téthys', url='/fr/public/le-reseau-tethys'] }
                              { tag='li', buttons=[text='U7+', url='/fr/public/amu-membre-de-lalliance-internationale-u7'] }
                              { tag='li', buttons=[text='L'Europe et l'international de la Recherche', url='/fr/public/europe-international'] }
                              { tag='li', buttons=[text='Bureau AMU à Bruxelles', url='/fr/public/presentation-du-bureau-de-bruxelles'] }
                              { tag='li', buttons=[text='Actualités', url='https://www.univ-amu.fr/fr/public/actualites?field_evt_structure_target_id=31'] }
                              { tag='li', buttons=[text='Contacts', url='/fr/public/relations-internationales-contacts'] }
                              { tag='li', buttons=[text='Offre de services de la DRI', url='/fr/public/montage-de-projets-loffre-de-service-amu'] }
                              { tag='li', buttons=[text='Projet Amidex', url='/fr/public/international-mediterranee'] }
                              { tag='li', buttons=[text='Instituts d'établissement & EURs', url='/fr/public/instituts-detablissement-interdisciplinaires-amu'] }
                              { tag='li', buttons=[text='Pavillon des projets', url='/fr/public/pavillon-des-projets'] }
                              { tag='li', buttons=[text='À propos de CIVIS', url='/fr/public/civis-une-universite-civique-europeenne'] }
                              { tag='li', buttons=[text='CIVIS & AMU', url='/fr/public/civis-amu'] }
                              { tag='li', buttons=[text='CIVIS & la société civile', url='/fr/public/les-open-labs-civis'] }
                              { tag='li', buttons=[text='CIVIS & la Recherche', url='/fr/public/civis-la-recherche'] }
                              { tag='li', buttons=[text='Actualités CIVIS', url='https://www.univ-amu.fr/fr/public/actualites?field_evt_structure_target_id=101'] }
                              { tag='li', buttons=[text='Site officiel de CIVIS', url='https://civis.eu/fr'] }
                              { tag='li', buttons=[text='Découvrir AMU', url='/fr/public/decouvrir-amu'] }
                              { tag='li', buttons=[text='Notre offre de formation', url='/fr/public/offre-de-formation'] }
                              { tag='li', buttons=[text='Trouver un logement', url='https://www.univ-amu.fr/fr/public/logement'] }
                              { tag='li', buttons=[text='Démarches', url='/fr/public/demarches'] }
                              { tag='li', buttons=[text='Dispositifs d'accueil', url='/fr/public/dispositifs-daccueil'] }
                              { tag='li', buttons=[text='Bourses dՎtudes', url='/fr/public/frais-et-les-aides-financieres'] }
                              { tag='li', buttons=[text='Chercheurs internationaux – EURAXESS', url='https://euraxess.univ-amu.fr/fr'] }
                              { tag='li', buttons=[text='Contacter la DRI', url='/fr/public/contacter-la-dri'] }
                              { tag='li', buttons=[text='Mobilité d'études au semestre', url='/fr/public/en-mobilites-detudes'] }
                              { tag='li', buttons=[text='Mobilité courte', url='/fr/public/mobilite-courte'] }
                              { tag='li', buttons=[text='Stage à l'étranger', url='/fr/public/stages-letranger'] }
                              { tag='li', buttons=[text='Double diplôme', url='/fr/public/les-diplomes-en-partenariat-international-dpi'] }
                              { tag='li', buttons=[text='Programme Erasmus+', url='/fr/public/programme-erasmus'] }
                              { tag='li', buttons=[text='Programme d'assistant FLE', url='/fr/public/assistanat-et-lectorat'] }
                              { tag='li', buttons=[text='Contacts de la DRI', url='/fr/public/contact-dri-mobilite'] }
                      { tag='li', buttons=[text='Vie des campus', url='/fr'] }
                              { tag='li', buttons=[text='Le Cube', url='/fr/public/le-cube'] }
                              { tag='li', buttons=[text='Hexagone', url='/fr/public/hexagone'] }
                              { tag='li', buttons=[text='La culture à l'université', url='/fr/public/culture'] }
                              { tag='li', buttons=[text='Les ensembles musicaux AMU', url='/fr/public/les-ensembles-amu'] }
                              { tag='li', buttons=[text='Université du Temps Libre', url='/fr/public/universite-du-temps-libre'] }
                              { tag='li', buttons=[text='Les arts par discipline', url='/fr/public/les-arts-par-discipline'] }
                              { tag='li', buttons=[text='Initiatives étudiantes & culture', url='/fr/public/culture-et-initiatives-etudiantes'] }
                              { tag='li', buttons=[text='Etudiant(e) Artiste à besoins particuliers', url='/fr/public/artistes-de-haut-niveau'] }
                              { tag='li', buttons=[text='Culture et patrimoine scientifiques', url='/fr/public/culture-scientifique'] }
                              { tag='li', buttons=[text='Bons plans culture', url='/fr/public/pacteamu'] }
                              { tag='li', buttons=[text='L'Agenda Culturel', url='https://www.univ-amu.fr/fr/public/actualites?field_evt_thematique_target_id=4'] }
                              { tag='li', buttons=[text='Bonus Sport', url='https://www.univ-amu.fr/fr/public/bonus-sport'] }
                              { tag='li', buttons=[text='Pack Sport', url='/fr/public/pack-sport'] }
                              { tag='li', buttons=[text='Sports de compétition', url='https://www.as-amu.fr/'] }
                              { tag='li', buttons=[text='Sportifs de haut-niveau', url='/fr/public/sportifs-de-haut-niveau'] }
                              { tag='li', buttons=[text='Liste des associations', url='/fr/public/associations-etudiantes'] }
                              { tag='li', buttons=[text='Création d'une association', url='/fr/public/aide-au-fonctionnement-et-la-creation-dune-association'] }
                              { tag='li', buttons=[text='Domiciliation', url='/fr/public/domiciliation-dune-association'] }
                              { tag='li', buttons=[text='Hébergement d'une association', url='/fr/public/hebergement-dune-association'] }
                              { tag='li', buttons=[text='Aide aux projets FSDIE', url='/fr/public/aide-aux-developpements-des-initiatives-etudiantes-fsdie'] }
                              { tag='li', buttons=[text='Organiser un événement', url='/fr/public/organiser-un-evenement-au-sein-de-luniversite'] }
                              { tag='li', buttons=[text='Amidex soutient la vie étudiante', url='/fr/public/soutien-la-vie-etudiante'] }
                              { tag='li', buttons=[text='Financements CVEC', url='/fr/public/la-cvec-amu'] }
                              { tag='li', buttons=[text='FSDIE projets', url='/fr/public/aide-aux-developpements-des-initiatives-etudiantes-fsdie'] }
                              { tag='li', buttons=[text='FSDIE Social', url='/fr/public/aide-sociale-fsdie'] }
                              { tag='li', buttons=[text='Jobs étudiants', url='/fr/public/emplois-etudiants'] }
                              { tag='li', buttons=[text='Logement', url='/fr/public/logements'] }
                              { tag='li', buttons=[text='Mes premiers pas à l’université', url='/fr/public/mes-premiers-pas-luniversite'] }
                              { tag='li', buttons=[text='Restauration', url='https://www.crous-aix-marseille.fr/restauration/'] }
                              { tag='li', buttons=[text='Santé', url='/fr/public/service-de-sante-universitaire'] }
                              { tag='li', buttons=[text='Services et outils numériques', url='/fr/public/services-et-outils-numeriques'] }
                              { tag='li', buttons=[text='Situation de handicap', url='/fr/public/situation-de-handicap'] }
                              { tag='li', buttons=[text='Transports', url='/fr/public/transports-et-deplacements'] }
                      { tag='li', buttons=[text='Culture', url='/fr'] }
                              { tag='li', buttons=[text='Direction Culture et Société', url='/fr/public/la-culture-luniversite'] }
                              { tag='li', buttons=[text='Commission culture et société', url='/fr/public/comission-culture-et-societe'] }
                              { tag='li', buttons=[text='DRV – cellule culture scientifique', url='/fr/public/culture-scientifique-1'] }
                              { tag='li', buttons=[text='Réseau des référents culture scientifique', url='/fr/public/reseau-des-referents-de-culture-scientifique-daix-marseille-universite'] }
                              { tag='li', buttons=[text='Université du temps libre', url='https://utl.univ-amu.fr/'] }
                              { tag='li', buttons=[text='Partenaires', url='/fr/public/partenaires-culturels'] }
                              { tag='li', buttons=[text='Actualités', url='https://www.univ-amu.fr/fr/public/actualites?field_evt_structure_target_id=100'] }
                              { tag='li', buttons=[text='Bons plans culture', url='/fr/public/bons-plans-culture'] }
                              { tag='li', buttons=[text='Evénements phares', url='/fr/public/evenements-0'] }
                              { tag='li', buttons=[text='Programmation 2023-2024', url='/fr/public/programmation-2022-2023'] }
                              { tag='li', buttons=[text='Etudiant(e) Artiste à besoins particuliers', url='/fr/public/artistes-de-haut-niveau'] }
                              { tag='li', buttons=[text='Bonus Culture', url='/fr/public/bonus-culture'] }
                              { tag='li', buttons=[text='Ensembles artistiques', url='/fr/public/les-ensembles-amu'] }
                              { tag='li', buttons=[text='Pratiquer', url='/fr/public/les-arts-par-discipline'] }
                              { tag='li', buttons=[text='Initiatives étudiantes', url='/fr/public/culture-et-initiatives-etudiantes'] }
                              { tag='li', buttons=[text='Théâtre Antoine Vitez', url='https://theatre-vitez.com/'] }
                              { tag='li', buttons=[text='Actions scolaires', url='/fr/public/actions-educatives-culture-scientifique'] }
                              { tag='li', buttons=[text='Boîte à projets', url='/fr/public/monter-un-projet-de-culture-scientifique'] }
                              { tag='li', buttons=[text='Formation à la médiation scientifique', url='/fr/public/formation-la-mediation-scientifique'] }
                              { tag='li', buttons=[text='Recherche science et société', url='/fr/public/recherche-scinces-et-societe'] }
                              { tag='li', buttons=[text='Science-o-thèque', url='https://scienceotheque.univ-amu.fr/'] }
                              { tag='li', buttons=[text='Découverte du patrimoine', url='/fr/public/decouverte-du-patrimoine-scientifique'] }
                              { tag='li', buttons=[text='Partenaires, réseaux et bases de données', url='/fr/public/partenaires-reseaux-et-base-de-donnees'] }
                              { tag='li', buttons=[text='Collections', url='/fr/public/collections'] }
                      { tag='li', buttons=[text='Bibliothèques', url='/fr'] }
                              { tag='li', buttons=[text='Toutes les bibliothèques', url='https://bu.univ-amu.fr/fr/bibliotheques-universitaires'] }
                              { tag='li', buttons=[text='Arts, lettres, langues, sciences humaines', url='https://bu.univ-amu.fr/fr/bibliotheques-universitaires?f%5B0%5D=discipline%3A204'] }
                              { tag='li', buttons=[text='Droit', url='https://bu.univ-amu.fr/fr/bibliotheques-universitaires?f%5B0%5D=discipline%3A205'] }
                              { tag='li', buttons=[text='Économie', url='https://bu.univ-amu.fr/fr/bibliotheques-universitaires?f%5B0%5D=discipline%3A206'] }
                              { tag='li', buttons=[text='Santé', url='https://bu.univ-amu.fr/fr/bibliotheques-universitaires?f%5B0%5D=discipline%3A208'] }
                              { tag='li', buttons=[text='Sciences', url='https://bu.univ-amu.fr/fr/bibliotheques-universitaires?f%5B0%5D=discipline%3A209'] }
                              { tag='li', buttons=[text='Autres bibliothèques du réseau AMU', url='https://bu.univ-amu.fr/fr/autres-bibliotheques-reseau-amu'] }
                              { tag='li', buttons=[text='Horaires des BU', url='https://bu.univ-amu.fr/fr/horaires-bu'] }
                              { tag='li', buttons=[text='Les BU sur les réseaux sociaux', url='https://bu.univ-amu.fr/fr/facebook'] }
                              { tag='li', buttons=[text='Faire une suggestion d'achat', url='https://catalogue.univ-amu.fr/cgi-bin/koha/opac-user.pl'] }
                              { tag='li', buttons=[text='Emprunter/réserver des documents', url='https://bu.univ-amu.fr/fr/vos-services/emprunter-reserver-documents'] }
                              { tag='li', buttons=[text='Emprunter du matériel audiovisuel', url='https://bu.univ-amu.fr/fr/vos-services/emprunter-materiel-audiovisuel'] }
                              { tag='li', buttons=[text='Prolonger mes prêts', url='https://catalogue.univ-amu.fr/cgi-bin/koha/opac-user.pl'] }
                              { tag='li', buttons=[text='Faire venir un document par le PEB', url='https://formulaires.univ-amu.fr/fr/public/pret-entre-bibliotheques-service-payant'] }
                              { tag='li', buttons=[text='Besoin d'aide ?', url='https://univ-amu.libanswers.com/'] }
                              { tag='li', buttons=[text='Se former avec les BU', url='https://bu.univ-amu.fr/fr/vos-services/se-former-bu'] }
                              { tag='li', buttons=[text='Formations sur inscription libre', url='https://univ-amu.libcal.com/calendar?cid=8704&t=g&d=0000-00-00&cal=8704&inc=0'] }
                              { tag='li', buttons=[text='Prendre rendez-vous avec un(e) bibliothécaire', url='https://formulaires.univ-amu.fr/fr/public/rendez-vous-bibliothecaire'] }
                              { tag='li', buttons=[text='Copier, imprimer, scanner', url='https://bu.univ-amu.fr/fr/vos-services/copier-imprimer-scanner'] }
                              { tag='li', buttons=[text='Réserver une salle de travail en groupe', url='https://univ-amu.libcal.com/'] }
                              { tag='li', buttons=[text='Déposer ma thèse', url='https://depot-theses.univ-amu.fr/guichet'] }
                              { tag='li', buttons=[text='Demander un quitus', url='https://bu.univ-amu.fr/fr/vos-services/demander-quitus'] }
                              { tag='li', buttons=[text='Getting started at the AMU librairies !', url='https://bu.univ-amu.libguides.com/gettingstarted'] }
                              { tag='li', buttons=[text='Outil de découverte', url='https://univ-amu.summon.serialssolutions.com/#!/'] }
                              { tag='li', buttons=[text='Ressources par disciplines & tutoriels', url='https://bu.univ-amu.libguides.com/?b=s'] }
                              { tag='li', buttons=[text='Catalogue des BU d'AMU', url='https://catalogue.univ-amu.fr/'] }
                              { tag='li', buttons=[text='Ressources électroniques de A à Z', url='https://bu.univ-amu.libguides.com/az.php'] }
                              { tag='li', buttons=[text='Revues', url='https://sh2hh6qx2e.search.serialssolutions.com/ejp/index.html?libHash=SH2HH6QX2E'] }
                              { tag='li', buttons=[text='Sujets d'examens', url='https://sujets-examens-bu.univ-amu.fr/'] }
                              { tag='li', buttons=[text='HAL AMU', url='https://hal-amu.archives-ouvertes.fr/'] }
                              { tag='li', buttons=[text='Bibliothèque patrimoniale Odyssée', url='https://odyssee.univ-amu.fr/'] }
                        { tag='div', class='form-actions js-form-wrapper form-wrapper', buttons=[text='Recherche', url='/'] }
                    { tag='div', class='block__header', buttons=[text='En direct', url=''] }
                                { tag='article', buttons=[text='Appel à contribuer au 1er Forum Afrique-Europe', url='/fr/public/actualites/appel-contribuer-au-1er-forum-afrique-europe'] }
                                { tag='article', buttons=[text='Amidex Campus Tour', url='/fr/public/actualites/amidex-campus-tour'] }
                                { tag='article', buttons=[text='Atelier Stand Up - 2 octobre', url='/fr/public/actualites/atelier-stand-2-octobre'] }
                                { tag='article', buttons=[text='FESTIVAL DE L'ENGAGEMENT 2025', url='/fr/public/actualites/festival-de-lengagement-2025'] }
                                { tag='article', buttons=[text='Campus d'Aix en fête - Rentrée des associations', url='/fr/public/actualites/campus-daix-en-fete-rentree-des-associations'] }
                                { tag='article', buttons=[text='Express’o CIPE - Comment utiliser « QCM Papier » avec AMeTICE pour évaluer en présentiel les acquis d'apprentissage ?', url='/fr/public/actualites/expresso-cipe-comment-utiliser-qcm-papier-avec-ametice-pour-evaluer-en-presentiel'] }
                                { tag='article', buttons=[text='Ciné-Philo | Galaxy Quest', url='/fr/public/actualites/cine-philo'] }
                    { tag='div', class='block__footer', buttons=[text='Voir toutes les actualités', url='/fr/public/actualites'] }
                                { tag='div', class='large-12 cell', buttons=[text='hg', url='/node/11232'] }
                                { tag='div', class='large-12 cell', buttons=[text='hg', url='https://www.univ-amu.fr/fr/public/actualites/amidex-campus-tour'] }
                                { tag='div', class='large-12 cell', buttons=[text='hg', url='https://festival-sciences-arts.univ-amu.fr/fr'] }
                                { tag='div', class='large-12 cell', buttons=[text='hg', url='/node/11222'] }
                                { tag='div', class='large-12 cell', buttons=[text='hg', url='/node/11227'] }
                                { tag='div', class='large-12 cell', buttons=[text='hg', url='https://www.univ-amu.fr/fr/public/actualites/lancement-du-diplome-universitaire-innovations-aix-marseille-universite'] }
                                { tag='div', class='large-12 cell', buttons=[text='hg', url='/node/6901'] }
                                { tag='div', class='large-12 cell', buttons=[text='hg', url='https://www.univ-amu.fr/fr/public/actualites/safe-place-science-aix-marseille-universite-prete-accueillir-les-scientifiques'] }
                                { tag='div', class='large-12 cell', buttons=[text='hg', url='https://indd.adobe.com/view/054b6c2e-9889-46ad-83f7-8a1912b894a2'] }
                                { tag='div', class='large-12 cell', buttons=[text='hg', url='https://www.univ-amu.fr/fr/public/actualites/les-instituts-interdisciplinaires-damu-devoilent-leurs-nouveaux-sites-web'] }
                                { tag='div', class='large-12 cell', buttons=[text='hg', url='https://infuse.univ-amu.fr'] }
                                { tag='div', class='large-12 cell', buttons=[text='hg', url='/node/10396'] }
                                { tag='div', class='large-12 cell', buttons=[text='hg', url='https://youtu.be/7-Hrtn-l2Qk'] }
                          { tag='div', class='card cell auto', buttons=[text='AgendaLes événements AMU', url='/fr/agenda'] }
                              { tag='div', class='section', buttons=[text='Agenda', url=''] }
                          { tag='div', class='card cell auto', buttons=[text='PresseCommuniqués, charte', url='/fr/public/presse'] }
                              { tag='div', class='section', buttons=[text='Presse', url=''] }
                          { tag='div', class='card cell auto', buttons=[text='RéseauxRéseaux sociaux', url='/fr/public/communaute-amu-reseaux-sociaux'] }
                              { tag='div', class='section', buttons=[text='Réseaux', url=''] }
                          { tag='div', class='card cell auto', buttons=[text='VidéoChaîne TéléAMU', url='/fr/public/teleamu'] }
                              { tag='div', class='section', buttons=[text='Vidéo', url=''] }
                          { tag='div', class='card cell auto', buttons=[text='GuideDocuments utiles', url='/fr/public/guide-et-fiches-thematiques'] }
                              { tag='div', class='section', buttons=[text='Guide', url=''] }
                    { tag='div', class='view-frontpage view-frontpage--page-1 js-view-dom-id-8794e5c706299cab60117c4ffd3bca35957e742f9655a1faa4b64dc612fd2ab3', buttons=[text='S'abonner à frontpage', url='https://www.univ-amu.fr/fr/rss.xml'] }
                              { tag='div', buttons=[text='Étudiantes & ÉtudiantsInscrits dans une université', url='/fr/public/etudiant'] }
                              { tag='div', buttons=[text='Doctorants & DoctorantesInscrits et futurs inscrits', url='/fr/public/doctorants'] }
                              { tag='div', buttons=[text='Futurs étudiants & étudiantesLycéens & lycéennes', url='/fr/public/futures-etudiantes'] }
                              { tag='div', buttons=[text='Enseignants-ChercheursChercheuses, chercheurs', url='/fr/public/enseignants-chercheurs'] }
                              { tag='div', buttons=[text='Salariés, demandeurs d'emploisFormation pro, bilan, VAE, VAP', url='/fr/public/salaries-independants-demandeurs-demploi-en-reconversion'] }
                              { tag='div', buttons=[text='Enseignants du secondaireet enseignants du primaire', url='/fr/public/enseignants-du-primaire-et-secondaire'] }
                              { tag='div', buttons=[text='AlumniAnciens étudiants & personnels AMU', url='/fr/public/anciens-etudiants-personnels'] }
                              { tag='div', buttons=[text='Entreprises et InstitutionsPartenaires & acteurs économiques', url='/fr/public/entreprises-et-institutions'] }
                              { tag='div', buttons=[text='PresseCommuniqués, logos, icônographie...', url='/fr/public/presse'] }
                              { tag='div', buttons=[text='PersonnelsAix-Marseille Université', url='/fr/intramu'] }
              { tag='nav', class='block-amu-www-footer system_menu_block:footer block', buttons=[text='Footer menu', url=''] }
                    { tag='li', buttons=[text='Espace Fournisseurs', url='/fr/public/espace-fournisseur'] }
                    { tag='li', buttons=[text='Mentions légales', url='/fr/public/mentions-legales'] }
                    { tag='li', buttons=[text='Traceurs et Cookies', url='/fr/public/traceurs-et-cookies'] }
                    { tag='li', buttons=[text='Données personnelles', url='/fr/public/donnees-personnelles-et-saisine-du-dpo'] }
                    { tag='li', buttons=[text='Recrutement', url='/fr/public/recrutement-offres-demploi'] }
                    { tag='li', buttons=[text='Accessibilité : non conforme', url='/fr/public/declaration-accessibilite'] }
              { tag='nav' }
                      { tag='li', buttons=[text='', url='https://www.facebook.com/aixmarseilleuniversite/'] }
                      { tag='li', buttons=[text='', url='https://www.instagram.com/univ_amu/'] }
                      { tag='li', buttons=[text='', url='https://www.linkedin.com/school/aix-marseille-universite/'] }
                      { tag='li', buttons=[text='', url='https://bsky.app/profile/univ-amu.fr'] }
                      { tag='li', buttons=[text='', url='https://www.youtube.com/channel/UCqAJ4nmwJdjEweR1cNYPbmA'] }
                      { tag='li', buttons=[text='', url='https://www.researchgate.net/institution/Aix-Marseille_Universite'] }
                      { tag='li', buttons=[text='', url='https://hal-amu.archives-ouvertes.fr/'] }
                      { tag='li', buttons=[text='', url='https://boutique.univ-amu.fr/'] }
                      { tag='li', buttons=[text='', url='https://tele-demandes.univ-amu.fr/'] }
